transaccion_id,fecha,cliente,producto,precio_unitario,cantidad,estado
10001,2026-02-05,Cliente_215,Silla Ergonómica,250.0,4,Cancelado
10002,2026-03-01,  Cliente_212  ,Laptop Pro 15,1200.0,-1,Completado
10003,2026-02-26,Cliente_315,Auriculares Noise-Canceling,150.0,4,Completado
10004,2026-03-13,Cliente_275,Laptop Pro 15,1200.0,0,Completado
10005,2026-06-04,Cliente_277,Laptop Pro 15,1200.0,-1,Completado
10006,2026-01-21,Cliente_294,Silla Ergonómica,250.0,-1,Cancelado
10007,2026-02-28,  Cliente_439  ,Teclado Mecánico,80.0,4,Completado
10008,2026-08-02,Cliente_426,Monitor 4K,350.0,2,Completado
10009,2026-06-15,Cliente_450,Teclado Mecánico,80.0,1,Completado
10010,2026-08-25,Cliente_239,Auriculares Noise-Canceling,150.0,0,Cancelado
10011,2026-02-28,Cliente_129,Monitor 4K,350.0,5,Completado
10012,2026-08-13,Cliente_391,Mouse Inalámbrico,30.0,0,Completado
10013,2026-02-05,Cliente_236,Silla Ergonómica,250.0,4,Cancelado
10014,2026-04-13,Cliente_399,Auriculares Noise-Canceling,150.0,3,Completado
10015,2026-02-09,  Cliente_157  ,Auriculares Noise-Canceling,150.0,5,Pendiente
10016,2026-05-16,Cliente_340,Auriculares Noise-Canceling,150.0,2,Cancelado
10017,2026-07-12,Cliente_375,Laptop Pro 15,1200.0,-1,Completado
10018,2026-07-04,Cliente_589,Laptop Pro 15,1200.0,0,Completado
10019,2026-06-10,Cliente_546,Auriculares Noise-Canceling,150.0,3,Cancelado
10020,2026-09-02,Cliente_377,Auriculares Noise-Canceling,150.0,1,Cancelado
10021,2026-04-03,  Cliente_576  ,Laptop Pro 15,1200.0,2,Completado
10022,2026-07-07,Cliente_144,Monitor 4K,350.0,3,Completado
10023,2026-05-21,Cliente_585,Auriculares Noise-Canceling,150.0,0,Cancelado
10024,2026-07-06,Cliente_487,Auriculares Noise-Canceling,150.0,0,Completado
10025,2026-05-13,Cliente_561,Mouse Inalámbrico,30.0,4,Completado
10026,2026-05-31,Cliente_218,Monitor 4K,350.0,-1,Completado
10027,2026-08-09,  Cliente_117  ,Silla Ergonómica,250.0,0,Cancelado
10028,2026-07-05,Cliente_168,Monitor 4K,350.0,2,Cancelado
10029,2026-02-18,Cliente_309,Auriculares Noise-Canceling,150.0,5,Pendiente
10030,2026-06-22,Cliente_128,Teclado Mecánico,80.0,2,Completado
10031,2026-03-05,Cliente_156,Laptop Pro 15,1200.0,1,Cancelado
10032,2026-08-12,Cliente_228,Mouse Inalámbrico,30.0,0,Pendiente
10033,2026-01-04,Cliente_529,Auriculares Noise-Canceling,150.0,4,Completado
10034,2026-08-20,Cliente_306,Monitor 4K,350.0,2,Pendiente
10035,2026-04-27,Cliente_502,Laptop Pro 15,1200.0,1,Cancelado
10036,2026-09-05,Cliente_212,Silla Ergonómica,250.0,0,Cancelado
10037,2026-05-09,  Cliente_345  ,Laptop Pro 15,1200.0,-1,Cancelado
10038,2026-01-18,  Cliente_196  ,Monitor 4K,350.0,3,Completado
10039,2026-01-11,Cliente_405,Mouse Inalámbrico,30.0,3,Pendiente
10040,2026-02-22,Cliente_234,Silla Ergonómica,250.0,3,Completado
10041,2026-04-28,Cliente_254,Monitor 4K,350.0,0,Completado
10042,2026-05-18,Cliente_138,Laptop Pro 15,1200.0,3,Completado
10043,2026-03-14,Cliente_290,Monitor 4K,350.0,-1,Cancelado
10044,2026-06-20,Cliente_105,Silla Ergonómica,250.0,5,Completado
10045,2026-01-28,Cliente_556,Silla Ergonómica,250.0,0,Completado
10046,2026-06-25,Cliente_205,Teclado Mecánico,80.0,0,Completado
10047,2026-04-19,  Cliente_425  ,Auriculares Noise-Canceling,150.0,5,Completado
10048,2026-02-11,Cliente_235,Laptop Pro 15,1200.0,0,Cancelado
10049,2026-08-15,Cliente_584,Silla Ergonómica,250.0,-1,Completado
10050,2026-04-21,Cliente_176,Auriculares Noise-Canceling,150.0,1,Completado
10051,2026-08-19,Cliente_121,Teclado Mecánico,80.0,5,Completado
10052,2026-04-15,Cliente_548,Silla Ergonómica,250.0,5,Completado
10053,16/04/2026,Cliente_552,Monitor 4K,350.0,5,Completado
10054,2026-03-10,Cliente_228,Mouse Inalámbrico,30.0,5,Completado
10055,2026-07-29,Cliente_203,Mouse Inalámbrico,30.0,5,Completado
10056,2026-06-18,Cliente_113,Teclado Mecánico,80.0,5,Completado
10057,2026-05-11,Cliente_429,Teclado Mecánico,80.0,5,Cancelado
10058,2026-02-15,Cliente_234,Teclado Mecánico,80.0,-1,Completado
10059,2026-03-22,Cliente_503,Laptop Pro 15,1200.0,2,Cancelado
10060,2026-07-01,Cliente_123,Laptop Pro 15,1200.0,3,Cancelado
10061,2026-04-04,Cliente_201,Auriculares Noise-Canceling,150.0,4,Completado
10062,2026-03-18,Cliente_561,Auriculares Noise-Canceling,150.0,5,Pendiente
10063,2026-04-18,Cliente_199,Teclado Mecánico,80.0,1,Pendiente
10064,2026-04-14,Cliente_255,Silla Ergonómica,250.0,0,Completado
10065,2026-06-17,Cliente_411,Teclado Mecánico,80.0,2,Pendiente
10066,2026-09-03,Cliente_562,Mouse Inalámbrico,30.0,3,Completado
10067,2026-03-27,Cliente_418,Silla Ergonómica,250.0,3,Completado
10068,2026-01-12,Cliente_113,Silla Ergonómica,250.0,5,Pendiente
10069,2026-06-11,Cliente_554,Auriculares Noise-Canceling,150.0,-1,Pendiente
10070,2026-08-17,Cliente_103,Mouse Inalámbrico,30.0,0,Completado
10071,2026-04-29,Cliente_366,Mouse Inalámbrico,30.0,5,Completado
10072,2026-05-24,Cliente_372,Laptop Pro 15,1200.0,5,Pendiente
10073,2026-05-21,Cliente_565,Auriculares Noise-Canceling,150.0,3,Completado
10074,2026-08-04,Cliente_227,Silla Ergonómica,250.0,2,Cancelado
10075,2026-03-15,Cliente_466,Mouse Inalámbrico,30.0,1,Completado
10076,2026-04-09,Cliente_219,Teclado Mecánico,80.0,-1,Completado
10077,2026-01-16,Cliente_313,Laptop Pro 15,1200.0,1,Pendiente
10078,2026-08-08,Cliente_111,Mouse Inalámbrico,30.0,3,Cancelado
10079,2026-08-07,Cliente_300,Mouse Inalámbrico,30.0,1,Pendiente
10080,2026-02-26,Cliente_560,Auriculares Noise-Canceling,150.0,3,Completado
10081,2026-07-24,Cliente_448,Mouse Inalámbrico,30.0,2,Completado
10082,2026-04-11,Cliente_565,Mouse Inalámbrico,30.0,3,Completado
10083,2026-01-13,Cliente_194,Laptop Pro 15,1200.0,0,Completado
10084,2026-03-13,Cliente_295,Monitor 4K,350.0,1,Pendiente
10085,2026-01-14,  Cliente_377  ,Teclado Mecánico,80.0,2,Completado
10086,13/07/2026,Cliente_121,Monitor 4K,350.0,5,Completado
10087,2026-05-02,Cliente_165,Monitor 4K,350.0,3,Cancelado
10088,2026-06-05,Cliente_186,Monitor 4K,350.0,1,Completado
10089,2026-03-21,Cliente_576,Monitor 4K,350.0,-1,Pendiente
10090,2026-08-01,  Cliente_454  ,Mouse Inalámbrico,30.0,0,Completado
10091,2026-01-31,Cliente_513,Silla Ergonómica,250.0,5,Cancelado
10092,2026-05-10,Cliente_136,Laptop Pro 15,1200.0,2,Completado
10093,2026-06-12,Cliente_286,Mouse Inalámbrico,30.0,-1,Pendiente
10094,2026-06-16,Cliente_595,Silla Ergonómica,250.0,0,Cancelado
10095,2026-03-24,Cliente_238,Mouse Inalámbrico,30.0,5,Completado
10096,2026-06-06,Cliente_392,Teclado Mecánico,80.0,0,Completado
10097,2026-04-01,Cliente_209,Laptop Pro 15,1200.0,1,Completado
10098,2026-01-03,Cliente_385,Teclado Mecánico,80.0,4,Completado
10099,2026-03-03,Cliente_489,Laptop Pro 15,1200.0,2,Pendiente
10100,2026-06-27,Cliente_308,Mouse Inalámbrico,30.0,-1,Cancelado
10101,2026-05-21,Cliente_482,Teclado Mecánico,80.0,3,Pendiente
10102,2026-03-22,Cliente_199,Teclado Mecánico,80.0,0,Cancelado
10103,2026-07-05,Cliente_242,Silla Ergonómica,250.0,0,Cancelado
10104,2026-02-28,Cliente_252,Auriculares Noise-Canceling,150.0,-1,Completado
10105,2026-01-14,Cliente_599,Laptop Pro 15,1200.0,0,Completado
10106,2026-05-27,Cliente_107,Silla Ergonómica,250.0,2,Pendiente
10107,2026-05-03,Cliente_542,Mouse Inalámbrico,30.0,-1,Completado
10108,2026-02-08,Cliente_128,Mouse Inalámbrico,30.0,3,Cancelado
10109,2026-04-17,Cliente_492,Teclado Mecánico,80.0,0,Cancelado
10110,2026-03-18,Cliente_327,Monitor 4K,350.0,2,Pendiente
10111,2026-01-26,Cliente_479,Teclado Mecánico,80.0,-1,Completado
10112,2026-02-14,  Cliente_223  ,Silla Ergonómica,250.0,4,Completado
10113,2026-01-09,Cliente_250,Laptop Pro 15,1200.0,4,Completado
10114,2026-03-09,Cliente_574,Silla Ergonómica,250.0,-1,Cancelado
10115,2026-02-27,Cliente_379,Silla Ergonómica,250.0,0,Completado
10116,2026-07-11,Cliente_405,Monitor 4K,350.0,0,Completado
10117,2026-08-30,Cliente_307,Mouse Inalámbrico,30.0,4,Cancelado
10118,2026-07-08,  Cliente_322  ,Mouse Inalámbrico,30.0,3,Completado
10119,2026-05-31,Cliente_395,Laptop Pro 15,1200.0,4,Completado
10120,2026-06-16,Cliente_366,Auriculares Noise-Canceling,150.0,5,Completado
10121,2026-09-06,Cliente_352,Monitor 4K,350.0,2,Completado
10122,2026-03-26,Cliente_183,Mouse Inalámbrico,30.0,4,Pendiente
10123,2026-01-10,Cliente_382,Teclado Mecánico,80.0,2,Completado
10124,2026-07-31,Cliente_364,Teclado Mecánico,80.0,5,Cancelado
10125,2026-07-13,Cliente_419,Mouse Inalámbrico,30.0,0,Pendiente
10126,2026-04-23,Cliente_248,Laptop Pro 15,1200.0,3,Pendiente
10127,2026-07-01,Cliente_223,Laptop Pro 15,,4,Cancelado
10128,2026-08-22,Cliente_531,Laptop Pro 15,1200.0,-1,Completado
10129,2026-05-11,Cliente_250,Silla Ergonómica,250.0,2,Pendiente
10130,2026-04-09,Cliente_175,Mouse Inalámbrico,30.0,0,Cancelado
10131,2026-07-17,Cliente_242,Auriculares Noise-Canceling,150.0,0,Pendiente
10132,2026-03-14,Cliente_102,Teclado Mecánico,80.0,3,Cancelado
10133,2026-05-18,Cliente_329,Auriculares Noise-Canceling,150.0,2,Completado
10134,2026-08-11,Cliente_265,Auriculares Noise-Canceling,150.0,2,Completado
10135,2026-03-23,Cliente_123,Auriculares Noise-Canceling,150.0,5,Pendiente
10136,2026-05-07,Cliente_178,Mouse Inalámbrico,30.0,5,Completado
10137,2026-08-05,Cliente_548,Auriculares Noise-Canceling,150.0,1,Cancelado
10138,2026-09-06,Cliente_436,Mouse Inalámbrico,,0,Pendiente
10139,2026-08-07,Cliente_142,Teclado Mecánico,80.0,4,Cancelado
10140,2026-05-05,Cliente_489,Mouse Inalámbrico,30.0,4,Completado
10141,2026-02-28,Cliente_248,Auriculares Noise-Canceling,150.0,4,Pendiente
10142,2026-02-12,Cliente_328,Laptop Pro 15,1200.0,4,Completado
10143,2026-04-21,Cliente_292,Laptop Pro 15,1200.0,-1,Cancelado
10144,2026-01-21,Cliente_190,Mouse Inalámbrico,30.0,5,Pendiente
10145,2026-03-01,Cliente_174,Auriculares Noise-Canceling,150.0,2,Completado
10146,2026-08-19,Cliente_339,Mouse Inalámbrico,30.0,-1,Cancelado
10147,2026-06-13,Cliente_254,Monitor 4K,350.0,1,Completado
10148,2026-05-04,Cliente_537,Mouse Inalámbrico,30.0,0,Pendiente
10149,2026-01-06,Cliente_252,Auriculares Noise-Canceling,150.0,1,Pendiente
10150,07/09/2026,Cliente_482,Teclado Mecánico,,5,Cancelado
10151,2026-06-05,Cliente_218,Silla Ergonómica,250.0,1,Completado
10152,2026-07-16,Cliente_470,Silla Ergonómica,250.0,1,Completado
10153,2026-07-21,Cliente_259,Silla Ergonómica,250.0,4,Cancelado
10154,2026-07-11,Cliente_268,Teclado Mecánico,80.0,-1,Completado
10155,2026-03-11,Cliente_568,Monitor 4K,350.0,1,Completado
10156,2026-07-25,Cliente_274,Mouse Inalámbrico,30.0,1,Completado
10157,2026-06-22,Cliente_471,Monitor 4K,350.0,0,Cancelado
10158,2026-02-01,  Cliente_375  ,Teclado Mecánico,80.0,2,Completado
10159,2026-06-22,Cliente_156,Auriculares Noise-Canceling,150.0,4,Completado
10160,2026-02-26,Cliente_413,Auriculares Noise-Canceling,150.0,3,Pendiente
10161,31/08/2026,Cliente_124,Silla Ergonómica,250.0,2,Pendiente
10162,2026-04-05,Cliente_333,Laptop Pro 15,1200.0,3,Cancelado
10163,2026-06-17,Cliente_313,Mouse Inalámbrico,30.0,4,Pendiente
10164,2026-02-25,  Cliente_290  ,Auriculares Noise-Canceling,150.0,1,Completado
10165,2026-09-08,Cliente_562,Teclado Mecánico,80.0,4,Completado
10166,2026-04-27,Cliente_522,Mouse Inalámbrico,30.0,-1,Completado
10167,2026-03-04,  Cliente_271  ,Silla Ergonómica,250.0,-1,Cancelado
10168,2026-02-25,Cliente_401,Monitor 4K,350.0,5,Completado
10169,2026-03-12,Cliente_102,Teclado Mecánico,80.0,5,Completado
10170,10/08/2026,Cliente_439,Monitor 4K,350.0,5,Completado
10171,2026-02-14,Cliente_109,Teclado Mecánico,80.0,0,Completado
10172,2026-04-25,Cliente_344,Silla Ergonómica,250.0,-1,Cancelado
10173,2026-01-12,Cliente_415,Auriculares Noise-Canceling,150.0,3,Cancelado
10174,2026-08-05,  Cliente_346  ,Teclado Mecánico,80.0,-1,Completado
10175,2026-03-24,  Cliente_142  ,Mouse Inalámbrico,30.0,2,Completado
10176,2026-03-25,Cliente_465,Monitor 4K,350.0,4,Cancelado
10177,2026-07-23,Cliente_151,Auriculares Noise-Canceling,150.0,3,Cancelado
10178,2026-04-16,Cliente_217,Silla Ergonómica,250.0,2,Pendiente
10179,2026-06-20,Cliente_261,Mouse Inalámbrico,30.0,-1,Completado
10180,2026-01-24,  Cliente_144  ,Silla Ergonómica,250.0,-1,Completado
10181,2026-03-26,Cliente_388,Monitor 4K,350.0,3,Pendiente
10182,2026-07-04,Cliente_569,Teclado Mecánico,80.0,5,Completado
10183,2026-02-09,Cliente_209,Auriculares Noise-Canceling,150.0,-1,Completado
10184,2026-03-13,Cliente_491,Laptop Pro 15,1200.0,3,Pendiente
10185,2026-06-14,Cliente_446,Auriculares Noise-Canceling,150.0,5,Cancelado
10186,2026-06-29,  Cliente_240  ,Silla Ergonómica,250.0,1,Completado
10187,2026-04-13,Cliente_437,Teclado Mecánico,,5,Completado
10188,2026-03-29,Cliente_333,Laptop Pro 15,1200.0,0,Completado
10189,2026-01-14,Cliente_553,Silla Ergonómica,250.0,3,Cancelado
10190,2026-05-05,Cliente_318,Laptop Pro 15,1200.0,1,Pendiente
10191,2026-01-29,Cliente_321,Teclado Mecánico,80.0,3,Cancelado
10192,2026-06-03,  Cliente_303  ,Mouse Inalámbrico,30.0,1,Completado
10193,2026-03-16,Cliente_231,Teclado Mecánico,80.0,5,Completado
10194,2026-06-30,Cliente_373,Mouse Inalámbrico,30.0,0,Cancelado
10195,2026-01-11,Cliente_480,Silla Ergonómica,250.0,-1,Pendiente
10196,2026-07-01,Cliente_308,Laptop Pro 15,1200.0,3,Completado
10197,2026-06-08,Cliente_586,Laptop Pro 15,1200.0,1,Completado
10198,2026-04-13,Cliente_402,Laptop Pro 15,1200.0,-1,Pendiente
10199,2026-01-20,Cliente_187,Teclado Mecánico,80.0,0,Completado
10200,2026-09-03,Cliente_473,Auriculares Noise-Canceling,150.0,5,Completado
10201,2026-02-09,Cliente_409,Monitor 4K,350.0,1,Completado
10202,2026-05-25,Cliente_487,Monitor 4K,350.0,4,Pendiente
10203,2026-03-24,Cliente_420,Silla Ergonómica,250.0,3,Completado
10204,2026-07-23,Cliente_256,Monitor 4K,350.0,2,Completado
10205,2026-01-15,Cliente_120,Teclado Mecánico,80.0,1,Completado
10206,2026-05-10,  Cliente_405  ,Laptop Pro 15,1200.0,5,Cancelado
10207,2026-08-21,Cliente_331,Auriculares Noise-Canceling,150.0,4,Completado
10208,2026-04-26,Cliente_132,Teclado Mecánico,80.0,3,Completado
10209,2026-07-01,Cliente_227,Silla Ergonómica,250.0,4,Pendiente
10210,2026-03-14,Cliente_570,Auriculares Noise-Canceling,150.0,0,Completado
10211,2026-01-17,Cliente_272,Silla Ergonómica,250.0,5,Cancelado
10212,2026-09-04,Cliente_437,Silla Ergonómica,250.0,1,Completado
10213,2026-03-21,Cliente_280,Teclado Mecánico,80.0,4,Pendiente
10214,2026-06-14,Cliente_293,Monitor 4K,350.0,-1,Completado
10215,2026-05-15,Cliente_568,Silla Ergonómica,250.0,4,Pendiente
10216,2026-02-24,Cliente_587,Auriculares Noise-Canceling,150.0,1,Pendiente
10217,2026-08-05,Cliente_252,Monitor 4K,350.0,0,Cancelado
10218,2026-08-13,  Cliente_273  ,Auriculares Noise-Canceling,150.0,3,Completado
10219,2026-07-17,Cliente_455,Auriculares Noise-Canceling,150.0,0,Completado
10220,2026-03-02,Cliente_469,Silla Ergonómica,250.0,2,Cancelado
10221,2026-03-03,Cliente_374,Teclado Mecánico,80.0,5,Pendiente
10222,2026-07-16,Cliente_337,Monitor 4K,350.0,3,Pendiente
10223,2026-06-04,Cliente_511,Auriculares Noise-Canceling,150.0,0,Completado
10224,2026-01-27,Cliente_579,Laptop Pro 15,1200.0,5,Cancelado
10225,2026-08-20,Cliente_331,Laptop Pro 15,1200.0,5,Pendiente
10226,2026-03-31,Cliente_553,Laptop Pro 15,1200.0,0,Pendiente
10227,2026-04-06,Cliente_142,Laptop Pro 15,1200.0,1,Completado
10228,05/02/2026,Cliente_175,Laptop Pro 15,1200.0,4,Pendiente
10229,07/06/2026,Cliente_330,Silla Ergonómica,250.0,5,Completado
10230,2026-07-06,Cliente_582,Laptop Pro 15,1200.0,5,Pendiente
10231,2026-03-03,Cliente_125,Laptop Pro 15,1200.0,0,Cancelado
10232,18/05/2026,Cliente_406,Mouse Inalámbrico,30.0,5,Cancelado
10233,2026-06-07,Cliente_101,Auriculares Noise-Canceling,150.0,0,Cancelado
10234,2026-01-18,  Cliente_285  ,Mouse Inalámbrico,30.0,4,Cancelado
10235,2026-08-12,Cliente_300,Auriculares Noise-Canceling,150.0,3,Pendiente
10236,2026-03-30,Cliente_135,Teclado Mecánico,80.0,-1,Completado
10237,2026-05-20,Cliente_281,Auriculares Noise-Canceling,150.0,1,Completado
10238,2026-07-27,Cliente_194,Silla Ergonómica,250.0,4,Pendiente
10239,2026-01-11,Cliente_554,Laptop Pro 15,1200.0,-1,Completado
10240,2026-01-10,Cliente_230,Auriculares Noise-Canceling,150.0,5,Completado
10241,2026-03-26,  Cliente_436  ,Teclado Mecánico,80.0,5,Completado
10242,2026-04-09,Cliente_590,Mouse Inalámbrico,30.0,4,Completado
10243,2026-03-10,Cliente_366,Mouse Inalámbrico,30.0,1,Pendiente
10244,2026-03-24,Cliente_251,Laptop Pro 15,1200.0,5,Completado
10245,2026-02-12,Cliente_319,Silla Ergonómica,250.0,2,Completado
10246,2026-04-22,Cliente_415,Mouse Inalámbrico,30.0,5,Completado
10247,2026-07-11,Cliente_511,Laptop Pro 15,1200.0,2,Completado
10248,2026-02-02,Cliente_118,Monitor 4K,350.0,4,Completado
10249,2026-06-23,  Cliente_179  ,Teclado Mecánico,80.0,3,Completado
10250,2026-04-04,Cliente_372,Teclado Mecánico,80.0,-1,Completado
10251,2026-05-13,Cliente_356,Monitor 4K,350.0,-1,Cancelado
10252,2026-06-06,Cliente_210,Laptop Pro 15,1200.0,1,Pendiente
10253,2026-08-19,  Cliente_189  ,Monitor 4K,350.0,5,Completado
10254,2026-01-17,Cliente_464,Silla Ergonómica,250.0,1,Completado
10255,2026-06-13,Cliente_459,Teclado Mecánico,80.0,4,Completado
10256,2026-07-22,Cliente_222,Auriculares Noise-Canceling,150.0,0,Completado
10257,2026-02-03,Cliente_383,Auriculares Noise-Canceling,150.0,2,Completado
10258,2026-04-16,Cliente_370,Laptop Pro 15,1200.0,4,Cancelado
10259,2026-04-30,Cliente_331,Laptop Pro 15,1200.0,1,Completado
10260,2026-02-16,Cliente_401,Monitor 4K,350.0,5,Completado
10261,2026-05-13,  Cliente_164  ,Mouse Inalámbrico,30.0,5,Completado
10262,2026-08-29,Cliente_586,Monitor 4K,350.0,4,Completado
10263,2026-02-02,Cliente_241,Laptop Pro 15,1200.0,4,Cancelado
10264,2026-05-29,Cliente_583,Auriculares Noise-Canceling,150.0,4,Cancelado
10265,2026-01-11,Cliente_389,Silla Ergonómica,250.0,1,Completado
10266,2026-06-16,Cliente_236,Laptop Pro 15,1200.0,4,Cancelado
10267,2026-05-20,Cliente_422,Mouse Inalámbrico,30.0,-1,Completado
10268,2026-04-27,Cliente_253,Mouse Inalámbrico,30.0,5,Completado
10269,2026-06-05,Cliente_275,Monitor 4K,350.0,2,Completado
10270,2026-07-14,Cliente_167,Silla Ergonómica,250.0,1,Cancelado
10271,2026-03-05,Cliente_331,Laptop Pro 15,1200.0,2,Completado
10272,2026-09-04,Cliente_228,Teclado Mecánico,80.0,5,Completado
10273,2026-02-10,Cliente_491,Teclado Mecánico,80.0,4,Cancelado
10274,2026-08-30,Cliente_147,Mouse Inalámbrico,30.0,1,Pendiente
10275,2026-05-07,  Cliente_245  ,Monitor 4K,350.0,1,Pendiente
10276,2026-08-14,Cliente_169,Teclado Mecánico,80.0,5,Completado
10277,2026-02-19,  Cliente_388  ,Mouse Inalámbrico,30.0,2,Completado
10278,2026-07-31,Cliente_244,Laptop Pro 15,1200.0,2,Cancelado
10279,2026-03-28,Cliente_507,Laptop Pro 15,1200.0,-1,Completado
10280,12/01/2026,Cliente_121,Monitor 4K,350.0,3,Completado
10281,2026-02-05,Cliente_364,Mouse Inalámbrico,30.0,0,Cancelado
10282,2026-06-01,Cliente_254,Teclado Mecánico,80.0,3,Cancelado
10283,2026-01-05,Cliente_518,Auriculares Noise-Canceling,150.0,3,Completado
10284,2026-06-26,Cliente_547,Mouse Inalámbrico,30.0,5,Cancelado
10285,2026-05-29,Cliente_498,Mouse Inalámbrico,30.0,4,Completado
10286,2026-07-18,Cliente_418,Auriculares Noise-Canceling,150.0,3,Completado
10287,18/02/2026,Cliente_157,Silla Ergonómica,250.0,3,Completado
10288,2026-07-18,Cliente_357,Mouse Inalámbrico,30.0,4,Pendiente
10289,2026-05-24,Cliente_207,Silla Ergonómica,250.0,4,Pendiente
10290,2026-03-29,Cliente_373,Auriculares Noise-Canceling,150.0,0,Completado
10291,2026-02-27,Cliente_253,Auriculares Noise-Canceling,150.0,0,Completado
10292,2026-05-03,Cliente_263,Teclado Mecánico,80.0,4,Completado
10293,2026-09-08,Cliente_559,Teclado Mecánico,80.0,4,Completado
10294,2026-03-30,Cliente_141,Monitor 4K,350.0,1,Completado
10295,2026-08-27,Cliente_239,Silla Ergonómica,250.0,0,Completado
10296,2026-01-13,Cliente_225,Monitor 4K,350.0,4,Cancelado
10297,2026-07-03,Cliente_270,Monitor 4K,350.0,-1,Completado
10298,2026-08-14,Cliente_579,Laptop Pro 15,1200.0,0,Pendiente
10299,2026-01-16,Cliente_431,Silla Ergonómica,250.0,1,Completado
10300,28/08/2026,Cliente_536,Silla Ergonómica,250.0,3,Completado
10301,2026-08-03,Cliente_119,Mouse Inalámbrico,30.0,0,Pendiente
10302,10/01/2026,Cliente_549,Monitor 4K,350.0,5,Cancelado
10303,2026-05-20,Cliente_429,Auriculares Noise-Canceling,150.0,1,Completado
10304,2026-02-11,Cliente_270,Auriculares Noise-Canceling,150.0,0,Completado
10305,2026-05-26,Cliente_252,Silla Ergonómica,250.0,4,Completado
10306,2026-04-20,Cliente_524,Monitor 4K,350.0,4,Completado
10307,2026-03-24,Cliente_345,Mouse Inalámbrico,30.0,0,Completado
10308,2026-03-26,Cliente_589,Teclado Mecánico,80.0,2,Cancelado
10309,2026-06-20,Cliente_132,Laptop Pro 15,1200.0,1,Completado
10310,2026-06-30,Cliente_555,Monitor 4K,350.0,3,Completado
10311,2026-02-26,Cliente_214,Silla Ergonómica,250.0,1,Pendiente
10312,2026-05-21,Cliente_460,Monitor 4K,350.0,3,Cancelado
10313,2026-06-02,Cliente_487,Silla Ergonómica,250.0,5,Completado
10314,2026-05-25,Cliente_570,Auriculares Noise-Canceling,150.0,4,Cancelado
10315,2026-08-07,Cliente_268,Auriculares Noise-Canceling,150.0,3,Completado
10316,2026-05-11,Cliente_561,Silla Ergonómica,250.0,3,Completado
10317,2026-05-24,Cliente_130,Mouse Inalámbrico,30.0,2,Completado
10318,2026-02-25,Cliente_482,Silla Ergonómica,,1,Completado
10319,2026-08-28,Cliente_131,Mouse Inalámbrico,30.0,-1,Pendiente
10320,2026-06-14,Cliente_493,Laptop Pro 15,1200.0,0,Pendiente
10321,2026-08-21,Cliente_570,Teclado Mecánico,80.0,2,Completado
10322,2026-08-09,Cliente_435,Silla Ergonómica,250.0,5,Completado
10323,02/08/2026,Cliente_215,Auriculares Noise-Canceling,150.0,0,Completado
10324,2026-04-08,Cliente_373,Teclado Mecánico,80.0,4,Completado
10325,2026-07-05,Cliente_549,Mouse Inalámbrico,30.0,1,Completado
10326,2026-01-05,Cliente_556,Silla Ergonómica,250.0,5,Completado
10327,12/08/2026,Cliente_461,Laptop Pro 15,1200.0,2,Completado
10328,2026-07-18,Cliente_543,Mouse Inalámbrico,30.0,3,Cancelado
10329,2026-06-03,Cliente_396,Teclado Mecánico,80.0,4,Completado
10330,2026-02-26,Cliente_367,Monitor 4K,350.0,0,Completado
10331,2026-02-14,Cliente_567,Laptop Pro 15,1200.0,3,Pendiente
10332,2026-04-08,Cliente_444,Auriculares Noise-Canceling,150.0,1,Completado
10333,2026-07-13,Cliente_195,Silla Ergonómica,250.0,0,Completado
10334,2026-08-23,Cliente_338,Monitor 4K,350.0,4,Pendiente
10335,2026-02-22,Cliente_231,Mouse Inalámbrico,30.0,0,Completado
10336,2026-02-18,Cliente_525,Mouse Inalámbrico,30.0,-1,Pendiente
10337,2026-07-25,Cliente_197,Silla Ergonómica,250.0,-1,Cancelado
10338,2026-09-02,Cliente_256,Monitor 4K,350.0,5,Completado
10339,2026-05-03,Cliente_487,Monitor 4K,350.0,-1,Cancelado
10340,2026-03-14,Cliente_498,Silla Ergonómica,250.0,0,Cancelado
10341,2026-05-08,Cliente_552,Silla Ergonómica,250.0,1,Pendiente
10342,2026-05-25,Cliente_124,Teclado Mecánico,80.0,1,Completado
10343,2026-03-17,Cliente_314,Laptop Pro 15,1200.0,3,Completado
10344,2026-06-17,Cliente_382,Monitor 4K,350.0,5,Completado
10345,2026-07-09,Cliente_429,Teclado Mecánico,80.0,2,Completado
10346,2026-05-06,Cliente_380,Silla Ergonómica,250.0,0,Cancelado
10347,2026-01-20,  Cliente_534  ,Silla Ergonómica,250.0,3,Completado
10348,2026-07-01,Cliente_135,Laptop Pro 15,1200.0,5,Completado
10349,2026-08-28,Cliente_442,Auriculares Noise-Canceling,150.0,-1,Pendiente
10350,04/01/2026,Cliente_311,Silla Ergonómica,250.0,-1,Completado
10351,2026-06-22,Cliente_458,Auriculares Noise-Canceling,150.0,-1,Completado
10352,2026-06-08,Cliente_199,Laptop Pro 15,1200.0,3,Completado
10353,2026-04-28,Cliente_308,Teclado Mecánico,80.0,-1,Completado
10354,2026-06-16,  Cliente_540  ,Teclado Mecánico,80.0,5,Completado
10355,2026-01-03,Cliente_427,Mouse Inalámbrico,30.0,3,Completado
10356,2026-09-08,Cliente_390,Mouse Inalámbrico,30.0,4,Completado
10357,2026-06-27,Cliente_545,Auriculares Noise-Canceling,150.0,0,Pendiente
10358,2026-08-19,Cliente_244,Teclado Mecánico,80.0,-1,Completado
10359,2026-05-31,  Cliente_207  ,Monitor 4K,350.0,1,Pendiente
10360,2026-08-06,Cliente_528,Laptop Pro 15,1200.0,3,Cancelado
10361,2026-07-05,Cliente_453,Teclado Mecánico,80.0,4,Completado
10362,2026-06-04,Cliente_275,Laptop Pro 15,1200.0,0,Cancelado
10363,2026-07-20,  Cliente_240  ,Mouse Inalámbrico,30.0,1,Pendiente
10364,2026-05-30,Cliente_449,Monitor 4K,350.0,2,Completado
10365,2026-03-10,Cliente_143,Auriculares Noise-Canceling,150.0,0,Completado
10366,2026-08-30,Cliente_103,Silla Ergonómica,250.0,1,Completado
10367,2026-05-23,Cliente_330,Teclado Mecánico,80.0,-1,Pendiente
10368,2026-06-03,Cliente_406,Laptop Pro 15,,1,Pendiente
10369,2026-08-19,Cliente_472,Laptop Pro 15,1200.0,2,Completado
10370,2026-03-10,Cliente_172,Auriculares Noise-Canceling,150.0,4,Pendiente
10371,2026-05-04,Cliente_254,Monitor 4K,350.0,2,Completado
10372,2026-06-07,Cliente_405,Teclado Mecánico,80.0,4,Completado
10373,2026-04-08,Cliente_418,Monitor 4K,350.0,2,Completado
10374,2026-09-07,Cliente_434,Mouse Inalámbrico,30.0,5,Completado
10375,2026-02-15,Cliente_261,Teclado Mecánico,80.0,4,Completado
10376,2026-07-20,Cliente_395,Teclado Mecánico,80.0,4,Pendiente
10377,2026-05-25,Cliente_578,Teclado Mecánico,80.0,2,Cancelado
10378,2026-04-29,  Cliente_473  ,Monitor 4K,350.0,3,Completado
10379,2026-08-06,Cliente_520,Mouse Inalámbrico,30.0,5,Pendiente
10380,2026-06-18,Cliente_230,Silla Ergonómica,250.0,4,Pendiente
10381,2026-05-17,Cliente_306,Mouse Inalámbrico,30.0,3,Pendiente
10382,2026-05-18,Cliente_516,Auriculares Noise-Canceling,150.0,1,Completado
10383,2026-06-15,Cliente_186,Laptop Pro 15,1200.0,4,Cancelado
10384,2026-09-05,Cliente_270,Silla Ergonómica,250.0,2,Completado
10385,2026-05-23,Cliente_366,Laptop Pro 15,1200.0,0,Cancelado
10386,2026-05-31,Cliente_448,Monitor 4K,350.0,2,Completado
10387,2026-08-24,Cliente_313,Teclado Mecánico,80.0,2,Completado
10388,2026-02-22,Cliente_502,Silla Ergonómica,250.0,1,Completado
10389,2026-01-18,Cliente_264,Mouse Inalámbrico,30.0,4,Completado
10390,2026-02-12,Cliente_510,Laptop Pro 15,1200.0,4,Completado
10391,2026-09-03,Cliente_319,Auriculares Noise-Canceling,150.0,0,Pendiente
10392,2026-01-08,Cliente_303,Silla Ergonómica,250.0,4,Completado
10393,2026-02-22,  Cliente_210  ,Mouse Inalámbrico,30.0,2,Completado
10394,2026-03-25,Cliente_288,Auriculares Noise-Canceling,150.0,5,Completado
10395,2026-03-22,Cliente_428,Teclado Mecánico,80.0,2,Cancelado
10396,2026-06-08,Cliente_335,Mouse Inalámbrico,30.0,1,Completado
10397,2026-03-03,Cliente_161,Auriculares Noise-Canceling,150.0,4,Completado
10398,2026-02-05,Cliente_406,Teclado Mecánico,80.0,3,Pendiente
10399,2026-08-27,Cliente_431,Monitor 4K,350.0,3,Cancelado
10400,2026-04-26,Cliente_532,Monitor 4K,350.0,0,Completado
10401,2026-05-24,Cliente_594,Laptop Pro 15,1200.0,0,Pendiente
10402,2026-05-06,Cliente_328,Mouse Inalámbrico,30.0,2,Cancelado
10403,2026-02-27,Cliente_241,Laptop Pro 15,1200.0,0,Completado
10404,2026-05-11,Cliente_382,Mouse Inalámbrico,30.0,5,Completado
10405,2026-07-30,Cliente_378,Teclado Mecánico,80.0,5,Pendiente
10406,2026-06-17,Cliente_525,Auriculares Noise-Canceling,150.0,2,Completado
10407,2026-04-23,Cliente_145,Laptop Pro 15,1200.0,1,Completado
10408,2026-08-09,Cliente_280,Monitor 4K,350.0,4,Pendiente
10409,2026-07-26,Cliente_206,Monitor 4K,350.0,5,Completado
10410,2026-03-16,Cliente_461,Auriculares Noise-Canceling,150.0,3,Completado
10411,2026-09-04,Cliente_170,Auriculares Noise-Canceling,150.0,4,Pendiente
10412,2026-08-10,Cliente_460,Laptop Pro 15,1200.0,5,Completado
10413,2026-04-11,Cliente_447,Silla Ergonómica,250.0,0,Cancelado
10414,2026-06-12,Cliente_139,Silla Ergonómica,250.0,2,Completado
10415,2026-04-05,Cliente_550,Mouse Inalámbrico,30.0,1,Pendiente
10416,2026-01-24,Cliente_476,Teclado Mecánico,80.0,5,Pendiente
10417,2026-05-17,Cliente_508,Silla Ergonómica,250.0,1,Pendiente
10418,2026-05-21,Cliente_273,Monitor 4K,350.0,1,Cancelado
10419,2026-01-26,Cliente_124,Mouse Inalámbrico,30.0,4,Pendiente
10420,2026-01-01,Cliente_334,Laptop Pro 15,1200.0,5,Pendiente
10421,2026-02-10,Cliente_255,Monitor 4K,350.0,0,Completado
10422,2026-08-20,  Cliente_441  ,Laptop Pro 15,1200.0,1,Completado
10423,2026-04-20,Cliente_220,Mouse Inalámbrico,30.0,4,Completado
10424,2026-05-13,Cliente_216,Laptop Pro 15,1200.0,-1,Completado
10425,2026-04-19,Cliente_541,Laptop Pro 15,1200.0,5,Pendiente
10426,2026-01-27,Cliente_153,Laptop Pro 15,1200.0,-1,Completado
10427,2026-06-14,Cliente_169,Monitor 4K,350.0,5,Completado
10428,2026-04-23,Cliente_185,Laptop Pro 15,1200.0,-1,Completado
10429,2026-08-09,Cliente_327,Silla Ergonómica,250.0,2,Completado
10430,2026-09-04,Cliente_280,Monitor 4K,350.0,3,Completado
10431,2026-06-03,Cliente_408,Monitor 4K,350.0,-1,Completado
10432,2026-02-22,Cliente_255,Silla Ergonómica,,5,Cancelado
10433,2026-08-18,Cliente_502,Monitor 4K,350.0,1,Completado
10434,2026-01-19,Cliente_405,Mouse Inalámbrico,30.0,0,Completado
10435,2026-05-26,Cliente_530,Teclado Mecánico,80.0,0,Cancelado
10436,19/01/2026,Cliente_495,Silla Ergonómica,250.0,2,Completado
10437,2026-07-22,Cliente_586,Laptop Pro 15,1200.0,-1,Completado
10438,2026-04-13,Cliente_460,Silla Ergonómica,250.0,5,Cancelado
10439,2026-05-11,  Cliente_141  ,Auriculares Noise-Canceling,150.0,1,Completado
10440,2026-06-16,Cliente_528,Auriculares Noise-Canceling,150.0,3,Completado
10441,2026-01-15,Cliente_223,Teclado Mecánico,80.0,4,Pendiente
10442,2026-07-09,  Cliente_442  ,Laptop Pro 15,1200.0,3,Completado
10443,2026-05-08,Cliente_184,Laptop Pro 15,,0,Cancelado
10444,2026-02-02,Cliente_291,Auriculares Noise-Canceling,150.0,4,Completado
10445,2026-07-26,Cliente_272,Silla Ergonómica,250.0,5,Cancelado
10446,2026-04-27,Cliente_355,Laptop Pro 15,1200.0,3,Completado
10447,2026-07-17,Cliente_231,Mouse Inalámbrico,30.0,0,Cancelado
10448,2026-01-12,Cliente_102,Silla Ergonómica,250.0,0,Completado
10449,2026-02-15,Cliente_177,Monitor 4K,350.0,1,Completado
10450,2026-02-27,Cliente_315,Auriculares Noise-Canceling,150.0,4,Pendiente
10451,2026-01-31,  Cliente_291  ,Silla Ergonómica,250.0,5,Completado
10452,2026-04-13,Cliente_589,Monitor 4K,350.0,3,Pendiente
10453,27/04/2026,Cliente_384,Teclado Mecánico,80.0,1,Completado
10454,2026-04-29,Cliente_225,Teclado Mecánico,80.0,1,Pendiente
10455,08/02/2026,Cliente_226,Monitor 4K,350.0,3,Pendiente
10456,13/08/2026,Cliente_456,Laptop Pro 15,1200.0,1,Completado
10457,2026-03-20,Cliente_473,Laptop Pro 15,1200.0,2,Cancelado
10458,2026-07-02,Cliente_173,Monitor 4K,350.0,-1,Completado
10459,2026-04-06,Cliente_559,Monitor 4K,350.0,3,Completado
10460,2026-01-20,Cliente_302,Auriculares Noise-Canceling,150.0,0,Completado
10461,2026-08-06,Cliente_234,Mouse Inalámbrico,30.0,0,Pendiente
10462,2026-03-01,Cliente_240,Silla Ergonómica,250.0,1,Completado
10463,2026-02-12,Cliente_155,Monitor 4K,350.0,3,Completado
10464,2026-04-26,Cliente_207,Mouse Inalámbrico,30.0,1,Completado
10465,2026-06-30,Cliente_524,Laptop Pro 15,1200.0,5,Completado
10466,2026-03-05,Cliente_465,Monitor 4K,350.0,1,Pendiente
10467,2026-01-08,Cliente_190,Auriculares Noise-Canceling,150.0,1,Pendiente
10468,2026-07-25,  Cliente_153  ,Auriculares Noise-Canceling,150.0,0,Completado
10469,2026-02-20,Cliente_167,Laptop Pro 15,1200.0,5,Completado
10470,2026-03-08,  Cliente_401  ,Silla Ergonómica,250.0,4,Completado
10471,2026-07-27,Cliente_328,Laptop Pro 15,1200.0,0,Completado
10472,2026-05-27,  Cliente_574  ,Laptop Pro 15,1200.0,2,Pendiente
10473,2026-02-24,Cliente_282,Mouse Inalámbrico,,4,Completado
10474,2026-06-07,  Cliente_418  ,Teclado Mecánico,80.0,0,Completado
10475,2026-03-13,Cliente_145,Mouse Inalámbrico,30.0,3,Pendiente
10476,2026-07-25,Cliente_423,Monitor 4K,350.0,5,Completado
10477,2026-05-05,Cliente_501,Mouse Inalámbrico,30.0,1,Cancelado
10478,2026-06-02,Cliente_264,Auriculares Noise-Canceling,150.0,1,Completado
10479,2026-05-30,Cliente_493,Laptop Pro 15,1200.0,2,Completado
10480,2026-07-22,Cliente_518,Laptop Pro 15,1200.0,0,Completado
10481,2026-08-03,Cliente_579,Monitor 4K,350.0,5,Completado
10482,2026-04-02,Cliente_458,Monitor 4K,350.0,1,Completado
10483,2026-08-31,Cliente_389,Silla Ergonómica,250.0,3,Pendiente
10484,2026-03-01,  Cliente_129  ,Auriculares Noise-Canceling,150.0,2,Completado
10485,2026-07-26,Cliente_204,Auriculares Noise-Canceling,150.0,1,Completado
10486,2026-02-06,Cliente_570,Teclado Mecánico,80.0,0,Cancelado
10487,2026-04-12,Cliente_440,Teclado Mecánico,80.0,1,Completado
10488,2026-07-22,Cliente_324,Teclado Mecánico,80.0,0,Pendiente
10489,2026-08-16,Cliente_456,Silla Ergonómica,250.0,4,Completado
10490,2026-07-07,Cliente_258,Monitor 4K,350.0,5,Completado
10491,2026-08-06,Cliente_301,Monitor 4K,350.0,4,Cancelado
10492,2026-06-06,Cliente_596,Laptop Pro 15,1200.0,1,Cancelado
10493,2026-03-02,Cliente_140,Laptop Pro 15,1200.0,0,Completado
10494,2026-06-13,Cliente_444,Monitor 4K,350.0,-1,Completado
10495,2026-03-31,Cliente_135,Mouse Inalámbrico,,0,Completado
10496,2026-09-06,Cliente_315,Silla Ergonómica,,2,Pendiente
10497,2026-08-01,Cliente_152,Mouse Inalámbrico,30.0,1,Cancelado
10498,2026-07-24,Cliente_138,Silla Ergonómica,250.0,0,Completado
10499,2026-08-16,  Cliente_188  ,Laptop Pro 15,1200.0,-1,Completado
10500,2026-08-17,Cliente_415,Auriculares Noise-Canceling,150.0,-1,Completado
10501,2026-02-10,Cliente_323,Mouse Inalámbrico,30.0,0,Completado
10502,2026-08-25,Cliente_470,Monitor 4K,350.0,2,Completado
10503,2026-05-27,  Cliente_302  ,Silla Ergonómica,250.0,0,Pendiente
10504,2026-07-30,Cliente_251,Monitor 4K,350.0,-1,Cancelado
10505,2026-03-16,Cliente_427,Mouse Inalámbrico,30.0,-1,Pendiente
10506,2026-06-19,Cliente_559,Laptop Pro 15,1200.0,2,Cancelado
10507,2026-01-12,Cliente_329,Mouse Inalámbrico,30.0,2,Pendiente
10508,2026-07-12,Cliente_178,Teclado Mecánico,80.0,1,Completado
10509,2026-07-13,Cliente_598,Laptop Pro 15,1200.0,5,Cancelado
10510,2026-05-18,Cliente_595,Laptop Pro 15,1200.0,5,Pendiente
10511,2026-08-20,Cliente_303,Auriculares Noise-Canceling,150.0,2,Completado
10512,2026-06-08,Cliente_447,Auriculares Noise-Canceling,150.0,3,Pendiente
10513,2026-02-19,Cliente_514,Monitor 4K,350.0,0,Pendiente
10514,2026-06-10,Cliente_522,Laptop Pro 15,1200.0,2,Cancelado
10515,2026-01-23,Cliente_135,Teclado Mecánico,80.0,4,Pendiente
10516,12/08/2026,Cliente_570,Auriculares Noise-Canceling,150.0,1,Cancelado
10517,2026-02-07,Cliente_177,Auriculares Noise-Canceling,150.0,2,Cancelado
10518,2026-03-15,Cliente_503,Laptop Pro 15,1200.0,3,Completado
10519,02/05/2026,Cliente_412,Mouse Inalámbrico,30.0,4,Completado
10520,2026-01-10,Cliente_306,Mouse Inalámbrico,30.0,3,Completado
10521,2026-08-18,Cliente_238,Silla Ergonómica,250.0,4,Completado
10522,2026-06-25,Cliente_457,Teclado Mecánico,80.0,5,Completado
10523,2026-03-24,Cliente_523,Monitor 4K,350.0,4,Pendiente
10524,2026-07-30,Cliente_568,Auriculares Noise-Canceling,150.0,0,Pendiente
10525,2026-02-10,  Cliente_506  ,Auriculares Noise-Canceling,150.0,5,Cancelado
10526,2026-01-08,Cliente_392,Mouse Inalámbrico,30.0,5,Completado
10527,2026-06-30,  Cliente_285  ,Laptop Pro 15,1200.0,2,Completado
10528,2026-01-08,Cliente_449,Mouse Inalámbrico,30.0,4,Pendiente
10529,2026-03-31,Cliente_383,Auriculares Noise-Canceling,150.0,5,Completado
10530,2026-01-13,Cliente_298,Silla Ergonómica,250.0,-1,Cancelado
10531,2026-03-10,Cliente_206,Monitor 4K,350.0,4,Cancelado
10532,2026-08-22,Cliente_343,Laptop Pro 15,1200.0,5,Completado
10533,2026-08-30,Cliente_513,Auriculares Noise-Canceling,150.0,0,Completado
10534,2026-02-25,Cliente_230,Mouse Inalámbrico,30.0,5,Cancelado
10535,2026-09-05,  Cliente_440  ,Auriculares Noise-Canceling,150.0,-1,Completado
10536,2026-01-28,Cliente_451,Auriculares Noise-Canceling,150.0,3,Completado
10537,2026-07-02,Cliente_436,Teclado Mecánico,80.0,5,Completado
10538,2026-07-26,Cliente_130,Monitor 4K,350.0,5,Cancelado
10539,2026-06-17,Cliente_114,Mouse Inalámbrico,30.0,4,Completado
10540,2026-05-30,Cliente_119,Teclado Mecánico,80.0,2,Cancelado
10541,2026-06-13,Cliente_374,Monitor 4K,350.0,4,Completado
10542,2026-05-23,Cliente_549,Auriculares Noise-Canceling,150.0,0,Completado
10543,2026-07-15,Cliente_387,Mouse Inalámbrico,30.0,1,Completado
10544,2026-03-20,Cliente_547,Silla Ergonómica,250.0,1,Completado
10545,2026-05-01,Cliente_161,Teclado Mecánico,80.0,1,Cancelado
10546,2026-05-09,Cliente_200,Auriculares Noise-Canceling,150.0,-1,Pendiente
10547,2026-02-05,Cliente_178,Auriculares Noise-Canceling,150.0,-1,Completado
10548,2026-07-03,Cliente_542,Mouse Inalámbrico,30.0,2,Completado
10549,2026-01-02,Cliente_130,Mouse Inalámbrico,30.0,0,Completado
10550,2026-07-19,Cliente_491,Monitor 4K,350.0,0,Cancelado
10551,09/04/2026,Cliente_345,Mouse Inalámbrico,30.0,2,Cancelado
10552,2026-08-02,Cliente_488,Monitor 4K,350.0,-1,Completado
10553,2026-08-13,Cliente_456,Silla Ergonómica,,4,Completado
10554,30/07/2026,Cliente_134,Laptop Pro 15,1200.0,3,Completado
10555,2026-08-16,Cliente_323,Mouse Inalámbrico,30.0,3,Completado
10556,2026-02-12,Cliente_197,Teclado Mecánico,80.0,2,Pendiente
10557,07/07/2026,Cliente_209,Laptop Pro 15,1200.0,4,Cancelado
10558,2026-04-07,Cliente_120,Monitor 4K,350.0,4,Completado
10559,2026-01-28,Cliente_439,Auriculares Noise-Canceling,150.0,3,Completado
10560,2026-05-21,Cliente_164,Laptop Pro 15,1200.0,2,Completado
10561,2026-06-19,  Cliente_316  ,Monitor 4K,350.0,4,Cancelado
10562,2026-08-19,Cliente_526,Teclado Mecánico,80.0,4,Cancelado
10563,2026-06-05,Cliente_202,Laptop Pro 15,1200.0,5,Completado
10564,11/02/2026,Cliente_252,Auriculares Noise-Canceling,150.0,1,Pendiente
10565,2026-01-04,Cliente_102,Monitor 4K,350.0,2,Completado
10566,2026-05-11,Cliente_500,Auriculares Noise-Canceling,150.0,0,Completado
10567,2026-03-09,Cliente_252,Teclado Mecánico,80.0,2,Completado
10568,2026-06-23,Cliente_511,Monitor 4K,350.0,5,Completado
10569,2026-06-19,  Cliente_171  ,Laptop Pro 15,1200.0,-1,Completado
10570,2026-01-24,Cliente_476,Teclado Mecánico,80.0,3,Completado
10571,2026-08-02,Cliente_240,Monitor 4K,350.0,2,Pendiente
10572,2026-06-28,Cliente_168,Mouse Inalámbrico,30.0,5,Completado
10573,2026-06-23,Cliente_392,Laptop Pro 15,1200.0,3,Cancelado
10574,2026-08-14,  Cliente_451  ,Mouse Inalámbrico,30.0,3,Completado
10575,2026-01-12,Cliente_326,Mouse Inalámbrico,30.0,-1,Completado
10576,2026-05-28,Cliente_481,Laptop Pro 15,1200.0,4,Completado
10577,2026-06-08,Cliente_459,Silla Ergonómica,250.0,3,Completado
10578,2026-08-03,Cliente_177,Mouse Inalámbrico,30.0,4,Cancelado
10579,2026-08-07,Cliente_341,Laptop Pro 15,,0,Completado
10580,2026-03-13,Cliente_597,Laptop Pro 15,1200.0,1,Completado
10581,2026-04-28,Cliente_141,Auriculares Noise-Canceling,150.0,2,Cancelado
10582,2026-05-08,Cliente_161,Mouse Inalámbrico,30.0,2,Completado
10583,2026-07-31,Cliente_101,Laptop Pro 15,1200.0,-1,Cancelado
10584,2026-06-21,Cliente_436,Auriculares Noise-Canceling,150.0,3,Completado
10585,2026-03-26,Cliente_333,Teclado Mecánico,80.0,5,Cancelado
10586,2026-01-30,Cliente_332,Auriculares Noise-Canceling,150.0,4,Completado
10587,2026-03-16,Cliente_510,Laptop Pro 15,1200.0,5,Completado
10588,2026-07-03,Cliente_521,Silla Ergonómica,250.0,0,Pendiente
10589,2026-08-07,Cliente_577,Laptop Pro 15,1200.0,0,Pendiente
10590,2026-08-26,Cliente_124,Monitor 4K,350.0,-1,Cancelado
10591,2026-09-02,Cliente_402,Laptop Pro 15,1200.0,2,Pendiente
10592,2026-08-03,Cliente_322,Laptop Pro 15,1200.0,-1,Cancelado
10593,2026-01-27,Cliente_166,Monitor 4K,350.0,0,Cancelado
10594,2026-09-08,Cliente_315,Auriculares Noise-Canceling,150.0,3,Completado
10595,2026-07-26,Cliente_332,Teclado Mecánico,80.0,1,Pendiente
10596,2026-06-29,Cliente_532,Auriculares Noise-Canceling,150.0,4,Completado
10597,2026-02-23,Cliente_203,Silla Ergonómica,250.0,3,Completado
10598,2026-06-16,Cliente_464,Silla Ergonómica,250.0,4,Completado
10599,2026-07-14,Cliente_160,Auriculares Noise-Canceling,150.0,4,Pendiente
10600,2026-07-11,Cliente_446,Auriculares Noise-Canceling,150.0,4,Cancelado
10601,28/01/2026,Cliente_368,Teclado Mecánico,80.0,2,Completado
10602,2026-02-11,Cliente_503,Laptop Pro 15,1200.0,0,Completado
10603,2026-07-12,Cliente_205,Monitor 4K,350.0,4,Completado
10604,2026-08-10,Cliente_388,Mouse Inalámbrico,30.0,5,Cancelado
10605,2026-03-15,Cliente_457,Mouse Inalámbrico,30.0,5,Completado
10606,2026-09-05,Cliente_261,Mouse Inalámbrico,30.0,5,Completado
10607,2026-08-11,Cliente_541,Silla Ergonómica,250.0,3,Completado
10608,2026-05-20,Cliente_402,Silla Ergonómica,250.0,4,Completado
10609,2026-01-20,Cliente_450,Silla Ergonómica,250.0,1,Completado
10610,2026-05-23,  Cliente_243  ,Silla Ergonómica,250.0,2,Completado
10611,2026-08-28,Cliente_464,Auriculares Noise-Canceling,150.0,-1,Completado
10612,2026-08-04,Cliente_416,Teclado Mecánico,80.0,5,Pendiente
10613,2026-05-15,Cliente_263,Auriculares Noise-Canceling,150.0,-1,Completado
10614,2026-05-18,Cliente_379,Auriculares Noise-Canceling,150.0,3,Completado
10615,2026-03-17,Cliente_285,Monitor 4K,350.0,4,Cancelado
10616,2026-01-03,Cliente_433,Auriculares Noise-Canceling,150.0,3,Completado
10617,2026-03-04,Cliente_419,Mouse Inalámbrico,30.0,4,Completado
10618,2026-07-05,Cliente_377,Mouse Inalámbrico,30.0,-1,Cancelado
10619,2026-03-17,Cliente_123,Teclado Mecánico,80.0,3,Completado
10620,2026-07-17,Cliente_590,Teclado Mecánico,80.0,-1,Completado
10621,2026-08-10,Cliente_210,Silla Ergonómica,250.0,4,Completado
10622,2026-07-18,Cliente_480,Monitor 4K,350.0,4,Completado
10623,2026-01-10,Cliente_270,Silla Ergonómica,250.0,-1,Completado
10624,2026-02-28,  Cliente_521  ,Monitor 4K,350.0,3,Pendiente
10625,2026-04-10,Cliente_109,Mouse Inalámbrico,30.0,2,Cancelado
10626,30/05/2026,  Cliente_482  ,Laptop Pro 15,1200.0,3,Completado
10627,2026-03-19,Cliente_452,Teclado Mecánico,80.0,-1,Completado
10628,2026-02-10,Cliente_343,Mouse Inalámbrico,30.0,5,Completado
10629,2026-09-03,Cliente_252,Silla Ergonómica,250.0,5,Completado
10630,2026-04-06,Cliente_432,Silla Ergonómica,250.0,5,Completado
10631,2026-05-27,Cliente_103,Auriculares Noise-Canceling,150.0,0,Cancelado
10632,2026-08-20,Cliente_480,Auriculares Noise-Canceling,150.0,1,Completado
10633,2026-02-17,Cliente_183,Mouse Inalámbrico,30.0,5,Completado
10634,2026-01-14,Cliente_537,Monitor 4K,350.0,4,Cancelado
10635,2026-03-06,Cliente_135,Mouse Inalámbrico,30.0,-1,Cancelado
10636,2026-03-02,Cliente_436,Mouse Inalámbrico,30.0,1,Cancelado
10637,2026-06-07,Cliente_269,Laptop Pro 15,1200.0,1,Cancelado
10638,2026-04-20,Cliente_591,Monitor 4K,350.0,1,Completado
10639,2026-03-12,Cliente_324,Monitor 4K,350.0,4,Completado
10640,2026-07-18,Cliente_284,Silla Ergonómica,250.0,2,Cancelado
10641,2026-08-08,  Cliente_244  ,Laptop Pro 15,1200.0,3,Cancelado
10642,17/08/2026,  Cliente_139  ,Monitor 4K,350.0,4,Cancelado
10643,2026-06-01,Cliente_494,Silla Ergonómica,250.0,3,Completado
10644,2026-02-08,Cliente_497,Auriculares Noise-Canceling,150.0,3,Completado
10645,2026-05-11,Cliente_357,Auriculares Noise-Canceling,150.0,1,Completado
10646,2026-06-07,Cliente_513,Auriculares Noise-Canceling,,0,Cancelado
10647,2026-06-18,Cliente_390,Monitor 4K,350.0,0,Completado
10648,2026-05-05,  Cliente_490  ,Silla Ergonómica,250.0,1,Completado
10649,2026-07-22,Cliente_565,Teclado Mecánico,80.0,4,Pendiente
10650,2026-01-27,Cliente_266,Mouse Inalámbrico,30.0,-1,Cancelado
10651,2026-05-20,Cliente_397,Silla Ergonómica,250.0,5,Pendiente
10652,2026-01-20,Cliente_528,Silla Ergonómica,250.0,3,Pendiente
10653,2026-05-05,Cliente_277,Monitor 4K,350.0,1,Cancelado
10654,2026-01-20,Cliente_218,Laptop Pro 15,1200.0,0,Completado
10655,2026-07-29,Cliente_468,Monitor 4K,350.0,0,Completado
10656,2026-05-03,Cliente_446,Mouse Inalámbrico,30.0,4,Cancelado
10657,2026-02-02,  Cliente_123  ,Monitor 4K,350.0,2,Completado
10658,2026-01-15,Cliente_176,Monitor 4K,350.0,-1,Completado
10659,2026-01-05,Cliente_427,Auriculares Noise-Canceling,150.0,3,Completado
10660,2026-05-04,Cliente_545,Laptop Pro 15,1200.0,3,Pendiente
10661,2026-06-09,Cliente_194,Auriculares Noise-Canceling,150.0,3,Completado
10662,2026-06-01,Cliente_406,Monitor 4K,350.0,1,Pendiente
10663,2026-08-21,Cliente_541,Mouse Inalámbrico,30.0,-1,Pendiente
10664,03/06/2026,Cliente_415,Monitor 4K,350.0,0,Cancelado
10665,2026-08-19,Cliente_167,Auriculares Noise-Canceling,150.0,-1,Completado
10666,2026-01-12,Cliente_548,Silla Ergonómica,250.0,3,Pendiente
10667,2026-03-31,Cliente_296,Monitor 4K,350.0,2,Cancelado
10668,2026-08-21,Cliente_220,Laptop Pro 15,1200.0,1,Completado
10669,2026-07-01,Cliente_103,Auriculares Noise-Canceling,150.0,2,Completado
10670,2026-02-22,  Cliente_436  ,Auriculares Noise-Canceling,150.0,3,Completado
10671,2026-03-06,Cliente_400,Mouse Inalámbrico,30.0,0,Cancelado
10672,2026-04-12,Cliente_449,Mouse Inalámbrico,30.0,3,Pendiente
10673,2026-05-23,Cliente_387,Auriculares Noise-Canceling,150.0,2,Completado
10674,2026-08-07,Cliente_171,Auriculares Noise-Canceling,150.0,4,Completado
10675,2026-01-26,Cliente_183,Silla Ergonómica,250.0,5,Pendiente
10676,2026-01-14,Cliente_462,Teclado Mecánico,80.0,3,Completado
10677,2026-01-23,Cliente_323,Laptop Pro 15,1200.0,2,Completado
10678,2026-04-13,Cliente_577,Teclado Mecánico,80.0,-1,Cancelado
10679,2026-07-29,  Cliente_497  ,Teclado Mecánico,80.0,3,Pendiente
10680,2026-05-13,Cliente_512,Mouse Inalámbrico,,5,Completado
10681,22/06/2026,Cliente_187,Auriculares Noise-Canceling,150.0,4,Completado
10682,2026-07-19,  Cliente_242  ,Silla Ergonómica,,0,Pendiente
10683,2026-01-18,  Cliente_461  ,Mouse Inalámbrico,30.0,3,Cancelado
10684,2026-03-30,Cliente_279,Teclado Mecánico,80.0,3,Completado
10685,28/05/2026,Cliente_307,Monitor 4K,350.0,0,Completado
10686,2026-03-29,  Cliente_251  ,Mouse Inalámbrico,30.0,3,Cancelado
10687,2026-06-27,Cliente_229,Teclado Mecánico,80.0,5,Pendiente
10688,2026-07-18,Cliente_593,Auriculares Noise-Canceling,150.0,0,Pendiente
10689,2026-04-08,Cliente_135,Auriculares Noise-Canceling,150.0,2,Completado
10690,2026-04-01,Cliente_590,Silla Ergonómica,250.0,5,Completado
10691,2026-06-22,Cliente_305,Silla Ergonómica,250.0,0,Completado
10692,2026-02-25,Cliente_282,Laptop Pro 15,1200.0,0,Completado
10693,2026-05-08,Cliente_198,Monitor 4K,350.0,4,Completado
10694,2026-08-02,Cliente_204,Silla Ergonómica,250.0,1,Cancelado
10695,2026-06-23,Cliente_141,Teclado Mecánico,80.0,-1,Pendiente
10696,2026-08-06,Cliente_122,Auriculares Noise-Canceling,,5,Cancelado
10697,2026-02-16,Cliente_352,Teclado Mecánico,80.0,3,Cancelado
10698,2026-05-15,Cliente_128,Teclado Mecánico,80.0,5,Pendiente
10699,2026-07-18,Cliente_452,Auriculares Noise-Canceling,150.0,1,Completado
10700,2026-06-22,Cliente_107,Silla Ergonómica,250.0,1,Cancelado
10701,2026-05-21,Cliente_196,Laptop Pro 15,1200.0,3,Completado
10702,2026-04-19,Cliente_356,Mouse Inalámbrico,30.0,1,Completado
10703,2026-02-03,Cliente_393,Teclado Mecánico,80.0,1,Completado
10704,2026-08-08,Cliente_322,Laptop Pro 15,1200.0,5,Completado
10705,2026-05-08,  Cliente_316  ,Silla Ergonómica,250.0,5,Cancelado
10706,2026-05-24,Cliente_229,Auriculares Noise-Canceling,150.0,5,Completado
10707,2026-03-07,  Cliente_517  ,Mouse Inalámbrico,30.0,0,Completado
10708,2026-05-23,Cliente_387,Mouse Inalámbrico,30.0,1,Completado
10709,2026-09-04,Cliente_448,Teclado Mecánico,,-1,Cancelado
10710,2026-03-14,Cliente_500,Auriculares Noise-Canceling,150.0,3,Cancelado
10711,2026-06-07,Cliente_296,Mouse Inalámbrico,30.0,2,Completado
10712,2026-05-27,Cliente_414,Monitor 4K,350.0,1,Completado
10713,2026-03-16,Cliente_435,Laptop Pro 15,1200.0,0,Cancelado
10714,2026-04-03,Cliente_581,Silla Ergonómica,250.0,2,Cancelado
10715,2026-07-06,Cliente_165,Mouse Inalámbrico,30.0,0,Completado
10716,2026-01-27,Cliente_304,Silla Ergonómica,250.0,-1,Pendiente
10717,2026-01-22,Cliente_492,Auriculares Noise-Canceling,150.0,5,Cancelado
10718,2026-07-08,Cliente_227,Monitor 4K,350.0,2,Completado
10719,2026-04-02,  Cliente_440  ,Monitor 4K,350.0,0,Completado
10720,2026-05-21,Cliente_240,Mouse Inalámbrico,30.0,5,Cancelado
10721,2026-08-13,Cliente_426,Monitor 4K,350.0,2,Cancelado
10722,2026-05-19,Cliente_347,Silla Ergonómica,250.0,1,Completado
10723,03/01/2026,Cliente_256,Mouse Inalámbrico,30.0,2,Completado
10724,2026-05-06,  Cliente_573  ,Teclado Mecánico,80.0,3,Pendiente
10725,2026-03-01,Cliente_406,Teclado Mecánico,,2,Cancelado
10726,2026-02-11,Cliente_228,Teclado Mecánico,80.0,3,Pendiente
10727,2026-05-13,Cliente_223,Mouse Inalámbrico,30.0,-1,Cancelado
10728,2026-07-27,Cliente_373,Silla Ergonómica,250.0,1,Completado
10729,2026-06-08,Cliente_334,Laptop Pro 15,1200.0,1,Cancelado
10730,17/05/2026,Cliente_597,Mouse Inalámbrico,30.0,-1,Completado
10731,2026-03-01,Cliente_105,Teclado Mecánico,80.0,4,Completado
10732,2026-05-08,Cliente_510,Mouse Inalámbrico,30.0,2,Pendiente
10733,2026-09-01,  Cliente_485  ,Silla Ergonómica,250.0,1,Completado
10734,2026-08-04,Cliente_559,Mouse Inalámbrico,30.0,2,Pendiente
10735,2026-07-17,Cliente_298,Laptop Pro 15,1200.0,5,Completado
10736,2026-01-25,Cliente_495,Silla Ergonómica,250.0,0,Completado
10737,2026-06-11,Cliente_182,Mouse Inalámbrico,30.0,1,Cancelado
10738,2026-04-03,Cliente_202,Auriculares Noise-Canceling,150.0,2,Completado
10739,2026-07-23,Cliente_186,Laptop Pro 15,1200.0,2,Completado
10740,2026-07-20,Cliente_398,Mouse Inalámbrico,30.0,-1,Cancelado
10741,2026-01-24,Cliente_356,Monitor 4K,350.0,-1,Completado
10742,2026-05-18,Cliente_460,Silla Ergonómica,250.0,1,Completado
10743,2026-03-30,Cliente_488,Mouse Inalámbrico,30.0,3,Pendiente
10744,2026-02-04,Cliente_471,Silla Ergonómica,250.0,4,Completado
10745,2026-05-06,Cliente_457,Mouse Inalámbrico,30.0,3,Completado
10746,2026-08-01,Cliente_545,Auriculares Noise-Canceling,150.0,4,Cancelado
10747,2026-03-09,Cliente_520,Monitor 4K,350.0,0,Pendiente
10748,15/08/2026,Cliente_195,Laptop Pro 15,1200.0,3,Completado
10749,2026-05-18,  Cliente_596  ,Auriculares Noise-Canceling,150.0,4,Completado
10750,2026-03-14,Cliente_414,Auriculares Noise-Canceling,150.0,5,Completado
10751,2026-08-29,  Cliente_528  ,Laptop Pro 15,1200.0,4,Completado
10752,2026-06-14,  Cliente_393  ,Monitor 4K,350.0,0,Pendiente
10753,2026-02-26,Cliente_288,Auriculares Noise-Canceling,150.0,3,Completado
10754,2026-08-16,Cliente_576,Laptop Pro 15,1200.0,0,Pendiente
10755,2026-04-17,Cliente_556,Silla Ergonómica,250.0,3,Completado
10756,2026-03-19,Cliente_528,Auriculares Noise-Canceling,150.0,-1,Completado
10757,2026-02-18,Cliente_298,Auriculares Noise-Canceling,150.0,4,Completado
10758,2026-04-17,Cliente_386,Auriculares Noise-Canceling,150.0,0,Cancelado
10759,2026-01-27,Cliente_553,Teclado Mecánico,80.0,4,Completado
10760,2026-06-03,Cliente_374,Auriculares Noise-Canceling,150.0,1,Completado
10761,2026-07-15,Cliente_312,Teclado Mecánico,80.0,1,Completado
10762,2026-05-21,Cliente_493,Auriculares Noise-Canceling,150.0,3,Completado
10763,05/07/2026,Cliente_101,Teclado Mecánico,80.0,2,Completado
10764,2026-01-02,Cliente_255,Auriculares Noise-Canceling,,0,Completado
10765,2026-06-26,Cliente_583,Monitor 4K,350.0,-1,Cancelado
10766,2026-04-28,Cliente_120,Auriculares Noise-Canceling,150.0,3,Completado
10767,2026-07-27,Cliente_232,Teclado Mecánico,80.0,3,Cancelado
10768,2026-03-25,Cliente_471,Mouse Inalámbrico,30.0,0,Completado
10769,2026-08-21,Cliente_520,Mouse Inalámbrico,30.0,4,Completado
10770,2026-01-15,Cliente_500,Laptop Pro 15,1200.0,3,Completado
10771,2026-01-31,Cliente_545,Teclado Mecánico,80.0,2,Completado
10772,2026-07-19,Cliente_425,Silla Ergonómica,250.0,3,Completado
10773,2026-03-25,Cliente_177,Teclado Mecánico,80.0,1,Completado
10774,2026-04-25,Cliente_598,Monitor 4K,350.0,4,Cancelado
10775,2026-02-07,Cliente_302,Auriculares Noise-Canceling,150.0,2,Completado
10776,2026-01-22,Cliente_235,Mouse Inalámbrico,30.0,-1,Pendiente
10777,2026-05-05,Cliente_202,Silla Ergonómica,250.0,0,Cancelado
10778,2026-01-19,Cliente_225,Monitor 4K,350.0,4,Pendiente
10779,2026-04-16,  Cliente_444  ,Teclado Mecánico,80.0,3,Completado
10780,2026-03-20,Cliente_495,Monitor 4K,350.0,3,Completado
10781,23/04/2026,Cliente_175,Auriculares Noise-Canceling,150.0,5,Completado
10782,2026-01-22,Cliente_537,Monitor 4K,350.0,0,Completado
10783,15/03/2026,Cliente_520,Monitor 4K,350.0,0,Completado
10784,2026-05-18,Cliente_479,Teclado Mecánico,80.0,-1,Cancelado
10785,2026-02-06,Cliente_474,Auriculares Noise-Canceling,150.0,3,Completado
10786,2026-02-13,Cliente_231,Mouse Inalámbrico,30.0,4,Completado
10787,2026-01-03,Cliente_584,Silla Ergonómica,250.0,-1,Completado
10788,2026-01-05,Cliente_156,Silla Ergonómica,250.0,4,Pendiente
10789,2026-08-20,Cliente_151,Monitor 4K,350.0,3,Cancelado
10790,2026-05-24,Cliente_335,Auriculares Noise-Canceling,150.0,0,Completado
10791,2026-04-11,Cliente_351,Laptop Pro 15,1200.0,3,Completado
10792,2026-09-08,Cliente_221,Teclado Mecánico,80.0,1,Completado
10793,2026-01-08,Cliente_518,Laptop Pro 15,1200.0,2,Completado
10794,2026-07-06,Cliente_145,Monitor 4K,350.0,2,Cancelado
10795,2026-04-20,Cliente_179,Silla Ergonómica,250.0,2,Cancelado
10796,2026-05-29,Cliente_171,Teclado Mecánico,80.0,0,Completado
10797,2026-02-04,Cliente_566,Monitor 4K,350.0,4,Completado
10798,2026-05-17,Cliente_386,Silla Ergonómica,250.0,0,Completado
10799,2026-03-23,Cliente_492,Monitor 4K,350.0,0,Pendiente
10800,2026-06-13,Cliente_558,Mouse Inalámbrico,30.0,4,Completado
10801,2026-07-15,Cliente_114,Monitor 4K,350.0,-1,Cancelado
10802,2026-03-01,Cliente_219,Teclado Mecánico,80.0,3,Completado
10803,2026-06-04,Cliente_534,Laptop Pro 15,1200.0,2,Completado
10804,2026-02-19,Cliente_184,Monitor 4K,350.0,2,Pendiente
10805,2026-02-21,Cliente_444,Laptop Pro 15,1200.0,2,Completado
10806,2026-06-26,Cliente_351,Monitor 4K,350.0,2,Pendiente
10807,2026-07-31,  Cliente_477  ,Monitor 4K,350.0,5,Completado
10808,2026-05-15,Cliente_375,Mouse Inalámbrico,30.0,4,Completado
10809,2026-08-13,Cliente_122,Auriculares Noise-Canceling,150.0,2,Cancelado
10810,2026-05-13,  Cliente_299  ,Auriculares Noise-Canceling,150.0,4,Completado
10811,2026-07-31,Cliente_497,Monitor 4K,350.0,2,Completado
10812,2026-02-06,Cliente_563,Mouse Inalámbrico,30.0,-1,Pendiente
10813,2026-08-29,Cliente_400,Laptop Pro 15,1200.0,-1,Cancelado
10814,2026-04-27,Cliente_192,Monitor 4K,350.0,1,Completado
10815,2026-07-02,Cliente_565,Mouse Inalámbrico,30.0,1,Completado
10816,2026-05-15,Cliente_144,Laptop Pro 15,1200.0,2,Cancelado
10817,2026-07-16,Cliente_123,Auriculares Noise-Canceling,150.0,2,Completado
10818,2026-02-07,Cliente_545,Auriculares Noise-Canceling,150.0,5,Completado
10819,2026-03-15,Cliente_329,Mouse Inalámbrico,30.0,4,Completado
10820,2026-01-04,Cliente_230,Monitor 4K,350.0,-1,Pendiente
10821,2026-02-25,Cliente_222,Auriculares Noise-Canceling,150.0,3,Pendiente
10822,2026-03-04,Cliente_104,Mouse Inalámbrico,30.0,-1,Completado
10823,2026-02-17,Cliente_126,Auriculares Noise-Canceling,150.0,5,Completado
10824,2026-06-04,Cliente_530,Laptop Pro 15,1200.0,-1,Completado
10825,2026-06-06,Cliente_246,Laptop Pro 15,1200.0,0,Cancelado
10826,2026-05-29,Cliente_484,Auriculares Noise-Canceling,150.0,0,Completado
10827,2026-07-29,Cliente_295,Laptop Pro 15,1200.0,1,Pendiente
10828,2026-08-09,Cliente_456,Auriculares Noise-Canceling,150.0,2,Cancelado
10829,2026-01-28,Cliente_130,Mouse Inalámbrico,30.0,4,Cancelado
10830,2026-06-30,Cliente_504,Laptop Pro 15,1200.0,4,Cancelado
10831,2026-08-26,Cliente_282,Teclado Mecánico,80.0,3,Cancelado
10832,2026-02-16,Cliente_514,Mouse Inalámbrico,30.0,4,Completado
10833,2026-04-30,  Cliente_113  ,Silla Ergonómica,250.0,0,Completado
10834,16/04/2026,Cliente_313,Silla Ergonómica,250.0,5,Completado
10835,2026-06-26,  Cliente_204  ,Auriculares Noise-Canceling,150.0,0,Completado
10836,2026-01-30,Cliente_104,Teclado Mecánico,80.0,3,Completado
10837,2026-02-14,Cliente_527,Mouse Inalámbrico,30.0,3,Completado
10838,2026-02-04,Cliente_431,Silla Ergonómica,250.0,2,Pendiente
10839,2026-08-26,Cliente_312,Auriculares Noise-Canceling,150.0,2,Cancelado
10840,2026-01-05,Cliente_375,Teclado Mecánico,80.0,4,Completado
10841,2026-03-28,Cliente_116,Teclado Mecánico,80.0,0,Cancelado
10842,2026-08-10,Cliente_160,Monitor 4K,350.0,2,Completado
10843,2026-01-23,  Cliente_312  ,Silla Ergonómica,250.0,4,Completado
10844,2026-02-14,Cliente_255,Teclado Mecánico,80.0,1,Completado
10845,2026-05-04,Cliente_510,Monitor 4K,350.0,2,Completado
10846,2026-03-21,Cliente_369,Monitor 4K,350.0,2,Completado
10847,2026-02-22,Cliente_168,Laptop Pro 15,1200.0,3,Pendiente
10848,27/08/2026,Cliente_260,Mouse Inalámbrico,30.0,3,Cancelado
10849,2026-06-18,Cliente_493,Laptop Pro 15,1200.0,-1,Completado
10850,2026-02-21,Cliente_265,Auriculares Noise-Canceling,150.0,4,Completado
10851,2026-02-08,Cliente_240,Auriculares Noise-Canceling,150.0,2,Completado
10852,2026-05-19,Cliente_206,Laptop Pro 15,1200.0,3,Completado
10853,2026-03-04,Cliente_394,Teclado Mecánico,80.0,4,Completado
10854,2026-01-08,Cliente_167,Auriculares Noise-Canceling,150.0,3,Completado
10855,2026-06-30,Cliente_192,Laptop Pro 15,1200.0,-1,Cancelado
10856,2026-03-21,Cliente_283,Silla Ergonómica,250.0,4,Completado
10857,2026-08-25,Cliente_599,Silla Ergonómica,250.0,5,Pendiente
10858,2026-04-30,Cliente_458,Auriculares Noise-Canceling,150.0,5,Completado
10859,2026-08-31,Cliente_219,Silla Ergonómica,250.0,5,Cancelado
10860,2026-06-20,Cliente_570,Teclado Mecánico,80.0,2,Completado
10861,2026-05-03,Cliente_280,Mouse Inalámbrico,30.0,-1,Completado
10862,2026-01-27,Cliente_361,Teclado Mecánico,80.0,3,Completado
10863,2026-04-29,Cliente_373,Teclado Mecánico,80.0,-1,Pendiente
10864,2026-04-09,Cliente_347,Monitor 4K,350.0,3,Completado
10865,2026-07-21,Cliente_391,Silla Ergonómica,250.0,5,Completado
10866,2026-05-27,Cliente_465,Monitor 4K,350.0,-1,Completado
10867,2026-04-24,Cliente_521,Auriculares Noise-Canceling,150.0,1,Pendiente
10868,2026-07-29,Cliente_495,Laptop Pro 15,1200.0,4,Pendiente
10869,2026-08-16,Cliente_172,Silla Ergonómica,250.0,-1,Completado
10870,2026-06-07,Cliente_300,Monitor 4K,350.0,2,Completado
10871,2026-08-22,Cliente_507,Monitor 4K,350.0,1,Pendiente
10872,2026-01-03,Cliente_399,Silla Ergonómica,250.0,1,Cancelado
10873,2026-08-19,Cliente_290,Mouse Inalámbrico,30.0,5,Completado
10874,2026-08-09,Cliente_157,Laptop Pro 15,1200.0,5,Completado
10875,2026-07-02,Cliente_263,Monitor 4K,350.0,3,Pendiente
10876,2026-02-18,Cliente_172,Mouse Inalámbrico,30.0,4,Completado
10877,2026-01-03,Cliente_169,Mouse Inalámbrico,30.0,5,Completado
10878,2026-01-22,Cliente_170,Monitor 4K,350.0,2,Pendiente
10879,2026-06-09,Cliente_318,Mouse Inalámbrico,30.0,4,Cancelado
10880,2026-02-17,Cliente_216,Mouse Inalámbrico,30.0,2,Completado
10881,2026-03-10,Cliente_357,Auriculares Noise-Canceling,150.0,4,Cancelado
10882,2026-04-05,Cliente_461,Auriculares Noise-Canceling,150.0,-1,Pendiente
10883,2026-07-12,Cliente_540,Silla Ergonómica,250.0,4,Pendiente
10884,2026-06-11,  Cliente_342  ,Auriculares Noise-Canceling,150.0,3,Completado
10885,2026-01-14,Cliente_414,Silla Ergonómica,250.0,5,Cancelado
10886,2026-07-07,Cliente_394,Laptop Pro 15,1200.0,3,Completado
10887,2026-07-11,Cliente_406,Teclado Mecánico,80.0,-1,Cancelado
10888,2026-01-14,Cliente_394,Teclado Mecánico,80.0,2,Completado
10889,2026-05-10,Cliente_165,Silla Ergonómica,250.0,1,Completado
10890,2026-01-04,Cliente_232,Teclado Mecánico,80.0,1,Cancelado
10891,2026-04-05,Cliente_329,Monitor 4K,350.0,4,Completado
10892,2026-01-09,Cliente_542,Silla Ergonómica,250.0,0,Completado
10893,2026-07-12,Cliente_354,Monitor 4K,350.0,5,Pendiente
10894,2026-05-28,Cliente_208,Monitor 4K,350.0,4,Completado
10895,2026-02-12,Cliente_127,Laptop Pro 15,1200.0,5,Pendiente
10896,2026-04-08,Cliente_220,Teclado Mecánico,80.0,5,Pendiente
10897,2026-03-15,Cliente_107,Mouse Inalámbrico,30.0,3,Pendiente
10898,2026-01-25,Cliente_122,Mouse Inalámbrico,30.0,3,Completado
10899,2026-03-11,Cliente_272,Mouse Inalámbrico,30.0,4,Completado
10900,2026-07-11,Cliente_446,Teclado Mecánico,80.0,2,Cancelado
10901,2026-03-22,Cliente_193,Monitor 4K,350.0,4,Completado
10902,2026-04-25,Cliente_451,Laptop Pro 15,,-1,Completado
10903,2026-08-29,Cliente_130,Teclado Mecánico,80.0,-1,Completado
10904,2026-08-08,Cliente_145,Auriculares Noise-Canceling,150.0,4,Pendiente
10905,2026-02-17,Cliente_596,Silla Ergonómica,250.0,4,Completado
10906,2026-04-27,Cliente_428,Teclado Mecánico,80.0,4,Completado
10907,2026-03-07,Cliente_266,Mouse Inalámbrico,30.0,4,Completado
10908,2026-03-08,Cliente_131,Teclado Mecánico,80.0,2,Completado
10909,2026-06-06,Cliente_203,Monitor 4K,350.0,2,Pendiente
10910,2026-06-14,Cliente_415,Laptop Pro 15,1200.0,5,Pendiente
10911,2026-07-06,  Cliente_393  ,Silla Ergonómica,250.0,-1,Pendiente
10912,27/08/2026,Cliente_101,Laptop Pro 15,1200.0,0,Pendiente
10913,2026-01-01,Cliente_395,Teclado Mecánico,80.0,1,Pendiente
10914,2026-07-21,Cliente_516,Mouse Inalámbrico,30.0,5,Completado
10915,2026-02-01,Cliente_347,Laptop Pro 15,1200.0,4,Completado
10916,2026-06-15,  Cliente_591  ,Teclado Mecánico,80.0,2,Cancelado
10917,2026-06-15,Cliente_249,Teclado Mecánico,80.0,2,Cancelado
10918,2026-04-10,Cliente_457,Laptop Pro 15,1200.0,4,Completado
10919,05/02/2026,Cliente_198,Mouse Inalámbrico,30.0,4,Completado
10920,2026-07-22,Cliente_133,Silla Ergonómica,250.0,0,Completado
10921,05/01/2026,Cliente_595,Mouse Inalámbrico,30.0,5,Completado
10922,2026-07-26,Cliente_209,Teclado Mecánico,80.0,-1,Cancelado
10923,2026-07-09,Cliente_177,Mouse Inalámbrico,30.0,5,Completado
10924,2026-08-21,Cliente_342,Laptop Pro 15,1200.0,2,Completado
10925,2026-01-13,  Cliente_424  ,Monitor 4K,350.0,0,Completado
10926,2026-07-29,Cliente_519,Mouse Inalámbrico,30.0,5,Pendiente
10927,2026-04-20,  Cliente_204  ,Auriculares Noise-Canceling,150.0,0,Pendiente
10928,2026-03-24,Cliente_171,Teclado Mecánico,80.0,4,Completado
10929,2026-02-06,  Cliente_241  ,Laptop Pro 15,1200.0,1,Completado
10930,29/05/2026,Cliente_574,Silla Ergonómica,250.0,0,Completado
10931,2026-05-05,Cliente_551,Silla Ergonómica,250.0,5,Completado
10932,2026-03-14,Cliente_555,Monitor 4K,350.0,4,Pendiente
10933,2026-04-26,Cliente_368,Silla Ergonómica,250.0,0,Completado
10934,2026-06-06,Cliente_356,Auriculares Noise-Canceling,150.0,3,Completado
10935,2026-05-16,Cliente_161,Teclado Mecánico,80.0,3,Cancelado
10936,2026-07-17,Cliente_338,Teclado Mecánico,80.0,3,Completado
10937,2026-08-05,Cliente_451,Teclado Mecánico,80.0,-1,Pendiente
10938,2026-06-15,Cliente_128,Mouse Inalámbrico,30.0,4,Completado
10939,27/04/2026,Cliente_489,Mouse Inalámbrico,30.0,3,Completado
10940,2026-01-30,  Cliente_364  ,Auriculares Noise-Canceling,150.0,5,Completado
10941,2026-07-11,Cliente_202,Silla Ergonómica,250.0,3,Completado
10942,2026-07-08,Cliente_222,Monitor 4K,350.0,1,Completado
10943,2026-01-14,Cliente_349,Mouse Inalámbrico,30.0,-1,Completado
10944,2026-02-04,Cliente_292,Monitor 4K,350.0,2,Completado
10945,2026-01-09,Cliente_166,Silla Ergonómica,250.0,1,Completado
10946,2026-02-13,Cliente_315,Teclado Mecánico,80.0,5,Completado
10947,2026-06-06,Cliente_588,Teclado Mecánico,80.0,5,Cancelado
10948,2026-05-06,Cliente_368,Auriculares Noise-Canceling,150.0,-1,Completado
10949,2026-04-20,Cliente_474,Auriculares Noise-Canceling,150.0,2,Completado
10950,2026-06-01,Cliente_575,Monitor 4K,350.0,3,Cancelado
10951,2026-07-07,  Cliente_341  ,Laptop Pro 15,1200.0,-1,Completado
10952,2026-07-30,Cliente_457,Mouse Inalámbrico,30.0,2,Pendiente
10953,2026-04-15,  Cliente_475  ,Monitor 4K,350.0,5,Completado
10954,2026-05-03,Cliente_109,Teclado Mecánico,80.0,4,Completado
10955,2026-09-07,Cliente_113,Silla Ergonómica,250.0,3,Completado
10956,2026-04-29,Cliente_421,Silla Ergonómica,250.0,5,Completado
10957,2026-03-17,Cliente_117,Silla Ergonómica,250.0,4,Completado
10958,2026-07-21,Cliente_207,Silla Ergonómica,250.0,3,Cancelado
10959,2026-06-22,Cliente_566,Teclado Mecánico,80.0,-1,Completado
10960,2026-04-04,Cliente_288,Laptop Pro 15,1200.0,2,Cancelado
10961,2026-03-27,Cliente_171,Silla Ergonómica,250.0,4,Completado
10962,2026-06-29,Cliente_592,Silla Ergonómica,250.0,5,Completado
10963,2026-03-12,Cliente_317,Teclado Mecánico,80.0,1,Completado
10964,2026-05-01,Cliente_163,Teclado Mecánico,80.0,3,Cancelado
10965,2026-06-27,Cliente_585,Teclado Mecánico,80.0,1,Completado
10966,2026-08-18,  Cliente_301  ,Monitor 4K,350.0,2,Completado
10967,2026-02-08,Cliente_355,Laptop Pro 15,1200.0,-1,Cancelado
10968,2026-08-27,Cliente_378,Silla Ergonómica,,2,Completado
10969,17/01/2026,  Cliente_197  ,Mouse Inalámbrico,30.0,4,Completado
10970,2026-06-15,Cliente_436,Auriculares Noise-Canceling,150.0,2,Pendiente
10971,2026-04-28,Cliente_328,Auriculares Noise-Canceling,150.0,3,Completado
10972,2026-09-06,Cliente_291,Teclado Mecánico,80.0,1,Completado
10973,2026-08-25,Cliente_417,Monitor 4K,350.0,2,Cancelado
10974,2026-08-20,Cliente_455,Teclado Mecánico,80.0,0,Completado
10975,2026-02-02,Cliente_395,Monitor 4K,350.0,-1,Completado
10976,2026-09-08,  Cliente_263  ,Monitor 4K,350.0,4,Completado
10977,24/08/2026,Cliente_163,Mouse Inalámbrico,30.0,0,Pendiente
10978,2026-07-09,Cliente_597,Monitor 4K,350.0,1,Cancelado
10979,2026-09-06,Cliente_249,Teclado Mecánico,80.0,1,Cancelado
10980,2026-04-24,Cliente_573,Silla Ergonómica,250.0,3,Completado
10981,2026-01-30,Cliente_383,Silla Ergonómica,250.0,-1,Pendiente
10982,2026-01-15,Cliente_268,Auriculares Noise-Canceling,150.0,2,Completado
10983,20/02/2026,Cliente_243,Auriculares Noise-Canceling,150.0,5,Cancelado
10984,2026-02-19,Cliente_302,Mouse Inalámbrico,30.0,-1,Cancelado
10985,2026-04-12,Cliente_285,Auriculares Noise-Canceling,150.0,-1,Pendiente
10986,2026-03-20,Cliente_280,Teclado Mecánico,80.0,-1,Cancelado
10987,2026-07-25,Cliente_313,Laptop Pro 15,1200.0,2,Completado
10988,2026-02-05,Cliente_313,Silla Ergonómica,250.0,2,Cancelado
10989,2026-05-15,Cliente_545,Laptop Pro 15,1200.0,1,Completado
10990,2026-08-23,  Cliente_428  ,Auriculares Noise-Canceling,150.0,-1,Completado
10991,2026-02-21,Cliente_171,Auriculares Noise-Canceling,150.0,3,Pendiente
10992,2026-08-02,Cliente_255,Teclado Mecánico,80.0,-1,Pendiente
10993,2026-02-09,  Cliente_102  ,Auriculares Noise-Canceling,150.0,0,Pendiente
10994,2026-08-21,Cliente_352,Laptop Pro 15,1200.0,1,Completado
10995,2026-01-18,Cliente_597,Laptop Pro 15,1200.0,1,Completado
10996,2026-06-25,Cliente_422,Auriculares Noise-Canceling,150.0,2,Completado
10997,2026-02-11,  Cliente_233  ,Teclado Mecánico,80.0,3,Completado
10998,2026-01-14,Cliente_184,Teclado Mecánico,80.0,4,Pendiente
10999,2026-05-16,  Cliente_250  ,Silla Ergonómica,250.0,1,Completado
11000,2026-06-03,Cliente_149,Auriculares Noise-Canceling,150.0,4,Cancelado
11001,2026-03-19,Cliente_510,Teclado Mecánico,80.0,5,Completado
11002,2026-02-05,Cliente_107,Laptop Pro 15,1200.0,1,Completado
11003,2026-05-09,Cliente_180,Mouse Inalámbrico,30.0,0,Completado
11004,2026-05-17,Cliente_534,Auriculares Noise-Canceling,150.0,5,Completado
11005,25/08/2026,Cliente_168,Mouse Inalámbrico,30.0,-1,Completado
11006,2026-06-02,Cliente_556,Teclado Mecánico,80.0,0,Completado
11007,2026-02-26,Cliente_161,Monitor 4K,350.0,-1,Completado
11008,2026-04-19,Cliente_141,Silla Ergonómica,250.0,0,Completado
11009,2026-02-20,Cliente_122,Laptop Pro 15,,2,Cancelado
11010,2026-01-17,Cliente_123,Auriculares Noise-Canceling,150.0,-1,Completado
11011,2026-02-21,Cliente_562,Laptop Pro 15,1200.0,3,Completado
11012,2026-08-31,Cliente_243,Laptop Pro 15,1200.0,5,Completado
11013,2026-05-10,Cliente_224,Monitor 4K,350.0,5,Completado
11014,2026-09-04,Cliente_199,Auriculares Noise-Canceling,150.0,3,Cancelado
11015,2026-05-10,Cliente_572,Laptop Pro 15,1200.0,-1,Pendiente
11016,2026-01-28,Cliente_591,Teclado Mecánico,80.0,0,Completado
11017,2026-07-14,Cliente_158,Mouse Inalámbrico,30.0,3,Completado
11018,2026-06-30,Cliente_285,Mouse Inalámbrico,30.0,0,Completado
11019,2026-06-03,Cliente_334,Laptop Pro 15,1200.0,-1,Pendiente
11020,2026-02-18,Cliente_320,Monitor 4K,350.0,1,Pendiente
11021,2026-06-22,Cliente_352,Silla Ergonómica,250.0,-1,Pendiente
11022,2026-04-13,Cliente_303,Auriculares Noise-Canceling,150.0,-1,Completado
11023,2026-03-28,  Cliente_202  ,Silla Ergonómica,250.0,0,Pendiente
11024,2026-07-15,Cliente_243,Laptop Pro 15,1200.0,2,Cancelado
11025,2026-04-13,Cliente_583,Auriculares Noise-Canceling,150.0,5,Cancelado
11026,2026-04-27,Cliente_494,Mouse Inalámbrico,30.0,3,Completado
11027,2026-01-26,Cliente_116,Mouse Inalámbrico,30.0,4,Completado
11028,2026-03-25,Cliente_448,Mouse Inalámbrico,30.0,0,Cancelado
11029,2026-07-16,Cliente_367,Auriculares Noise-Canceling,150.0,-1,Pendiente
11030,2026-05-19,Cliente_234,Monitor 4K,350.0,2,Cancelado
11031,2026-08-14,  Cliente_321  ,Auriculares Noise-Canceling,,5,Pendiente
11032,2026-01-09,Cliente_119,Mouse Inalámbrico,30.0,2,Completado
11033,2026-04-10,Cliente_467,Silla Ergonómica,250.0,2,Completado
11034,2026-05-27,Cliente_377,Auriculares Noise-Canceling,150.0,4,Cancelado
11035,2026-09-06,Cliente_403,Monitor 4K,350.0,2,Completado
11036,2026-08-03,Cliente_166,Teclado Mecánico,80.0,-1,Cancelado
11037,2026-04-20,Cliente_150,Laptop Pro 15,1200.0,4,Completado
11038,2026-06-15,Cliente_221,Mouse Inalámbrico,30.0,4,Completado
11039,2026-01-06,Cliente_187,Silla Ergonómica,250.0,1,Completado
11040,2026-04-18,Cliente_562,Mouse Inalámbrico,30.0,2,Pendiente
11041,2026-03-24,Cliente_300,Auriculares Noise-Canceling,,1,Pendiente
11042,2026-07-27,Cliente_358,Laptop Pro 15,1200.0,0,Completado
11043,2026-05-08,Cliente_204,Monitor 4K,350.0,1,Completado
11044,2026-04-13,  Cliente_394  ,Auriculares Noise-Canceling,150.0,1,Cancelado
11045,2026-06-01,Cliente_149,Silla Ergonómica,250.0,4,Completado
11046,2026-07-23,Cliente_278,Auriculares Noise-Canceling,150.0,2,Completado
11047,2026-02-21,Cliente_261,Auriculares Noise-Canceling,150.0,2,Completado
11048,14/08/2026,Cliente_193,Auriculares Noise-Canceling,150.0,4,Cancelado
11049,2026-07-10,Cliente_522,Monitor 4K,350.0,0,Completado
11050,2026-04-22,Cliente_565,Silla Ergonómica,250.0,3,Completado
11051,2026-07-11,Cliente_178,Auriculares Noise-Canceling,150.0,2,Completado
11052,2026-06-12,Cliente_133,Mouse Inalámbrico,30.0,5,Pendiente
11053,2026-06-03,Cliente_452,Teclado Mecánico,80.0,4,Completado
11054,2026-03-21,Cliente_524,Laptop Pro 15,1200.0,-1,Cancelado
11055,04/02/2026,Cliente_240,Mouse Inalámbrico,30.0,-1,Completado
11056,2026-07-04,Cliente_594,Silla Ergonómica,250.0,4,Completado
11057,2026-08-10,Cliente_253,Laptop Pro 15,1200.0,-1,Pendiente
11058,2026-07-05,Cliente_530,Teclado Mecánico,80.0,-1,Completado
11059,2026-06-20,Cliente_368,Laptop Pro 15,1200.0,3,Cancelado
11060,2026-07-17,Cliente_163,Teclado Mecánico,80.0,-1,Completado
11061,2026-08-28,Cliente_221,Auriculares Noise-Canceling,150.0,5,Completado
11062,2026-08-09,Cliente_231,Laptop Pro 15,1200.0,1,Pendiente
11063,2026-05-02,Cliente_317,Auriculares Noise-Canceling,150.0,-1,Completado
11064,2026-01-06,Cliente_258,Monitor 4K,350.0,4,Cancelado
11065,2026-06-26,Cliente_128,Laptop Pro 15,1200.0,4,Completado
11066,2026-04-03,Cliente_459,Teclado Mecánico,80.0,1,Completado
11067,2026-08-21,Cliente_105,Auriculares Noise-Canceling,150.0,5,Completado
11068,2026-02-23,Cliente_253,Teclado Mecánico,80.0,5,Completado
11069,22/07/2026,Cliente_309,Mouse Inalámbrico,30.0,5,Completado
11070,2026-07-03,Cliente_271,Mouse Inalámbrico,30.0,2,Completado
11071,2026-06-04,  Cliente_316  ,Monitor 4K,350.0,3,Cancelado
11072,2026-06-14,  Cliente_127  ,Silla Ergonómica,250.0,4,Pendiente
11073,2026-03-22,Cliente_257,Silla Ergonómica,250.0,2,Completado
11074,2026-06-16,Cliente_526,Monitor 4K,350.0,4,Cancelado
11075,2026-07-08,Cliente_548,Silla Ergonómica,250.0,1,Completado
11076,2026-01-22,Cliente_202,Silla Ergonómica,250.0,1,Completado
11077,2026-01-06,Cliente_215,Mouse Inalámbrico,30.0,5,Cancelado
11078,2026-04-29,Cliente_599,Silla Ergonómica,250.0,0,Completado
11079,2026-01-23,Cliente_177,Laptop Pro 15,1200.0,2,Completado
11080,2026-08-24,Cliente_496,Auriculares Noise-Canceling,150.0,4,Pendiente
11081,2026-07-28,Cliente_542,Laptop Pro 15,1200.0,0,Completado
11082,2026-06-03,Cliente_206,Silla Ergonómica,250.0,0,Completado
11083,07/02/2026,Cliente_506,Silla Ergonómica,250.0,2,Completado
11084,2026-06-15,Cliente_451,Monitor 4K,350.0,0,Completado
11085,2026-06-25,Cliente_304,Mouse Inalámbrico,30.0,1,Pendiente
11086,2026-05-23,Cliente_149,Silla Ergonómica,250.0,3,Completado
11087,2026-06-21,Cliente_581,Monitor 4K,350.0,1,Cancelado
11088,2026-06-08,  Cliente_359  ,Silla Ergonómica,250.0,-1,Pendiente
11089,2026-03-08,  Cliente_192  ,Silla Ergonómica,250.0,3,Pendiente
11090,2026-05-16,  Cliente_464  ,Teclado Mecánico,80.0,0,Completado
11091,2026-08-02,Cliente_599,Laptop Pro 15,1200.0,0,Completado
11092,2026-08-26,Cliente_490,Mouse Inalámbrico,30.0,1,Completado
11093,2026-07-15,Cliente_352,Mouse Inalámbrico,30.0,1,Cancelado
11094,2026-01-14,  Cliente_177  ,Silla Ergonómica,250.0,2,Completado
11095,2026-08-18,Cliente_160,Mouse Inalámbrico,30.0,4,Completado
11096,2026-05-07,Cliente_335,Mouse Inalámbrico,30.0,4,Completado
11097,2026-08-02,Cliente_193,Laptop Pro 15,1200.0,0,Cancelado
11098,06/09/2026,Cliente_399,Teclado Mecánico,80.0,4,Cancelado
11099,2026-06-23,Cliente_356,Monitor 4K,350.0,-1,Completado
11100,2026-06-01,Cliente_292,Laptop Pro 15,1200.0,4,Completado
11101,2026-06-18,Cliente_463,Teclado Mecánico,80.0,-1,Completado
11102,2026-06-09,Cliente_436,Auriculares Noise-Canceling,150.0,1,Completado
11103,09/08/2026,Cliente_209,Silla Ergonómica,250.0,5,Completado
11104,2026-06-04,  Cliente_588  ,Teclado Mecánico,80.0,4,Pendiente
11105,2026-01-06,Cliente_146,Teclado Mecánico,80.0,5,Completado
11106,2026-06-17,Cliente_589,Mouse Inalámbrico,30.0,1,Completado
11107,2026-08-20,Cliente_259,Mouse Inalámbrico,30.0,4,Completado
11108,2026-05-06,Cliente_203,Teclado Mecánico,80.0,5,Pendiente
11109,2026-04-19,Cliente_488,Mouse Inalámbrico,30.0,3,Cancelado
11110,2026-03-29,  Cliente_363  ,Monitor 4K,350.0,2,Completado
11111,2026-06-11,Cliente_370,Silla Ergonómica,250.0,0,Completado
11112,2026-03-18,Cliente_345,Teclado Mecánico,80.0,-1,Completado
11113,2026-03-17,Cliente_319,Silla Ergonómica,250.0,5,Cancelado
11114,2026-04-16,Cliente_318,Laptop Pro 15,1200.0,3,Cancelado
11115,2026-01-05,  Cliente_358  ,Teclado Mecánico,80.0,3,Pendiente
11116,2026-04-17,Cliente_143,Monitor 4K,350.0,5,Completado
11117,2026-06-09,Cliente_331,Teclado Mecánico,80.0,2,Completado
11118,2026-03-08,Cliente_410,Monitor 4K,350.0,-1,Completado
11119,2026-02-13,Cliente_107,Mouse Inalámbrico,30.0,-1,Pendiente
11120,2026-07-05,Cliente_409,Silla Ergonómica,250.0,4,Cancelado
11121,2026-04-12,Cliente_446,Auriculares Noise-Canceling,150.0,4,Completado
11122,2026-06-28,Cliente_109,Monitor 4K,350.0,0,Completado
11123,2026-08-04,Cliente_324,Monitor 4K,350.0,0,Cancelado
11124,19/04/2026,Cliente_343,Monitor 4K,350.0,5,Completado
11125,2026-01-06,Cliente_342,Monitor 4K,350.0,2,Cancelado
11126,2026-01-14,Cliente_301,Monitor 4K,350.0,3,Completado
11127,2026-05-07,Cliente_535,Silla Ergonómica,250.0,2,Cancelado
11128,2026-05-05,  Cliente_305  ,Silla Ergonómica,250.0,1,Cancelado
11129,2026-01-16,Cliente_466,Silla Ergonómica,250.0,5,Pendiente
11130,2026-04-17,Cliente_432,Auriculares Noise-Canceling,150.0,-1,Completado
11131,22/04/2026,Cliente_458,Mouse Inalámbrico,30.0,4,Completado
11132,2026-02-26,Cliente_360,Silla Ergonómica,250.0,1,Completado
11133,2026-08-15,Cliente_168,Auriculares Noise-Canceling,150.0,4,Pendiente
11134,2026-07-23,Cliente_285,Mouse Inalámbrico,30.0,4,Completado
11135,2026-05-04,Cliente_442,Auriculares Noise-Canceling,150.0,4,Completado
11136,2026-05-07,Cliente_583,Monitor 4K,350.0,-1,Completado
11137,2026-04-02,Cliente_234,Auriculares Noise-Canceling,150.0,-1,Completado
11138,2026-06-08,Cliente_159,Auriculares Noise-Canceling,150.0,-1,Cancelado
11139,2026-01-12,Cliente_494,Monitor 4K,350.0,1,Cancelado
11140,2026-06-04,Cliente_364,Teclado Mecánico,80.0,5,Completado
11141,2026-07-20,Cliente_155,Mouse Inalámbrico,30.0,5,Completado
11142,2026-08-11,Cliente_161,Auriculares Noise-Canceling,150.0,-1,Completado
11143,2026-05-08,Cliente_360,Monitor 4K,350.0,4,Completado
11144,2026-08-06,Cliente_163,Monitor 4K,350.0,1,Pendiente
11145,2026-05-10,Cliente_247,Laptop Pro 15,1200.0,5,Completado
11146,2026-03-04,Cliente_441,Teclado Mecánico,80.0,2,Cancelado
11147,2026-08-24,Cliente_312,Mouse Inalámbrico,30.0,0,Pendiente
11148,2026-02-07,Cliente_327,Auriculares Noise-Canceling,150.0,1,Cancelado
11149,2026-02-12,Cliente_496,Laptop Pro 15,1200.0,1,Pendiente
11150,2026-01-15,Cliente_395,Laptop Pro 15,1200.0,4,Cancelado
11151,2026-03-19,Cliente_548,Teclado Mecánico,80.0,4,Completado
11152,2026-08-24,Cliente_413,Teclado Mecánico,,1,Pendiente
11153,2026-06-16,Cliente_417,Mouse Inalámbrico,30.0,3,Completado
11154,2026-01-10,Cliente_144,Silla Ergonómica,250.0,0,Pendiente
11155,2026-03-14,Cliente_377,Silla Ergonómica,250.0,0,Cancelado
11156,06/01/2026,Cliente_182,Auriculares Noise-Canceling,150.0,1,Cancelado
11157,2026-04-19,Cliente_472,Auriculares Noise-Canceling,150.0,5,Completado
11158,2026-04-01,Cliente_360,Silla Ergonómica,250.0,1,Completado
11159,2026-03-02,  Cliente_274  ,Mouse Inalámbrico,30.0,4,Cancelado
11160,2026-06-02,Cliente_533,Auriculares Noise-Canceling,150.0,4,Completado
11161,2026-02-05,Cliente_445,Teclado Mecánico,80.0,5,Cancelado
11162,2026-07-30,Cliente_199,Silla Ergonómica,250.0,1,Pendiente
11163,2026-01-24,Cliente_142,Laptop Pro 15,1200.0,2,Completado
11164,2026-04-14,Cliente_370,Mouse Inalámbrico,30.0,-1,Cancelado
11165,2026-04-23,Cliente_317,Mouse Inalámbrico,30.0,3,Pendiente
11166,2026-02-02,Cliente_359,Silla Ergonómica,250.0,5,Pendiente
11167,2026-06-27,Cliente_161,Monitor 4K,350.0,3,Pendiente
11168,2026-01-31,Cliente_588,Laptop Pro 15,1200.0,3,Pendiente
11169,2026-02-09,Cliente_368,Laptop Pro 15,1200.0,3,Completado
11170,2026-02-06,  Cliente_174  ,Teclado Mecánico,80.0,2,Pendiente
11171,2026-02-16,Cliente_211,Laptop Pro 15,1200.0,1,Pendiente
11172,2026-04-17,  Cliente_123  ,Laptop Pro 15,1200.0,1,Completado
11173,2026-08-02,Cliente_344,Auriculares Noise-Canceling,150.0,1,Cancelado
11174,2026-04-26,Cliente_490,Monitor 4K,350.0,3,Completado
11175,2026-04-15,Cliente_420,Silla Ergonómica,250.0,5,Pendiente
11176,2026-03-13,Cliente_477,Teclado Mecánico,80.0,4,Completado
11177,2026-03-21,Cliente_463,Silla Ergonómica,,4,Completado
11178,2026-05-28,Cliente_378,Silla Ergonómica,250.0,0,Cancelado
11179,2026-01-31,Cliente_110,Auriculares Noise-Canceling,150.0,2,Cancelado
11180,2026-08-01,Cliente_226,Monitor 4K,350.0,1,Cancelado
11181,31/05/2026,Cliente_306,Mouse Inalámbrico,30.0,3,Completado
11182,2026-03-23,  Cliente_371  ,Teclado Mecánico,80.0,2,Completado
11183,2026-02-16,Cliente_174,Laptop Pro 15,1200.0,3,Completado
11184,2026-06-07,Cliente_131,Monitor 4K,350.0,2,Completado
11185,2026-02-06,Cliente_264,Laptop Pro 15,1200.0,1,Completado
11186,2026-02-21,Cliente_127,Teclado Mecánico,80.0,5,Cancelado
11187,2026-09-01,Cliente_298,Auriculares Noise-Canceling,150.0,3,Completado
11188,2026-04-15,  Cliente_115  ,Teclado Mecánico,80.0,2,Completado
11189,2026-07-15,Cliente_227,Teclado Mecánico,80.0,3,Completado
11190,2026-05-09,  Cliente_426  ,Teclado Mecánico,80.0,2,Completado
11191,2026-09-01,Cliente_376,Teclado Mecánico,80.0,0,Cancelado
11192,2026-06-08,Cliente_525,Mouse Inalámbrico,30.0,5,Completado
11193,2026-08-03,Cliente_229,Laptop Pro 15,1200.0,2,Completado
11194,2026-02-11,Cliente_124,Silla Ergonómica,250.0,5,Cancelado
11195,2026-02-05,Cliente_526,Laptop Pro 15,1200.0,2,Completado
11196,2026-08-15,Cliente_263,Mouse Inalámbrico,30.0,3,Completado
11197,2026-03-04,Cliente_240,Silla Ergonómica,250.0,5,Completado
11198,2026-06-27,Cliente_568,Teclado Mecánico,80.0,3,Completado
11199,2026-05-23,Cliente_312,Auriculares Noise-Canceling,150.0,-1,Pendiente
11200,2026-01-20,Cliente_434,Mouse Inalámbrico,30.0,5,Pendiente
11201,2026-04-02,Cliente_408,Silla Ergonómica,250.0,5,Completado
11202,10/07/2026,Cliente_214,Laptop Pro 15,1200.0,0,Completado
11203,2026-06-07,Cliente_518,Silla Ergonómica,250.0,1,Completado
11204,2026-08-20,  Cliente_353  ,Monitor 4K,350.0,1,Cancelado
11205,2026-08-11,Cliente_157,Monitor 4K,,5,Cancelado
11206,2026-06-22,Cliente_390,Mouse Inalámbrico,30.0,0,Cancelado
11207,2026-03-08,Cliente_166,Monitor 4K,350.0,0,Completado
11208,2026-01-06,Cliente_448,Auriculares Noise-Canceling,150.0,1,Cancelado
11209,2026-08-29,Cliente_102,Auriculares Noise-Canceling,150.0,3,Completado
11210,2026-05-13,Cliente_449,Teclado Mecánico,80.0,2,Completado
11211,2026-08-24,Cliente_243,Auriculares Noise-Canceling,150.0,4,Pendiente
11212,2026-05-27,Cliente_551,Teclado Mecánico,,0,Completado
11213,2026-02-12,Cliente_201,Silla Ergonómica,250.0,-1,Completado
11214,2026-01-07,Cliente_514,Silla Ergonómica,250.0,-1,Completado
11215,2026-08-02,Cliente_275,Teclado Mecánico,80.0,2,Completado
11216,2026-04-23,Cliente_418,Auriculares Noise-Canceling,150.0,-1,Pendiente
11217,2026-03-22,Cliente_294,Auriculares Noise-Canceling,150.0,-1,Completado
11218,2026-06-06,Cliente_255,Monitor 4K,350.0,5,Completado
11219,2026-04-08,  Cliente_536  ,Laptop Pro 15,1200.0,3,Cancelado
11220,2026-01-03,Cliente_420,Mouse Inalámbrico,30.0,3,Pendiente
11221,2026-08-29,Cliente_434,Mouse Inalámbrico,30.0,3,Completado
11222,2026-01-04,Cliente_153,Mouse Inalámbrico,30.0,3,Completado
11223,2026-06-13,Cliente_165,Auriculares Noise-Canceling,150.0,0,Completado
11224,2026-02-05,Cliente_225,Mouse Inalámbrico,30.0,3,Completado
11225,2026-07-13,Cliente_434,Monitor 4K,350.0,2,Cancelado
11226,2026-03-29,Cliente_409,Auriculares Noise-Canceling,150.0,0,Completado
11227,2026-05-10,Cliente_222,Auriculares Noise-Canceling,150.0,4,Cancelado
11228,2026-08-21,Cliente_428,Laptop Pro 15,1200.0,0,Completado
11229,2026-06-03,Cliente_340,Teclado Mecánico,80.0,2,Cancelado
11230,2026-02-11,Cliente_269,Auriculares Noise-Canceling,150.0,3,Completado
11231,2026-02-28,Cliente_455,Mouse Inalámbrico,30.0,-1,Completado
11232,2026-07-26,Cliente_270,Monitor 4K,350.0,5,Completado
11233,02/04/2026,Cliente_138,Mouse Inalámbrico,30.0,-1,Completado
11234,2026-07-15,Cliente_568,Monitor 4K,350.0,0,Completado
11235,2026-07-04,Cliente_235,Monitor 4K,350.0,0,Cancelado
11236,2026-08-22,Cliente_235,Monitor 4K,350.0,-1,Completado
11237,2026-03-20,Cliente_208,Mouse Inalámbrico,30.0,-1,Completado
11238,2026-08-14,Cliente_420,Teclado Mecánico,80.0,3,Completado
11239,2026-05-17,Cliente_199,Laptop Pro 15,1200.0,0,Completado
11240,2026-07-15,Cliente_124,Teclado Mecánico,80.0,4,Completado
11241,2026-06-11,Cliente_128,Auriculares Noise-Canceling,150.0,0,Completado
11242,2026-07-20,Cliente_142,Auriculares Noise-Canceling,150.0,2,Cancelado
11243,2026-07-12,Cliente_431,Laptop Pro 15,1200.0,2,Pendiente
11244,2026-06-27,Cliente_370,Auriculares Noise-Canceling,150.0,1,Pendiente
11245,2026-05-30,Cliente_505,Mouse Inalámbrico,30.0,2,Completado
11246,2026-02-25,Cliente_303,Monitor 4K,350.0,2,Pendiente
11247,2026-01-22,Cliente_382,Auriculares Noise-Canceling,150.0,5,Completado
11248,2026-04-30,Cliente_122,Teclado Mecánico,80.0,1,Completado
11249,2026-05-08,Cliente_512,Mouse Inalámbrico,30.0,2,Pendiente
11250,2026-04-02,Cliente_139,Laptop Pro 15,1200.0,0,Completado
11251,2026-08-26,  Cliente_242  ,Auriculares Noise-Canceling,150.0,4,Completado
11252,2026-06-22,Cliente_201,Laptop Pro 15,1200.0,3,Completado
11253,2026-06-30,Cliente_198,Silla Ergonómica,250.0,4,Completado
11254,2026-03-14,  Cliente_254  ,Silla Ergonómica,250.0,1,Pendiente
11255,2026-06-17,Cliente_342,Mouse Inalámbrico,30.0,5,Completado
11256,2026-03-01,Cliente_343,Mouse Inalámbrico,30.0,4,Cancelado
11257,2026-03-22,Cliente_144,Mouse Inalámbrico,30.0,2,Pendiente
11258,2026-01-08,Cliente_386,Silla Ergonómica,250.0,2,Cancelado
11259,2026-06-18,  Cliente_515  ,Monitor 4K,350.0,4,Completado
11260,2026-07-19,Cliente_491,Monitor 4K,350.0,4,Completado
11261,2026-02-05,Cliente_573,Teclado Mecánico,80.0,3,Completado
11262,2026-08-10,Cliente_394,Auriculares Noise-Canceling,150.0,3,Pendiente
11263,2026-05-02,Cliente_197,Monitor 4K,350.0,-1,Cancelado
11264,2026-06-22,  Cliente_154  ,Mouse Inalámbrico,30.0,1,Completado
11265,2026-08-22,Cliente_136,Silla Ergonómica,250.0,-1,Completado
11266,2026-01-15,Cliente_333,Monitor 4K,350.0,4,Completado
11267,2026-02-03,Cliente_157,Monitor 4K,350.0,2,Pendiente
11268,2026-02-22,Cliente_546,Silla Ergonómica,250.0,5,Pendiente
11269,2026-07-03,Cliente_358,Monitor 4K,350.0,1,Completado
11270,2026-04-13,Cliente_523,Monitor 4K,,0,Completado
11271,2026-04-29,Cliente_336,Auriculares Noise-Canceling,150.0,3,Completado
11272,2026-07-02,Cliente_532,Teclado Mecánico,80.0,2,Pendiente
11273,2026-02-15,Cliente_228,Auriculares Noise-Canceling,150.0,5,Pendiente
11274,2026-01-25,Cliente_392,Mouse Inalámbrico,30.0,4,Completado
11275,2026-05-18,Cliente_422,Monitor 4K,350.0,0,Completado
11276,2026-07-15,Cliente_311,Silla Ergonómica,250.0,0,Completado
11277,2026-04-15,Cliente_267,Laptop Pro 15,1200.0,3,Completado
11278,2026-06-27,  Cliente_428  ,Monitor 4K,350.0,2,Pendiente
11279,10/01/2026,Cliente_304,Mouse Inalámbrico,30.0,2,Completado
11280,2026-05-05,Cliente_338,Silla Ergonómica,250.0,1,Completado
11281,2026-05-01,Cliente_172,Auriculares Noise-Canceling,150.0,4,Completado
11282,2026-02-01,Cliente_251,Monitor 4K,350.0,3,Pendiente
11283,2026-02-09,  Cliente_240  ,Monitor 4K,350.0,5,Completado
11284,28/06/2026,Cliente_327,Monitor 4K,350.0,4,Cancelado
11285,2026-06-26,Cliente_300,Silla Ergonómica,250.0,4,Completado
11286,2026-08-26,Cliente_204,Auriculares Noise-Canceling,,5,Completado
11287,2026-03-28,  Cliente_108  ,Monitor 4K,350.0,2,Completado
11288,2026-06-20,Cliente_526,Monitor 4K,350.0,-1,Completado
11289,2026-05-24,Cliente_266,Laptop Pro 15,1200.0,-1,Cancelado
11290,2026-03-01,Cliente_162,Monitor 4K,350.0,2,Completado
11291,2026-04-10,Cliente_107,Teclado Mecánico,80.0,2,Completado
11292,2026-01-12,Cliente_289,Laptop Pro 15,1200.0,1,Completado
11293,2026-07-02,Cliente_153,Mouse Inalámbrico,30.0,3,Cancelado
11294,2026-06-28,Cliente_424,Monitor 4K,350.0,-1,Completado
11295,2026-09-08,Cliente_263,Teclado Mecánico,80.0,5,Pendiente
11296,2026-04-08,Cliente_330,Laptop Pro 15,1200.0,3,Completado
11297,2026-07-14,Cliente_416,Auriculares Noise-Canceling,150.0,-1,Completado
11298,2026-01-16,Cliente_141,Monitor 4K,350.0,5,Pendiente
11299,2026-03-02,Cliente_120,Teclado Mecánico,80.0,2,Cancelado
11300,2026-06-14,Cliente_263,Mouse Inalámbrico,30.0,1,Completado
11301,12/07/2026,Cliente_248,Auriculares Noise-Canceling,150.0,2,Completado
11302,2026-06-20,  Cliente_570  ,Teclado Mecánico,80.0,3,Completado
11303,11/06/2026,Cliente_327,Auriculares Noise-Canceling,150.0,3,Pendiente
11304,2026-08-29,Cliente_173,Laptop Pro 15,1200.0,-1,Completado
11305,2026-03-02,Cliente_205,Monitor 4K,350.0,5,Pendiente
11306,2026-04-19,Cliente_226,Silla Ergonómica,250.0,0,Completado
11307,2026-03-11,Cliente_204,Teclado Mecánico,80.0,2,Pendiente
11308,2026-05-01,Cliente_186,Laptop Pro 15,1200.0,1,Cancelado
11309,2026-07-23,Cliente_589,Auriculares Noise-Canceling,150.0,5,Pendiente
11310,2026-06-02,Cliente_254,Mouse Inalámbrico,30.0,5,Cancelado
11311,2026-03-14,Cliente_333,Silla Ergonómica,250.0,2,Cancelado
11312,2026-02-09,Cliente_201,Mouse Inalámbrico,30.0,0,Completado
11313,2026-04-14,Cliente_352,Laptop Pro 15,1200.0,4,Pendiente
11314,2026-01-19,Cliente_402,Silla Ergonómica,250.0,2,Completado
11315,2026-04-22,Cliente_491,Laptop Pro 15,1200.0,3,Completado
11316,2026-01-15,Cliente_457,Auriculares Noise-Canceling,150.0,4,Pendiente
11317,2026-04-03,  Cliente_517  ,Silla Ergonómica,250.0,2,Completado
11318,2026-08-30,Cliente_334,Silla Ergonómica,250.0,0,Completado
11319,2026-01-30,Cliente_107,Monitor 4K,350.0,4,Pendiente
11320,2026-08-13,Cliente_197,Mouse Inalámbrico,30.0,-1,Pendiente
11321,2026-08-15,Cliente_438,Teclado Mecánico,80.0,3,Completado
11322,2026-06-12,Cliente_156,Silla Ergonómica,250.0,4,Completado
11323,2026-06-28,Cliente_304,Monitor 4K,350.0,0,Completado
11324,2026-05-15,Cliente_314,Mouse Inalámbrico,,-1,Completado
11325,2026-02-04,Cliente_461,Silla Ergonómica,250.0,0,Completado
11326,2026-02-17,Cliente_209,Auriculares Noise-Canceling,150.0,2,Completado
11327,2026-08-22,Cliente_421,Monitor 4K,350.0,5,Completado
11328,29/03/2026,Cliente_133,Laptop Pro 15,1200.0,2,Completado
11329,2026-03-10,Cliente_132,Mouse Inalámbrico,30.0,5,Completado
11330,22/07/2026,  Cliente_368  ,Silla Ergonómica,250.0,-1,Cancelado
11331,2026-05-02,Cliente_349,Auriculares Noise-Canceling,150.0,5,Cancelado
11332,2026-07-29,Cliente_262,Mouse Inalámbrico,30.0,4,Completado
11333,2026-08-12,  Cliente_283  ,Silla Ergonómica,250.0,3,Completado
11334,2026-08-16,Cliente_528,Laptop Pro 15,1200.0,4,Completado
11335,2026-07-12,Cliente_459,Auriculares Noise-Canceling,150.0,3,Completado
11336,2026-04-16,Cliente_364,Mouse Inalámbrico,30.0,4,Completado
11337,2026-04-03,Cliente_425,Silla Ergonómica,250.0,5,Completado
11338,2026-06-06,Cliente_479,Silla Ergonómica,250.0,3,Completado
11339,2026-06-29,Cliente_539,Mouse Inalámbrico,30.0,2,Pendiente
11340,2026-08-13,Cliente_367,Teclado Mecánico,80.0,4,Cancelado
11341,2026-06-22,  Cliente_527  ,Laptop Pro 15,1200.0,5,Pendiente
11342,2026-03-03,Cliente_377,Monitor 4K,350.0,-1,Completado
11343,2026-01-08,Cliente_467,Silla Ergonómica,250.0,-1,Completado
11344,2026-05-02,Cliente_441,Mouse Inalámbrico,30.0,0,Completado
11345,2026-01-24,Cliente_352,Silla Ergonómica,250.0,3,Completado
11346,2026-06-14,Cliente_134,Monitor 4K,350.0,5,Pendiente
11347,2026-07-26,Cliente_324,Silla Ergonómica,250.0,3,Completado
11348,2026-06-01,  Cliente_480  ,Laptop Pro 15,1200.0,-1,Completado
11349,2026-05-28,Cliente_295,Auriculares Noise-Canceling,150.0,5,Completado
11350,2026-03-23,Cliente_317,Laptop Pro 15,1200.0,0,Completado
11351,2026-01-03,Cliente_303,Auriculares Noise-Canceling,150.0,3,Pendiente
11352,2026-06-24,Cliente_356,Teclado Mecánico,80.0,1,Cancelado
11353,29/06/2026,Cliente_524,Teclado Mecánico,80.0,4,Completado
11354,2026-06-30,Cliente_535,Teclado Mecánico,80.0,4,Completado
11355,2026-03-27,  Cliente_515  ,Mouse Inalámbrico,30.0,2,Completado
11356,2026-08-25,Cliente_127,Silla Ergonómica,250.0,0,Completado
11357,2026-08-22,Cliente_438,Mouse Inalámbrico,30.0,1,Completado
11358,2026-07-13,Cliente_279,Auriculares Noise-Canceling,150.0,2,Completado
11359,2026-06-29,Cliente_200,Auriculares Noise-Canceling,150.0,1,Pendiente
11360,2026-07-26,Cliente_544,Laptop Pro 15,1200.0,5,Completado
11361,2026-05-04,Cliente_457,Mouse Inalámbrico,30.0,3,Completado
11362,2026-01-03,Cliente_434,Monitor 4K,350.0,4,Cancelado
11363,2026-04-20,Cliente_587,Laptop Pro 15,1200.0,5,Completado
11364,2026-01-31,Cliente_127,Laptop Pro 15,1200.0,2,Completado
11365,04/03/2026,Cliente_307,Auriculares Noise-Canceling,150.0,0,Completado
11366,2026-06-17,Cliente_189,Mouse Inalámbrico,30.0,4,Completado
11367,2026-06-17,Cliente_424,Mouse Inalámbrico,30.0,4,Completado
11368,2026-08-21,Cliente_443,Laptop Pro 15,1200.0,-1,Completado
11369,2026-07-10,Cliente_456,Auriculares Noise-Canceling,150.0,3,Cancelado
11370,2026-05-27,Cliente_253,Monitor 4K,350.0,4,Completado
11371,2026-04-14,Cliente_195,Laptop Pro 15,1200.0,5,Completado
11372,2026-05-06,Cliente_372,Mouse Inalámbrico,30.0,3,Cancelado
11373,2026-07-12,Cliente_486,Auriculares Noise-Canceling,150.0,5,Completado
11374,2026-04-25,Cliente_385,Monitor 4K,350.0,4,Completado
11375,2026-05-24,Cliente_145,Laptop Pro 15,1200.0,0,Completado
11376,2026-05-20,Cliente_595,Laptop Pro 15,1200.0,3,Completado
11377,2026-06-18,Cliente_251,Monitor 4K,350.0,3,Completado
11378,2026-06-05,Cliente_281,Auriculares Noise-Canceling,150.0,1,Completado
11379,2026-02-18,  Cliente_119  ,Silla Ergonómica,250.0,5,Completado
11380,2026-02-02,Cliente_243,Monitor 4K,350.0,0,Pendiente
11381,2026-02-11,Cliente_563,Laptop Pro 15,1200.0,1,Completado
11382,2026-01-19,Cliente_205,Teclado Mecánico,80.0,4,Completado
11383,2026-06-18,Cliente_389,Silla Ergonómica,250.0,0,Cancelado
11384,2026-04-22,Cliente_504,Auriculares Noise-Canceling,150.0,5,Cancelado
11385,2026-05-21,Cliente_451,Monitor 4K,350.0,-1,Completado
11386,2026-08-11,Cliente_175,Silla Ergonómica,250.0,1,Completado
11387,2026-07-20,Cliente_154,Laptop Pro 15,1200.0,0,Completado
11388,2026-05-06,Cliente_514,Auriculares Noise-Canceling,150.0,1,Completado
11389,2026-01-26,Cliente_412,Silla Ergonómica,250.0,1,Completado
11390,2026-07-09,Cliente_513,Teclado Mecánico,80.0,2,Cancelado
11391,2026-02-02,Cliente_404,Auriculares Noise-Canceling,150.0,5,Cancelado
11392,2026-07-08,Cliente_391,Silla Ergonómica,250.0,0,Completado
11393,2026-04-28,Cliente_462,Silla Ergonómica,250.0,4,Completado
11394,2026-08-30,Cliente_367,Mouse Inalámbrico,30.0,1,Completado
11395,2026-07-17,Cliente_309,Teclado Mecánico,80.0,-1,Completado
11396,2026-02-12,Cliente_148,Silla Ergonómica,250.0,4,Completado
11397,2026-09-04,Cliente_106,Silla Ergonómica,250.0,2,Cancelado
11398,2026-08-16,Cliente_447,Silla Ergonómica,250.0,2,Completado
11399,2026-01-02,Cliente_482,Mouse Inalámbrico,,0,Cancelado
11400,2026-07-30,Cliente_572,Silla Ergonómica,250.0,4,Cancelado
11401,2026-06-22,Cliente_187,Silla Ergonómica,250.0,3,Cancelado
11402,2026-04-01,Cliente_364,Monitor 4K,350.0,1,Pendiente
11403,2026-08-22,Cliente_274,Mouse Inalámbrico,30.0,1,Cancelado
11404,2026-01-01,Cliente_210,Laptop Pro 15,1200.0,2,Cancelado
11405,2026-06-14,Cliente_592,Mouse Inalámbrico,30.0,1,Completado
11406,2026-01-02,Cliente_283,Mouse Inalámbrico,30.0,5,Completado
11407,2026-02-17,Cliente_470,Teclado Mecánico,80.0,-1,Completado
11408,2026-08-19,  Cliente_364  ,Laptop Pro 15,1200.0,0,Completado
11409,2026-05-01,Cliente_216,Mouse Inalámbrico,,5,Completado
11410,2026-01-28,Cliente_238,Teclado Mecánico,80.0,0,Pendiente
11411,2026-08-15,Cliente_284,Monitor 4K,350.0,4,Completado
11412,2026-07-10,Cliente_316,Laptop Pro 15,1200.0,-1,Completado
11413,2026-01-31,Cliente_237,Monitor 4K,350.0,2,Cancelado
11414,2026-07-15,Cliente_485,Mouse Inalámbrico,30.0,4,Pendiente
11415,2026-02-03,Cliente_300,Auriculares Noise-Canceling,150.0,4,Completado
11416,2026-06-25,Cliente_493,Laptop Pro 15,1200.0,1,Completado
11417,2026-03-16,  Cliente_346  ,Mouse Inalámbrico,30.0,4,Completado
11418,2026-03-05,Cliente_196,Mouse Inalámbrico,30.0,0,Completado
11419,2026-02-20,Cliente_320,Teclado Mecánico,80.0,0,Completado
11420,2026-06-01,Cliente_538,Silla Ergonómica,250.0,3,Completado
11421,2026-08-26,  Cliente_199  ,Monitor 4K,350.0,2,Completado
11422,2026-05-15,  Cliente_309  ,Auriculares Noise-Canceling,150.0,5,Completado
11423,2026-06-14,  Cliente_319  ,Monitor 4K,350.0,2,Completado
11424,2026-03-23,Cliente_227,Teclado Mecánico,80.0,1,Completado
11425,2026-03-15,Cliente_209,Laptop Pro 15,,4,Cancelado
11426,2026-03-27,Cliente_287,Laptop Pro 15,1200.0,1,Completado
11427,2026-03-26,Cliente_167,Silla Ergonómica,,3,Completado
11428,2026-06-16,Cliente_222,Silla Ergonómica,250.0,3,Cancelado
11429,2026-06-04,Cliente_481,Mouse Inalámbrico,30.0,-1,Cancelado
11430,2026-01-26,Cliente_574,Silla Ergonómica,250.0,0,Cancelado
11431,2026-02-21,Cliente_490,Auriculares Noise-Canceling,150.0,4,Completado
11432,2026-08-17,Cliente_230,Laptop Pro 15,1200.0,2,Cancelado
11433,2026-08-22,Cliente_161,Teclado Mecánico,80.0,2,Pendiente
11434,2026-06-03,Cliente_186,Mouse Inalámbrico,30.0,3,Completado
11435,2026-06-27,  Cliente_598  ,Teclado Mecánico,80.0,3,Pendiente
11436,2026-02-12,Cliente_139,Mouse Inalámbrico,30.0,5,Cancelado
11437,2026-02-22,Cliente_240,Mouse Inalámbrico,30.0,2,Completado
11438,2026-07-22,  Cliente_576  ,Auriculares Noise-Canceling,150.0,4,Cancelado
11439,2026-03-17,Cliente_213,Silla Ergonómica,250.0,1,Cancelado
11440,2026-01-11,Cliente_250,Laptop Pro 15,1200.0,-1,Completado
11441,2026-07-30,  Cliente_228  ,Monitor 4K,350.0,5,Completado
11442,2026-03-25,Cliente_289,Laptop Pro 15,1200.0,4,Cancelado
11443,2026-03-25,Cliente_251,Teclado Mecánico,80.0,2,Completado
11444,2026-01-05,Cliente_598,Teclado Mecánico,80.0,1,Cancelado
11445,2026-03-07,Cliente_435,Laptop Pro 15,1200.0,4,Cancelado
11446,2026-02-22,Cliente_238,Auriculares Noise-Canceling,150.0,2,Pendiente
11447,2026-02-07,Cliente_289,Monitor 4K,350.0,4,Completado
11448,2026-02-18,Cliente_191,Mouse Inalámbrico,30.0,0,Completado
11449,2026-07-29,Cliente_191,Silla Ergonómica,250.0,1,Cancelado
11450,2026-08-21,Cliente_333,Monitor 4K,350.0,-1,Pendiente
11451,2026-01-04,Cliente_514,Laptop Pro 15,1200.0,0,Pendiente
11452,2026-06-14,  Cliente_526  ,Mouse Inalámbrico,,5,Completado
11453,03/06/2026,Cliente_422,Monitor 4K,350.0,1,Completado
11454,2026-01-22,Cliente_463,Laptop Pro 15,1200.0,5,Pendiente
11455,2026-05-03,Cliente_270,Auriculares Noise-Canceling,150.0,5,Completado
11456,31/07/2026,Cliente_111,Auriculares Noise-Canceling,150.0,4,Cancelado
11457,2026-08-22,Cliente_101,Teclado Mecánico,80.0,5,Completado
11458,2026-08-24,Cliente_216,Mouse Inalámbrico,30.0,1,Pendiente
11459,2026-02-13,Cliente_352,Silla Ergonómica,250.0,5,Completado
11460,2026-03-27,Cliente_416,Laptop Pro 15,1200.0,1,Completado
11461,2026-06-03,Cliente_272,Laptop Pro 15,1200.0,0,Pendiente
11462,2026-03-15,Cliente_519,Monitor 4K,350.0,4,Completado
11463,2026-07-27,Cliente_236,Teclado Mecánico,80.0,4,Completado
11464,2026-03-23,Cliente_176,Laptop Pro 15,1200.0,0,Pendiente
11465,2026-05-28,Cliente_158,Silla Ergonómica,250.0,2,Completado
11466,2026-04-01,Cliente_298,Monitor 4K,350.0,0,Pendiente
11467,2026-03-27,Cliente_426,Mouse Inalámbrico,30.0,2,Completado
11468,2026-05-17,Cliente_353,Mouse Inalámbrico,30.0,2,Completado
11469,2026-07-18,Cliente_396,Mouse Inalámbrico,30.0,4,Completado
11470,2026-01-05,  Cliente_536  ,Silla Ergonómica,250.0,1,Pendiente
11471,2026-08-06,Cliente_285,Monitor 4K,350.0,-1,Completado
11472,2026-08-27,Cliente_598,Teclado Mecánico,80.0,5,Completado
11473,2026-09-04,Cliente_161,Monitor 4K,350.0,-1,Completado
11474,2026-01-14,Cliente_291,Mouse Inalámbrico,30.0,4,Cancelado
11475,2026-02-07,Cliente_116,Laptop Pro 15,1200.0,3,Completado
11476,2026-02-08,Cliente_314,Monitor 4K,350.0,3,Pendiente
11477,2026-05-01,Cliente_254,Silla Ergonómica,250.0,3,Completado
11478,2026-02-09,  Cliente_157  ,Mouse Inalámbrico,30.0,4,Completado
11479,2026-08-02,Cliente_303,Auriculares Noise-Canceling,150.0,3,Pendiente
11480,2026-03-20,Cliente_357,Auriculares Noise-Canceling,150.0,1,Pendiente
11481,2026-02-02,Cliente_587,Monitor 4K,350.0,-1,Pendiente
11482,2026-09-07,Cliente_482,Auriculares Noise-Canceling,150.0,2,Completado
11483,2026-07-31,Cliente_308,Silla Ergonómica,250.0,1,Completado
11484,2026-01-20,Cliente_154,Teclado Mecánico,80.0,0,Completado
11485,2026-02-24,Cliente_134,Laptop Pro 15,1200.0,0,Completado
11486,2026-03-10,Cliente_224,Monitor 4K,350.0,4,Cancelado
11487,2026-03-22,Cliente_125,Auriculares Noise-Canceling,150.0,5,Completado
11488,2026-05-09,Cliente_304,Laptop Pro 15,1200.0,5,Pendiente
11489,2026-03-26,Cliente_150,Silla Ergonómica,250.0,0,Cancelado
11490,2026-07-23,Cliente_401,Laptop Pro 15,1200.0,5,Cancelado
11491,2026-08-15,Cliente_141,Laptop Pro 15,1200.0,0,Completado
11492,2026-02-11,Cliente_468,Monitor 4K,350.0,4,Cancelado
11493,2026-07-16,Cliente_577,Auriculares Noise-Canceling,150.0,3,Completado
11494,2026-01-11,Cliente_321,Teclado Mecánico,80.0,3,Pendiente
11495,2026-02-09,Cliente_591,Monitor 4K,350.0,3,Pendiente
11496,2026-05-21,Cliente_259,Laptop Pro 15,1200.0,0,Completado
11497,2026-02-11,Cliente_252,Mouse Inalámbrico,30.0,1,Cancelado
11498,2026-04-28,Cliente_496,Teclado Mecánico,80.0,-1,Pendiente
11499,2026-08-29,Cliente_172,Teclado Mecánico,80.0,2,Cancelado
11500,2026-08-08,Cliente_310,Mouse Inalámbrico,30.0,5,Completado
11501,2026-04-06,Cliente_261,Mouse Inalámbrico,30.0,5,Pendiente
11502,2026-01-15,  Cliente_430  ,Auriculares Noise-Canceling,150.0,4,Completado
11503,2026-03-16,Cliente_154,Silla Ergonómica,250.0,-1,Cancelado
11504,2026-06-21,Cliente_337,Mouse Inalámbrico,30.0,0,Pendiente
11505,2026-02-16,Cliente_144,Mouse Inalámbrico,30.0,5,Pendiente
11506,2026-06-04,  Cliente_276  ,Mouse Inalámbrico,30.0,1,Pendiente
11507,2026-05-01,Cliente_586,Laptop Pro 15,1200.0,-1,Completado
11508,2026-08-28,Cliente_132,Teclado Mecánico,80.0,3,Pendiente
11509,2026-07-14,Cliente_588,Mouse Inalámbrico,30.0,0,Completado
11510,2026-04-14,Cliente_241,Teclado Mecánico,80.0,-1,Pendiente
11511,2026-08-01,Cliente_195,Mouse Inalámbrico,30.0,4,Pendiente
11512,2026-08-30,Cliente_279,Teclado Mecánico,80.0,1,Pendiente
11513,2026-04-01,Cliente_324,Auriculares Noise-Canceling,150.0,0,Cancelado
11514,2026-02-20,Cliente_406,Mouse Inalámbrico,30.0,3,Cancelado
11515,2026-07-07,Cliente_581,Auriculares Noise-Canceling,150.0,4,Completado
11516,2026-08-10,Cliente_356,Laptop Pro 15,1200.0,2,Pendiente
11517,2026-08-02,Cliente_583,Teclado Mecánico,80.0,-1,Pendiente
11518,2026-09-08,  Cliente_482  ,Silla Ergonómica,250.0,-1,Cancelado
11519,2026-02-18,Cliente_588,Monitor 4K,350.0,0,Cancelado
11520,2026-03-20,  Cliente_560  ,Laptop Pro 15,1200.0,1,Completado
11521,2026-04-01,Cliente_281,Silla Ergonómica,250.0,2,Pendiente
11522,2026-04-28,Cliente_191,Auriculares Noise-Canceling,150.0,1,Completado
11523,2026-08-05,Cliente_246,Auriculares Noise-Canceling,150.0,3,Pendiente
11524,2026-08-08,Cliente_564,Silla Ergonómica,250.0,3,Completado
11525,2026-01-27,Cliente_311,Laptop Pro 15,1200.0,-1,Cancelado
11526,2026-01-09,Cliente_513,Auriculares Noise-Canceling,150.0,2,Pendiente
11527,2026-02-20,Cliente_159,Monitor 4K,350.0,2,Completado
11528,2026-06-15,Cliente_521,Teclado Mecánico,80.0,2,Pendiente
11529,2026-03-10,Cliente_246,Laptop Pro 15,1200.0,5,Completado
11530,03/03/2026,Cliente_445,Teclado Mecánico,80.0,5,Pendiente
11531,2026-07-29,Cliente_531,Laptop Pro 15,,0,Cancelado
11532,2026-05-23,Cliente_224,Teclado Mecánico,80.0,3,Completado
11533,2026-05-28,  Cliente_578  ,Auriculares Noise-Canceling,150.0,5,Pendiente
11534,2026-03-01,Cliente_324,Silla Ergonómica,250.0,1,Completado
11535,2026-07-15,Cliente_532,Auriculares Noise-Canceling,150.0,3,Completado
11536,2026-01-07,Cliente_148,Auriculares Noise-Canceling,150.0,1,Cancelado
11537,2026-01-21,Cliente_598,Monitor 4K,,4,Completado
11538,2026-04-02,Cliente_499,Silla Ergonómica,250.0,2,Completado
11539,2026-07-26,Cliente_500,Teclado Mecánico,80.0,5,Completado
11540,2026-01-06,Cliente_422,Silla Ergonómica,250.0,-1,Cancelado
11541,2026-03-14,Cliente_173,Laptop Pro 15,1200.0,3,Completado
11542,2026-02-23,Cliente_530,Laptop Pro 15,1200.0,5,Pendiente
11543,2026-02-23,Cliente_140,Laptop Pro 15,1200.0,2,Pendiente
11544,18/03/2026,Cliente_193,Teclado Mecánico,80.0,2,Completado
11545,2026-09-07,Cliente_161,Silla Ergonómica,250.0,3,Completado
11546,2026-05-14,Cliente_182,Mouse Inalámbrico,30.0,3,Completado
11547,2026-07-14,  Cliente_363  ,Monitor 4K,350.0,3,Completado
11548,2026-01-22,Cliente_213,Laptop Pro 15,1200.0,-1,Completado
11549,2026-07-01,Cliente_279,Teclado Mecánico,80.0,0,Completado
11550,2026-04-13,Cliente_585,Mouse Inalámbrico,30.0,2,Completado
11551,2026-09-04,Cliente_244,Monitor 4K,350.0,5,Cancelado
11552,2026-05-05,Cliente_470,Auriculares Noise-Canceling,150.0,5,Pendiente
11553,2026-01-28,Cliente_419,Mouse Inalámbrico,30.0,1,Pendiente
11554,2026-01-17,Cliente_520,Monitor 4K,350.0,1,Completado
11555,2026-08-13,Cliente_524,Auriculares Noise-Canceling,150.0,2,Cancelado
11556,2026-04-20,Cliente_266,Teclado Mecánico,80.0,-1,Completado
11557,2026-07-19,Cliente_175,Monitor 4K,350.0,4,Completado
11558,2026-05-26,Cliente_339,Teclado Mecánico,80.0,4,Completado
11559,2026-02-25,Cliente_370,Auriculares Noise-Canceling,150.0,1,Completado
11560,2026-05-27,Cliente_139,Silla Ergonómica,250.0,5,Pendiente
11561,20/02/2026,Cliente_202,Silla Ergonómica,250.0,1,Pendiente
11562,2026-04-26,Cliente_164,Mouse Inalámbrico,30.0,1,Completado
11563,2026-06-14,  Cliente_110  ,Auriculares Noise-Canceling,150.0,3,Cancelado
11564,14/04/2026,Cliente_596,Laptop Pro 15,1200.0,1,Cancelado
11565,2026-01-25,  Cliente_341  ,Auriculares Noise-Canceling,150.0,4,Pendiente
11566,2026-01-21,Cliente_305,Silla Ergonómica,250.0,1,Completado
11567,2026-05-07,Cliente_333,Mouse Inalámbrico,30.0,2,Completado
11568,31/07/2026,  Cliente_125  ,Teclado Mecánico,80.0,-1,Completado
11569,2026-01-23,Cliente_188,Teclado Mecánico,80.0,4,Completado
11570,2026-08-15,Cliente_233,Auriculares Noise-Canceling,150.0,4,Completado
11571,2026-06-06,Cliente_453,Laptop Pro 15,1200.0,-1,Pendiente
11572,2026-02-02,Cliente_162,Teclado Mecánico,80.0,0,Completado
11573,2026-02-01,Cliente_443,Auriculares Noise-Canceling,150.0,2,Completado
11574,2026-07-17,Cliente_265,Auriculares Noise-Canceling,150.0,2,Completado
11575,2026-05-23,Cliente_281,Laptop Pro 15,1200.0,1,Completado
11576,2026-01-20,Cliente_140,Silla Ergonómica,250.0,5,Completado
11577,2026-02-18,Cliente_298,Monitor 4K,,0,Completado
11578,2026-03-22,Cliente_540,Monitor 4K,350.0,5,Completado
11579,2026-08-23,Cliente_155,Silla Ergonómica,250.0,0,Completado
11580,2026-07-19,Cliente_204,Mouse Inalámbrico,30.0,5,Completado
11581,2026-05-28,Cliente_546,Teclado Mecánico,80.0,4,Completado
11582,2026-08-17,Cliente_109,Mouse Inalámbrico,30.0,4,Completado
11583,2026-01-31,Cliente_236,Laptop Pro 15,1200.0,3,Completado
11584,2026-05-11,Cliente_321,Teclado Mecánico,80.0,0,Pendiente
11585,2026-08-26,Cliente_475,Teclado Mecánico,80.0,-1,Completado
11586,2026-05-07,Cliente_412,Monitor 4K,350.0,3,Completado
11587,2026-01-30,Cliente_213,Silla Ergonómica,250.0,0,Completado
11588,2026-02-27,Cliente_242,Auriculares Noise-Canceling,150.0,-1,Pendiente
11589,2026-06-27,Cliente_551,Mouse Inalámbrico,30.0,0,Completado
11590,2026-06-02,Cliente_462,Monitor 4K,350.0,1,Completado
11591,2026-03-20,Cliente_479,Laptop Pro 15,1200.0,4,Completado
11592,2026-08-19,Cliente_271,Monitor 4K,350.0,-1,Completado
11593,2026-03-09,  Cliente_599  ,Silla Ergonómica,250.0,1,Completado
11594,2026-05-02,Cliente_597,Silla Ergonómica,250.0,-1,Pendiente
11595,2026-06-24,Cliente_391,Monitor 4K,350.0,-1,Completado
11596,2026-01-26,Cliente_149,Auriculares Noise-Canceling,150.0,5,Completado
11597,2026-06-19,Cliente_232,Mouse Inalámbrico,30.0,1,Completado
11598,2026-08-17,Cliente_271,Mouse Inalámbrico,,1,Cancelado
11599,2026-01-06,Cliente_428,Mouse Inalámbrico,30.0,4,Pendiente
11600,2026-03-04,Cliente_116,Monitor 4K,350.0,0,Pendiente
11601,2026-04-07,Cliente_589,Teclado Mecánico,80.0,-1,Completado
11602,2026-05-15,Cliente_549,Silla Ergonómica,250.0,2,Completado
11603,2026-03-21,Cliente_242,Teclado Mecánico,80.0,2,Cancelado
11604,2026-07-23,Cliente_322,Auriculares Noise-Canceling,150.0,5,Completado
11605,2026-02-07,Cliente_451,Teclado Mecánico,80.0,-1,Completado
11606,2026-03-19,Cliente_184,Auriculares Noise-Canceling,150.0,3,Completado
11607,2026-06-01,Cliente_523,Teclado Mecánico,,-1,Pendiente
11608,2026-01-13,Cliente_101,Teclado Mecánico,,1,Completado
11609,2026-05-24,Cliente_494,Teclado Mecánico,80.0,3,Completado
11610,2026-08-24,Cliente_400,Silla Ergonómica,250.0,4,Completado
11611,2026-06-13,Cliente_448,Laptop Pro 15,1200.0,1,Pendiente
11612,2026-05-25,Cliente_189,Laptop Pro 15,1200.0,1,Completado
11613,2026-04-17,Cliente_170,Auriculares Noise-Canceling,150.0,5,Completado
11614,2026-05-20,Cliente_337,Teclado Mecánico,80.0,3,Pendiente
11615,2026-08-28,Cliente_358,Laptop Pro 15,1200.0,2,Completado
11616,29/04/2026,Cliente_311,Mouse Inalámbrico,30.0,2,Cancelado
11617,2026-06-07,  Cliente_172  ,Laptop Pro 15,1200.0,2,Completado
11618,2026-05-25,Cliente_561,Auriculares Noise-Canceling,150.0,0,Completado
11619,2026-07-15,  Cliente_514  ,Mouse Inalámbrico,30.0,4,Pendiente
11620,2026-01-28,Cliente_433,Laptop Pro 15,1200.0,1,Completado
11621,2026-02-01,Cliente_132,Teclado Mecánico,80.0,4,Cancelado
11622,2026-05-24,Cliente_174,Silla Ergonómica,250.0,4,Pendiente
11623,2026-03-19,Cliente_180,Monitor 4K,350.0,4,Completado
11624,2026-02-09,Cliente_101,Mouse Inalámbrico,30.0,0,Completado
11625,2026-08-02,Cliente_113,Auriculares Noise-Canceling,150.0,0,Pendiente
11626,2026-07-29,Cliente_195,Laptop Pro 15,1200.0,1,Cancelado
11627,2026-06-07,Cliente_437,Teclado Mecánico,80.0,4,Completado
11628,2026-03-03,Cliente_437,Silla Ergonómica,,0,Cancelado
11629,2026-09-03,Cliente_152,Monitor 4K,350.0,1,Completado
11630,2026-04-29,Cliente_155,Silla Ergonómica,250.0,2,Pendiente
11631,2026-01-03,Cliente_300,Monitor 4K,,2,Completado
11632,2026-08-21,Cliente_122,Silla Ergonómica,250.0,4,Completado
11633,2026-04-02,Cliente_182,Mouse Inalámbrico,30.0,2,Cancelado
11634,2026-01-17,Cliente_363,Monitor 4K,350.0,4,Completado
11635,2026-08-08,Cliente_467,Teclado Mecánico,80.0,3,Completado
11636,2026-06-15,  Cliente_530  ,Silla Ergonómica,250.0,2,Pendiente
11637,2026-07-18,Cliente_360,Auriculares Noise-Canceling,150.0,3,Completado
11638,2026-05-30,Cliente_279,Monitor 4K,350.0,3,Pendiente
11639,2026-01-25,Cliente_219,Laptop Pro 15,1200.0,5,Pendiente
11640,2026-07-26,Cliente_496,Silla Ergonómica,250.0,5,Completado
11641,2026-07-13,Cliente_297,Laptop Pro 15,1200.0,0,Completado
11642,2026-01-19,  Cliente_484  ,Laptop Pro 15,1200.0,-1,Completado
11643,2026-01-28,Cliente_265,Auriculares Noise-Canceling,150.0,-1,Pendiente
11644,2026-03-06,Cliente_201,Monitor 4K,350.0,3,Completado
11645,2026-07-27,Cliente_371,Monitor 4K,350.0,0,Completado
11646,2026-07-27,  Cliente_118  ,Auriculares Noise-Canceling,,4,Completado
11647,2026-03-29,Cliente_137,Teclado Mecánico,80.0,3,Cancelado
11648,2026-05-09,Cliente_343,Mouse Inalámbrico,30.0,0,Cancelado
11649,2026-06-10,  Cliente_319  ,Auriculares Noise-Canceling,150.0,5,Completado
11650,2026-01-31,Cliente_152,Auriculares Noise-Canceling,150.0,5,Completado
11651,2026-03-16,Cliente_582,Auriculares Noise-Canceling,150.0,-1,Completado
11652,2026-09-05,Cliente_181,Mouse Inalámbrico,30.0,-1,Cancelado
11653,2026-03-21,Cliente_357,Auriculares Noise-Canceling,150.0,3,Completado
11654,2026-08-23,Cliente_580,Auriculares Noise-Canceling,150.0,-1,Completado
11655,2026-07-15,Cliente_555,Laptop Pro 15,1200.0,1,Completado
11656,2026-08-22,Cliente_440,Auriculares Noise-Canceling,150.0,1,Completado
11657,2026-08-02,Cliente_460,Mouse Inalámbrico,30.0,3,Completado
11658,2026-08-26,Cliente_414,Teclado Mecánico,80.0,2,Cancelado
11659,2026-01-10,Cliente_154,Mouse Inalámbrico,30.0,1,Completado
11660,2026-08-13,Cliente_536,Silla Ergonómica,250.0,2,Completado
11661,2026-06-05,Cliente_374,Laptop Pro 15,,5,Completado
11662,2026-02-02,Cliente_457,Auriculares Noise-Canceling,150.0,2,Pendiente
11663,2026-08-20,Cliente_416,Auriculares Noise-Canceling,150.0,2,Completado
11664,31/05/2026,Cliente_148,Teclado Mecánico,80.0,-1,Pendiente
11665,2026-01-12,Cliente_391,Silla Ergonómica,250.0,5,Completado
11666,2026-04-23,  Cliente_165  ,Silla Ergonómica,250.0,-1,Completado
11667,2026-02-03,Cliente_250,Teclado Mecánico,80.0,4,Pendiente
11668,2026-05-20,  Cliente_581  ,Silla Ergonómica,250.0,-1,Completado
11669,2026-05-22,Cliente_500,Monitor 4K,350.0,1,Completado
11670,2026-01-27,Cliente_358,Auriculares Noise-Canceling,150.0,1,Pendiente
11671,2026-08-22,Cliente_205,Silla Ergonómica,250.0,2,Cancelado
11672,2026-07-05,Cliente_291,Monitor 4K,350.0,3,Completado
11673,2026-04-27,Cliente_492,Laptop Pro 15,1200.0,4,Completado
11674,2026-03-18,Cliente_297,Mouse Inalámbrico,30.0,1,Completado
11675,2026-08-09,Cliente_110,Laptop Pro 15,1200.0,3,Pendiente
11676,2026-05-17,Cliente_321,Laptop Pro 15,1200.0,2,Completado
11677,2026-06-05,Cliente_566,Laptop Pro 15,1200.0,1,Completado
11678,2026-03-29,Cliente_115,Teclado Mecánico,80.0,3,Cancelado
11679,2026-07-12,Cliente_477,Mouse Inalámbrico,30.0,5,Completado
11680,2026-08-08,Cliente_248,Auriculares Noise-Canceling,150.0,4,Cancelado
11681,2026-03-08,Cliente_366,Mouse Inalámbrico,30.0,4,Pendiente
11682,2026-03-13,Cliente_108,Mouse Inalámbrico,30.0,0,Completado
11683,2026-05-27,Cliente_273,Laptop Pro 15,1200.0,5,Cancelado
11684,2026-07-27,Cliente_435,Teclado Mecánico,80.0,4,Completado
11685,2026-08-05,Cliente_236,Laptop Pro 15,1200.0,4,Pendiente
11686,2026-05-03,  Cliente_284  ,Laptop Pro 15,1200.0,2,Cancelado
11687,2026-08-18,Cliente_242,Monitor 4K,350.0,3,Completado
11688,2026-03-08,Cliente_242,Laptop Pro 15,1200.0,1,Completado
11689,2026-01-13,Cliente_436,Monitor 4K,350.0,0,Completado
11690,2026-01-11,Cliente_263,Monitor 4K,350.0,5,Completado
11691,2026-06-23,Cliente_109,Laptop Pro 15,1200.0,1,Completado
11692,2026-01-20,Cliente_156,Auriculares Noise-Canceling,150.0,3,Completado
11693,2026-08-01,Cliente_291,Auriculares Noise-Canceling,150.0,0,Pendiente
11694,2026-06-05,Cliente_268,Laptop Pro 15,1200.0,1,Completado
11695,2026-03-17,Cliente_599,Mouse Inalámbrico,30.0,1,Completado
11696,2026-01-28,Cliente_114,Teclado Mecánico,80.0,0,Completado
11697,2026-07-02,Cliente_398,Auriculares Noise-Canceling,150.0,4,Completado
11698,2026-04-08,Cliente_177,Mouse Inalámbrico,30.0,-1,Completado
11699,2026-06-11,Cliente_395,Laptop Pro 15,1200.0,0,Pendiente
11700,2026-01-14,Cliente_509,Auriculares Noise-Canceling,150.0,5,Cancelado
11701,2026-03-17,Cliente_395,Auriculares Noise-Canceling,150.0,1,Completado
11702,2026-07-11,Cliente_262,Monitor 4K,350.0,1,Completado
11703,2026-05-24,Cliente_281,Mouse Inalámbrico,30.0,2,Completado
11704,2026-02-28,Cliente_315,Silla Ergonómica,250.0,0,Completado
11705,2026-02-05,Cliente_441,Auriculares Noise-Canceling,150.0,2,Completado
11706,2026-02-07,Cliente_359,Teclado Mecánico,80.0,-1,Completado
11707,2026-03-09,Cliente_315,Monitor 4K,350.0,-1,Pendiente
11708,2026-01-07,  Cliente_321  ,Silla Ergonómica,250.0,5,Completado
11709,2026-04-19,Cliente_563,Monitor 4K,350.0,3,Pendiente
11710,2026-08-18,Cliente_273,Silla Ergonómica,250.0,4,Completado
11711,2026-01-19,Cliente_124,Auriculares Noise-Canceling,150.0,-1,Completado
11712,2026-04-22,Cliente_528,Mouse Inalámbrico,30.0,4,Pendiente
11713,2026-08-23,Cliente_402,Silla Ergonómica,250.0,0,Cancelado
11714,2026-06-22,Cliente_290,Laptop Pro 15,1200.0,-1,Pendiente
11715,2026-08-30,Cliente_244,Teclado Mecánico,80.0,3,Completado
11716,2026-05-15,Cliente_560,Teclado Mecánico,80.0,-1,Pendiente
11717,06/02/2026,Cliente_589,Teclado Mecánico,80.0,1,Completado
11718,2026-01-26,Cliente_261,Mouse Inalámbrico,30.0,3,Completado
11719,2026-02-13,Cliente_554,Laptop Pro 15,1200.0,2,Completado
11720,2026-01-25,Cliente_173,Auriculares Noise-Canceling,150.0,0,Cancelado
11721,2026-05-18,Cliente_377,Monitor 4K,,-1,Completado
11722,2026-08-30,Cliente_245,Mouse Inalámbrico,30.0,-1,Pendiente
11723,2026-08-24,Cliente_252,Silla Ergonómica,250.0,0,Completado
11724,2026-02-05,Cliente_543,Mouse Inalámbrico,30.0,2,Completado
11725,2026-01-20,Cliente_473,Teclado Mecánico,80.0,4,Cancelado
11726,2026-07-18,Cliente_445,Teclado Mecánico,80.0,4,Completado
11727,2026-02-18,Cliente_263,Laptop Pro 15,1200.0,4,Completado
11728,2026-08-12,Cliente_293,Silla Ergonómica,250.0,0,Completado
11729,2026-05-08,Cliente_476,Teclado Mecánico,80.0,2,Completado
11730,24/02/2026,Cliente_484,Silla Ergonómica,250.0,3,Completado
11731,2026-04-18,Cliente_120,Mouse Inalámbrico,30.0,0,Cancelado
11732,2026-05-16,Cliente_348,Mouse Inalámbrico,30.0,0,Completado
11733,2026-07-23,Cliente_351,Teclado Mecánico,80.0,1,Cancelado
11734,2026-09-04,  Cliente_158  ,Teclado Mecánico,80.0,1,Completado
11735,2026-01-30,Cliente_318,Mouse Inalámbrico,30.0,1,Completado
11736,2026-07-18,Cliente_166,Silla Ergonómica,250.0,4,Pendiente
11737,2026-05-10,  Cliente_238  ,Auriculares Noise-Canceling,150.0,0,Pendiente
11738,2026-04-16,Cliente_263,Laptop Pro 15,1200.0,1,Pendiente
11739,2026-02-26,Cliente_473,Mouse Inalámbrico,30.0,-1,Completado
11740,2026-05-18,Cliente_186,Teclado Mecánico,80.0,0,Completado
11741,2026-09-01,Cliente_111,Auriculares Noise-Canceling,150.0,0,Pendiente
11742,2026-07-16,Cliente_493,Laptop Pro 15,1200.0,1,Completado
11743,2026-08-03,Cliente_181,Auriculares Noise-Canceling,150.0,3,Completado
11744,2026-05-22,Cliente_211,Teclado Mecánico,80.0,1,Completado
11745,2026-05-09,Cliente_153,Laptop Pro 15,1200.0,5,Pendiente
11746,2026-07-17,  Cliente_424  ,Laptop Pro 15,1200.0,1,Completado
11747,2026-04-13,Cliente_436,Teclado Mecánico,80.0,5,Completado
11748,2026-07-07,Cliente_491,Laptop Pro 15,1200.0,3,Completado
11749,2026-07-08,Cliente_149,Silla Ergonómica,250.0,3,Pendiente
11750,2026-04-19,Cliente_266,Monitor 4K,350.0,5,Completado
11751,2026-06-17,  Cliente_597  ,Teclado Mecánico,80.0,0,Pendiente
11752,2026-03-13,Cliente_388,Teclado Mecánico,80.0,0,Cancelado
11753,2026-04-11,Cliente_473,Auriculares Noise-Canceling,150.0,-1,Cancelado
11754,2026-04-12,Cliente_113,Silla Ergonómica,250.0,0,Pendiente
11755,2026-02-06,Cliente_271,Teclado Mecánico,80.0,-1,Completado
11756,2026-06-01,Cliente_351,Laptop Pro 15,1200.0,0,Completado
11757,2026-05-26,Cliente_530,Mouse Inalámbrico,30.0,2,Completado
11758,08/02/2026,Cliente_528,Mouse Inalámbrico,30.0,1,Cancelado
11759,2026-07-13,Cliente_208,Auriculares Noise-Canceling,150.0,-1,Pendiente
11760,2026-07-01,Cliente_337,Auriculares Noise-Canceling,150.0,4,Cancelado
11761,2026-06-29,Cliente_318,Silla Ergonómica,250.0,-1,Completado
11762,2026-04-23,Cliente_202,Laptop Pro 15,1200.0,4,Completado
11763,2026-05-15,Cliente_512,Laptop Pro 15,1200.0,2,Cancelado
11764,2026-07-04,Cliente_251,Mouse Inalámbrico,30.0,1,Completado
11765,2026-02-06,Cliente_185,Auriculares Noise-Canceling,150.0,1,Completado
11766,2026-05-01,Cliente_229,Auriculares Noise-Canceling,150.0,1,Completado
11767,2026-05-15,Cliente_185,Silla Ergonómica,250.0,5,Pendiente
11768,08/09/2026,Cliente_135,Laptop Pro 15,1200.0,0,Completado
11769,2026-01-16,Cliente_149,Monitor 4K,350.0,3,Cancelado
11770,2026-03-30,Cliente_216,Monitor 4K,350.0,4,Completado
11771,2026-03-20,Cliente_474,Teclado Mecánico,80.0,5,Pendiente
11772,2026-06-01,Cliente_140,Teclado Mecánico,80.0,4,Completado
11773,2026-05-14,Cliente_509,Teclado Mecánico,80.0,3,Pendiente
11774,2026-09-05,Cliente_242,Teclado Mecánico,80.0,5,Cancelado
11775,2026-03-01,Cliente_502,Silla Ergonómica,250.0,0,Completado
11776,2026-03-24,Cliente_101,Auriculares Noise-Canceling,150.0,0,Completado
11777,2026-03-25,Cliente_342,Monitor 4K,350.0,2,Completado
11778,2026-05-02,Cliente_462,Monitor 4K,350.0,2,Cancelado
11779,2026-02-12,Cliente_590,Teclado Mecánico,80.0,3,Completado
11780,2026-06-27,Cliente_351,Silla Ergonómica,250.0,2,Completado
11781,2026-08-10,Cliente_113,Auriculares Noise-Canceling,150.0,4,Pendiente
11782,2026-08-13,Cliente_387,Silla Ergonómica,250.0,2,Completado
11783,2026-04-24,Cliente_201,Mouse Inalámbrico,30.0,4,Completado
11784,2026-08-23,  Cliente_289  ,Laptop Pro 15,1200.0,1,Completado
11785,12/04/2026,Cliente_346,Auriculares Noise-Canceling,150.0,4,Completado
11786,2026-07-03,Cliente_542,Teclado Mecánico,80.0,3,Cancelado
11787,2026-06-15,Cliente_548,Silla Ergonómica,250.0,0,Completado
11788,2026-06-30,Cliente_179,Laptop Pro 15,1200.0,3,Completado
11789,2026-06-13,Cliente_328,Laptop Pro 15,1200.0,5,Completado
11790,2026-06-17,Cliente_200,Laptop Pro 15,1200.0,1,Completado
11791,2026-07-01,Cliente_560,Teclado Mecánico,80.0,5,Cancelado
11792,2026-04-14,  Cliente_441  ,Silla Ergonómica,250.0,3,Completado
11793,2026-03-10,Cliente_474,Laptop Pro 15,1200.0,5,Pendiente
11794,2026-02-14,Cliente_310,Laptop Pro 15,1200.0,0,Completado
11795,2026-05-26,Cliente_339,Teclado Mecánico,80.0,1,Completado
11796,2026-02-16,Cliente_147,Auriculares Noise-Canceling,150.0,-1,Completado
11797,2026-01-03,Cliente_504,Teclado Mecánico,80.0,-1,Completado
11798,2026-08-03,Cliente_258,Mouse Inalámbrico,30.0,4,Completado
11799,2026-06-30,Cliente_295,Silla Ergonómica,250.0,0,Completado
11800,2026-03-11,Cliente_197,Monitor 4K,350.0,2,Completado
11801,2026-04-01,Cliente_351,Teclado Mecánico,80.0,2,Completado
11802,13/02/2026,Cliente_526,Silla Ergonómica,250.0,5,Cancelado
11803,2026-04-22,Cliente_460,Mouse Inalámbrico,30.0,3,Completado
11804,2026-07-23,Cliente_481,Monitor 4K,350.0,3,Cancelado
11805,2026-01-30,Cliente_573,Monitor 4K,350.0,2,Completado
11806,2026-04-07,Cliente_389,Mouse Inalámbrico,30.0,3,Completado
11807,2026-01-03,Cliente_562,Teclado Mecánico,80.0,4,Pendiente
11808,2026-03-20,Cliente_284,Teclado Mecánico,80.0,-1,Cancelado
11809,2026-06-01,Cliente_334,Monitor 4K,350.0,2,Pendiente
11810,2026-04-06,Cliente_471,Silla Ergonómica,250.0,5,Pendiente
11811,2026-03-01,Cliente_550,Silla Ergonómica,250.0,-1,Cancelado
11812,2026-04-13,Cliente_396,Laptop Pro 15,1200.0,5,Completado
11813,2026-06-28,Cliente_595,Auriculares Noise-Canceling,150.0,1,Completado
11814,2026-09-03,Cliente_504,Auriculares Noise-Canceling,150.0,0,Completado
11815,2026-04-12,Cliente_335,Teclado Mecánico,80.0,0,Completado
11816,2026-02-17,Cliente_142,Silla Ergonómica,250.0,0,Completado
11817,2026-08-05,Cliente_385,Mouse Inalámbrico,30.0,0,Completado
11818,2026-04-11,Cliente_452,Mouse Inalámbrico,30.0,-1,Pendiente
11819,2026-08-23,Cliente_491,Silla Ergonómica,250.0,2,Completado
11820,2026-08-18,Cliente_268,Teclado Mecánico,80.0,0,Pendiente
11821,2026-07-09,Cliente_443,Auriculares Noise-Canceling,150.0,-1,Completado
11822,2026-04-03,Cliente_289,Monitor 4K,350.0,0,Completado
11823,2026-02-28,Cliente_431,Auriculares Noise-Canceling,150.0,2,Completado
11824,2026-06-17,  Cliente_297  ,Laptop Pro 15,1200.0,2,Completado
11825,2026-03-08,Cliente_118,Teclado Mecánico,80.0,4,Pendiente
11826,2026-04-30,Cliente_155,Monitor 4K,350.0,4,Completado
11827,26/07/2026,Cliente_512,Silla Ergonómica,250.0,4,Completado
11828,2026-05-05,Cliente_106,Monitor 4K,350.0,2,Pendiente
11829,2026-06-12,Cliente_480,Mouse Inalámbrico,30.0,1,Pendiente
11830,2026-05-17,Cliente_533,Auriculares Noise-Canceling,150.0,2,Completado
11831,2026-06-22,Cliente_546,Monitor 4K,350.0,3,Completado
11832,2026-05-12,Cliente_202,Teclado Mecánico,80.0,4,Pendiente
11833,2026-05-06,  Cliente_545  ,Mouse Inalámbrico,30.0,1,Completado
11834,2026-03-17,Cliente_446,Auriculares Noise-Canceling,150.0,1,Completado
11835,2026-04-25,Cliente_109,Auriculares Noise-Canceling,150.0,1,Completado
11836,2026-04-12,  Cliente_479  ,Auriculares Noise-Canceling,150.0,4,Completado
11837,2026-04-21,Cliente_353,Auriculares Noise-Canceling,150.0,4,Completado
11838,2026-08-02,Cliente_563,Mouse Inalámbrico,30.0,0,Cancelado
11839,2026-02-07,Cliente_120,Auriculares Noise-Canceling,150.0,-1,Completado
11840,2026-06-13,  Cliente_575  ,Mouse Inalámbrico,30.0,4,Pendiente
11841,2026-07-10,Cliente_435,Mouse Inalámbrico,,4,Pendiente
11842,2026-06-07,Cliente_256,Laptop Pro 15,1200.0,3,Completado
11843,2026-07-14,Cliente_211,Silla Ergonómica,250.0,1,Completado
11844,2026-01-12,Cliente_444,Silla Ergonómica,250.0,0,Completado
11845,2026-07-20,Cliente_110,Silla Ergonómica,250.0,-1,Completado
11846,2026-03-23,Cliente_426,Teclado Mecánico,80.0,3,Completado
11847,2026-07-06,  Cliente_248  ,Laptop Pro 15,1200.0,0,Pendiente
11848,2026-05-02,Cliente_300,Auriculares Noise-Canceling,150.0,3,Completado
11849,2026-04-29,Cliente_178,Teclado Mecánico,80.0,1,Pendiente
11850,14/04/2026,Cliente_231,Monitor 4K,350.0,0,Cancelado
11851,2026-02-23,Cliente_143,Laptop Pro 15,1200.0,3,Cancelado
11852,30/04/2026,Cliente_446,Teclado Mecánico,80.0,5,Cancelado
11853,15/07/2026,Cliente_313,Auriculares Noise-Canceling,150.0,1,Completado
11854,2026-02-03,Cliente_376,Auriculares Noise-Canceling,150.0,0,Completado
11855,2026-03-16,Cliente_393,Laptop Pro 15,1200.0,0,Completado
11856,2026-02-25,Cliente_485,Silla Ergonómica,250.0,3,Cancelado
11857,2026-08-15,Cliente_441,Teclado Mecánico,80.0,1,Completado
11858,2026-05-07,Cliente_307,Auriculares Noise-Canceling,150.0,2,Completado
11859,2026-01-01,Cliente_248,Mouse Inalámbrico,30.0,5,Completado
11860,2026-05-29,Cliente_297,Mouse Inalámbrico,30.0,4,Pendiente
11861,2026-06-06,Cliente_171,Mouse Inalámbrico,30.0,-1,Completado
11862,2026-06-06,Cliente_267,Auriculares Noise-Canceling,150.0,2,Cancelado
11863,2026-07-10,Cliente_112,Silla Ergonómica,250.0,-1,Pendiente
11864,2026-04-28,Cliente_183,Auriculares Noise-Canceling,150.0,0,Completado
11865,2026-02-03,Cliente_266,Monitor 4K,350.0,4,Completado
11866,2026-04-24,Cliente_409,Monitor 4K,350.0,2,Completado
11867,2026-03-26,Cliente_529,Mouse Inalámbrico,30.0,-1,Completado
11868,2026-06-24,  Cliente_117  ,Monitor 4K,350.0,-1,Cancelado
11869,2026-03-08,Cliente_591,Mouse Inalámbrico,30.0,-1,Cancelado
11870,02/07/2026,Cliente_374,Laptop Pro 15,1200.0,3,Pendiente
11871,2026-07-05,Cliente_522,Silla Ergonómica,250.0,5,Completado
11872,2026-04-20,Cliente_326,Mouse Inalámbrico,30.0,3,Completado
11873,2026-07-22,Cliente_486,Monitor 4K,350.0,5,Completado
11874,2026-07-23,Cliente_225,Teclado Mecánico,80.0,1,Completado
11875,2026-07-01,  Cliente_561  ,Laptop Pro 15,1200.0,4,Completado
11876,2026-04-26,Cliente_504,Teclado Mecánico,80.0,4,Cancelado
11877,15/03/2026,Cliente_368,Teclado Mecánico,80.0,5,Completado
11878,2026-02-10,Cliente_467,Auriculares Noise-Canceling,150.0,1,Completado
11879,2026-07-26,Cliente_481,Mouse Inalámbrico,30.0,4,Completado
11880,2026-01-08,Cliente_217,Auriculares Noise-Canceling,150.0,2,Cancelado
11881,2026-05-11,Cliente_470,Teclado Mecánico,80.0,-1,Cancelado
11882,2026-02-09,Cliente_430,Mouse Inalámbrico,30.0,0,Cancelado
11883,2026-06-15,Cliente_349,Teclado Mecánico,80.0,2,Cancelado
11884,2026-01-17,  Cliente_585  ,Mouse Inalámbrico,30.0,2,Completado
11885,2026-07-22,Cliente_474,Monitor 4K,350.0,1,Completado
11886,2026-01-04,Cliente_565,Teclado Mecánico,80.0,3,Cancelado
11887,2026-06-10,Cliente_305,Monitor 4K,350.0,1,Completado
11888,2026-07-09,Cliente_534,Auriculares Noise-Canceling,150.0,3,Completado
11889,2026-07-24,Cliente_232,Laptop Pro 15,1200.0,3,Completado
11890,2026-03-10,Cliente_412,Monitor 4K,350.0,2,Completado
11891,2026-08-20,Cliente_564,Silla Ergonómica,250.0,5,Completado
11892,2026-05-03,Cliente_398,Laptop Pro 15,1200.0,0,Cancelado
11893,2026-01-30,  Cliente_345  ,Laptop Pro 15,1200.0,4,Pendiente
11894,2026-03-18,Cliente_350,Monitor 4K,350.0,3,Cancelado
11895,2026-07-19,Cliente_327,Mouse Inalámbrico,30.0,-1,Cancelado
11896,2026-07-13,Cliente_229,Silla Ergonómica,250.0,2,Completado
11897,2026-03-14,Cliente_364,Mouse Inalámbrico,30.0,1,Completado
11898,2026-05-24,Cliente_448,Teclado Mecánico,80.0,0,Pendiente
11899,2026-08-17,Cliente_264,Laptop Pro 15,1200.0,0,Pendiente
11900,2026-03-19,Cliente_445,Mouse Inalámbrico,30.0,-1,Pendiente
11901,2026-07-19,Cliente_200,Teclado Mecánico,80.0,3,Completado
11902,2026-05-01,Cliente_372,Monitor 4K,350.0,1,Completado
11903,2026-02-19,Cliente_181,Auriculares Noise-Canceling,150.0,4,Completado
11904,2026-05-02,Cliente_365,Monitor 4K,350.0,0,Pendiente
11905,2026-08-02,Cliente_539,Silla Ergonómica,250.0,1,Completado
11906,2026-04-26,Cliente_262,Teclado Mecánico,80.0,1,Cancelado
11907,2026-01-15,Cliente_307,Mouse Inalámbrico,30.0,-1,Completado
11908,2026-07-29,Cliente_110,Silla Ergonómica,250.0,2,Completado
11909,2026-03-24,Cliente_113,Silla Ergonómica,250.0,1,Pendiente
11910,2026-06-08,Cliente_211,Teclado Mecánico,80.0,4,Completado
11911,2026-08-30,Cliente_346,Laptop Pro 15,1200.0,0,Pendiente
11912,2026-06-30,Cliente_566,Laptop Pro 15,1200.0,2,Completado
11913,2026-03-29,Cliente_428,Auriculares Noise-Canceling,150.0,-1,Completado
11914,2026-07-11,Cliente_551,Mouse Inalámbrico,30.0,-1,Pendiente
11915,2026-05-24,Cliente_203,Monitor 4K,350.0,3,Completado
11916,2026-05-16,Cliente_386,Teclado Mecánico,80.0,5,Completado
11917,2026-07-02,Cliente_459,Monitor 4K,350.0,-1,Completado
11918,2026-02-28,Cliente_340,Mouse Inalámbrico,30.0,0,Completado
11919,2026-07-11,Cliente_410,Monitor 4K,350.0,4,Completado
11920,24/07/2026,Cliente_350,Laptop Pro 15,1200.0,2,Cancelado
11921,2026-04-22,Cliente_390,Laptop Pro 15,1200.0,3,Cancelado
11922,2026-06-12,Cliente_271,Teclado Mecánico,80.0,2,Completado
11923,2026-02-10,Cliente_373,Auriculares Noise-Canceling,150.0,3,Completado
11924,2026-07-12,Cliente_198,Auriculares Noise-Canceling,150.0,3,Pendiente
11925,2026-01-19,Cliente_270,Teclado Mecánico,80.0,4,Cancelado
11926,2026-08-31,Cliente_520,Teclado Mecánico,80.0,5,Completado
11927,05/01/2026,Cliente_300,Mouse Inalámbrico,30.0,-1,Completado
11928,2026-07-16,Cliente_446,Mouse Inalámbrico,30.0,5,Pendiente
11929,2026-04-01,Cliente_574,Silla Ergonómica,250.0,5,Cancelado
11930,26/01/2026,Cliente_193,Monitor 4K,350.0,0,Cancelado
11931,2026-03-25,Cliente_136,Laptop Pro 15,1200.0,3,Completado
11932,2026-03-01,Cliente_239,Silla Ergonómica,250.0,1,Completado
11933,07/04/2026,Cliente_586,Teclado Mecánico,,2,Completado
11934,2026-07-17,Cliente_206,Mouse Inalámbrico,30.0,2,Completado
11935,2026-05-13,Cliente_471,Laptop Pro 15,1200.0,3,Completado
11936,2026-03-23,Cliente_484,Laptop Pro 15,1200.0,4,Completado
11937,2026-01-29,Cliente_361,Laptop Pro 15,1200.0,1,Completado
11938,2026-01-26,Cliente_540,Laptop Pro 15,1200.0,2,Completado
11939,2026-06-29,Cliente_218,Laptop Pro 15,1200.0,5,Pendiente
11940,24/03/2026,Cliente_560,Mouse Inalámbrico,,1,Completado
11941,2026-06-27,Cliente_172,Monitor 4K,350.0,0,Completado
11942,2026-03-17,Cliente_439,Laptop Pro 15,1200.0,0,Pendiente
11943,2026-02-08,Cliente_595,Monitor 4K,350.0,0,Completado
11944,2026-05-08,Cliente_116,Teclado Mecánico,80.0,-1,Pendiente
11945,2026-01-08,Cliente_265,Silla Ergonómica,250.0,5,Completado
11946,2026-08-22,Cliente_174,Laptop Pro 15,1200.0,-1,Cancelado
11947,26/01/2026,Cliente_181,Mouse Inalámbrico,30.0,4,Completado
11948,2026-04-29,Cliente_344,Laptop Pro 15,1200.0,-1,Cancelado
11949,2026-03-21,Cliente_101,Mouse Inalámbrico,30.0,3,Completado
11950,2026-06-21,Cliente_415,Monitor 4K,350.0,3,Pendiente
11951,2026-02-26,Cliente_165,Mouse Inalámbrico,30.0,5,Completado
11952,2026-03-14,  Cliente_307  ,Monitor 4K,350.0,4,Completado
11953,2026-03-26,Cliente_255,Monitor 4K,350.0,0,Pendiente
11954,2026-03-10,Cliente_553,Silla Ergonómica,250.0,3,Completado
11955,2026-08-28,Cliente_478,Teclado Mecánico,80.0,4,Pendiente
11956,2026-02-06,Cliente_108,Silla Ergonómica,250.0,0,Completado
11957,2026-08-08,Cliente_348,Monitor 4K,350.0,-1,Cancelado
11958,2026-05-20,Cliente_235,Mouse Inalámbrico,30.0,0,Completado
11959,2026-02-17,Cliente_557,Silla Ergonómica,250.0,1,Pendiente
11960,2026-07-15,Cliente_276,Auriculares Noise-Canceling,150.0,-1,Completado
11961,2026-01-25,Cliente_165,Teclado Mecánico,80.0,-1,Pendiente
11962,2026-03-30,Cliente_548,Laptop Pro 15,1200.0,4,Pendiente
11963,2026-05-10,Cliente_598,Auriculares Noise-Canceling,150.0,-1,Cancelado
11964,2026-02-20,Cliente_109,Monitor 4K,350.0,4,Completado
11965,15/05/2026,Cliente_372,Auriculares Noise-Canceling,150.0,0,Cancelado
11966,2026-02-12,Cliente_372,Teclado Mecánico,80.0,4,Completado
11967,2026-08-04,Cliente_216,Silla Ergonómica,250.0,4,Completado
11968,13/03/2026,Cliente_204,Auriculares Noise-Canceling,150.0,3,Pendiente
11969,2026-05-02,Cliente_558,Teclado Mecánico,80.0,3,Completado
11970,2026-05-23,  Cliente_463  ,Silla Ergonómica,250.0,-1,Completado
11971,2026-02-05,  Cliente_311  ,Silla Ergonómica,250.0,-1,Completado
11972,2026-06-01,Cliente_301,Monitor 4K,350.0,0,Completado
11973,2026-02-01,Cliente_306,Laptop Pro 15,1200.0,1,Cancelado
11974,2026-07-14,Cliente_242,Silla Ergonómica,250.0,2,Completado
11975,2026-05-01,Cliente_407,Auriculares Noise-Canceling,150.0,-1,Pendiente
11976,2026-02-09,Cliente_333,Teclado Mecánico,80.0,3,Completado
11977,2026-03-07,Cliente_557,Teclado Mecánico,80.0,-1,Pendiente
11978,2026-05-05,Cliente_507,Mouse Inalámbrico,30.0,4,Completado
11979,2026-08-10,Cliente_407,Auriculares Noise-Canceling,150.0,4,Pendiente
11980,2026-08-10,  Cliente_154  ,Silla Ergonómica,250.0,2,Completado
11981,2026-03-06,Cliente_529,Teclado Mecánico,80.0,1,Completado
11982,2026-05-07,Cliente_400,Laptop Pro 15,1200.0,5,Pendiente
11983,2026-05-24,Cliente_350,Silla Ergonómica,250.0,5,Cancelado
11984,2026-01-11,Cliente_296,Mouse Inalámbrico,30.0,5,Cancelado
11985,2026-07-15,  Cliente_595  ,Silla Ergonómica,250.0,3,Cancelado
11986,2026-07-03,Cliente_302,Silla Ergonómica,250.0,3,Completado
11987,14/05/2026,Cliente_543,Silla Ergonómica,250.0,5,Pendiente
11988,2026-02-25,Cliente_114,Silla Ergonómica,250.0,2,Completado
11989,25/07/2026,Cliente_312,Silla Ergonómica,250.0,-1,Pendiente
11990,2026-09-05,Cliente_599,Teclado Mecánico,80.0,4,Pendiente
11991,2026-07-16,Cliente_235,Laptop Pro 15,1200.0,4,Completado
11992,2026-04-13,Cliente_480,Auriculares Noise-Canceling,150.0,3,Completado
11993,2026-07-09,Cliente_376,Mouse Inalámbrico,30.0,1,Completado
11994,2026-06-13,Cliente_147,Teclado Mecánico,80.0,-1,Cancelado
11995,2026-08-08,Cliente_236,Mouse Inalámbrico,30.0,5,Completado
11996,2026-02-13,Cliente_592,Teclado Mecánico,80.0,1,Completado
11997,2026-03-17,Cliente_387,Monitor 4K,350.0,3,Cancelado
11998,2026-01-24,  Cliente_148  ,Monitor 4K,350.0,4,Pendiente
11999,2026-02-04,Cliente_304,Teclado Mecánico,80.0,1,Completado
12000,2026-09-06,Cliente_392,Silla Ergonómica,250.0,5,Completado
12001,12/03/2026,Cliente_442,Mouse Inalámbrico,30.0,0,Completado
12002,2026-06-15,Cliente_326,Silla Ergonómica,250.0,0,Completado
12003,2026-08-03,Cliente_348,Laptop Pro 15,1200.0,-1,Cancelado
12004,2026-05-13,Cliente_535,Auriculares Noise-Canceling,150.0,0,Cancelado
12005,2026-07-25,Cliente_287,Mouse Inalámbrico,30.0,4,Pendiente
12006,2026-01-20,Cliente_283,Teclado Mecánico,80.0,0,Completado
12007,2026-05-29,Cliente_376,Teclado Mecánico,80.0,4,Cancelado
12008,2026-06-04,Cliente_524,Silla Ergonómica,250.0,1,Completado
12009,2026-04-30,Cliente_215,Silla Ergonómica,250.0,3,Completado
12010,2026-09-02,Cliente_134,Mouse Inalámbrico,30.0,2,Completado
12011,2026-05-03,  Cliente_278  ,Auriculares Noise-Canceling,150.0,4,Completado
12012,2026-05-26,Cliente_242,Laptop Pro 15,1200.0,-1,Completado
12013,2026-02-04,Cliente_583,Silla Ergonómica,250.0,2,Completado
12014,2026-03-26,Cliente_256,Silla Ergonómica,250.0,3,Cancelado
12015,2026-03-22,Cliente_401,Mouse Inalámbrico,30.0,3,Cancelado
12016,2026-09-08,Cliente_497,Laptop Pro 15,1200.0,1,Completado
12017,2026-09-08,Cliente_228,Auriculares Noise-Canceling,150.0,0,Completado
12018,2026-01-23,Cliente_270,Monitor 4K,,2,Pendiente
12019,2026-04-08,Cliente_309,Auriculares Noise-Canceling,150.0,4,Completado
12020,2026-04-21,Cliente_463,Teclado Mecánico,80.0,1,Pendiente
12021,2026-06-15,Cliente_280,Laptop Pro 15,1200.0,2,Completado
12022,2026-06-05,Cliente_551,Mouse Inalámbrico,30.0,3,Cancelado
12023,16/05/2026,Cliente_594,Laptop Pro 15,1200.0,-1,Completado
12024,2026-04-06,Cliente_389,Mouse Inalámbrico,30.0,5,Completado
12025,2026-09-07,Cliente_212,Monitor 4K,350.0,2,Completado
12026,2026-08-05,Cliente_462,Auriculares Noise-Canceling,150.0,0,Completado
12027,2026-01-10,Cliente_419,Auriculares Noise-Canceling,150.0,5,Completado
12028,2026-06-01,Cliente_193,Teclado Mecánico,80.0,-1,Completado
12029,2026-03-28,Cliente_572,Mouse Inalámbrico,30.0,0,Cancelado
12030,2026-03-28,Cliente_134,Mouse Inalámbrico,30.0,-1,Completado
12031,2026-01-11,Cliente_307,Monitor 4K,350.0,2,Pendiente
12032,2026-05-14,Cliente_535,Silla Ergonómica,250.0,5,Completado
12033,2026-07-13,Cliente_302,Auriculares Noise-Canceling,150.0,4,Completado
12034,2026-08-30,Cliente_250,Teclado Mecánico,80.0,2,Pendiente
12035,2026-03-24,  Cliente_154  ,Mouse Inalámbrico,30.0,2,Cancelado
12036,2026-06-25,Cliente_495,Mouse Inalámbrico,30.0,5,Cancelado
12037,2026-07-11,Cliente_401,Laptop Pro 15,1200.0,-1,Cancelado
12038,2026-01-13,  Cliente_115  ,Monitor 4K,350.0,4,Pendiente
12039,2026-06-25,  Cliente_523  ,Monitor 4K,350.0,3,Cancelado
12040,2026-01-12,Cliente_458,Auriculares Noise-Canceling,150.0,3,Completado
12041,2026-07-02,Cliente_138,Mouse Inalámbrico,30.0,0,Completado
12042,2026-02-22,  Cliente_296  ,Auriculares Noise-Canceling,150.0,-1,Completado
12043,2026-08-01,Cliente_569,Teclado Mecánico,,0,Completado
12044,2026-01-12,Cliente_306,Mouse Inalámbrico,30.0,1,Cancelado
12045,2026-06-24,Cliente_317,Monitor 4K,350.0,1,Completado
12046,2026-04-15,Cliente_240,Monitor 4K,350.0,4,Pendiente
12047,2026-07-19,Cliente_519,Mouse Inalámbrico,30.0,5,Cancelado
12048,2026-04-25,  Cliente_493  ,Laptop Pro 15,1200.0,2,Completado
12049,2026-05-06,Cliente_506,Laptop Pro 15,1200.0,-1,Cancelado
12050,2026-07-03,Cliente_449,Teclado Mecánico,80.0,4,Pendiente
12051,2026-01-28,Cliente_234,Teclado Mecánico,80.0,1,Pendiente
12052,2026-02-02,Cliente_203,Monitor 4K,350.0,3,Completado
12053,2026-04-10,Cliente_527,Mouse Inalámbrico,30.0,-1,Completado
12054,2026-04-24,Cliente_174,Monitor 4K,350.0,1,Completado
12055,2026-02-23,Cliente_494,Silla Ergonómica,250.0,5,Completado
12056,2026-03-06,Cliente_587,Auriculares Noise-Canceling,,0,Completado
12057,2026-02-09,  Cliente_295  ,Mouse Inalámbrico,30.0,4,Cancelado
12058,2026-07-04,Cliente_437,Laptop Pro 15,1200.0,4,Pendiente
12059,2026-02-11,Cliente_386,Laptop Pro 15,1200.0,3,Completado
12060,2026-01-05,Cliente_374,Laptop Pro 15,1200.0,-1,Completado
12061,2026-01-27,  Cliente_562  ,Silla Ergonómica,250.0,1,Completado
12062,2026-05-26,Cliente_494,Mouse Inalámbrico,,-1,Completado
12063,2026-07-30,  Cliente_433  ,Silla Ergonómica,250.0,3,Cancelado
12064,2026-08-22,Cliente_331,Silla Ergonómica,250.0,4,Pendiente
12065,2026-08-19,Cliente_571,Auriculares Noise-Canceling,150.0,4,Cancelado
12066,2026-09-04,Cliente_190,Teclado Mecánico,80.0,1,Completado
12067,06/02/2026,Cliente_254,Monitor 4K,350.0,-1,Pendiente
12068,2026-02-02,Cliente_306,Silla Ergonómica,250.0,5,Completado
12069,2026-07-07,Cliente_336,Monitor 4K,350.0,2,Pendiente
12070,2026-07-05,Cliente_169,Mouse Inalámbrico,30.0,1,Completado
12071,2026-07-06,Cliente_548,Monitor 4K,350.0,3,Cancelado
12072,2026-04-15,Cliente_506,Teclado Mecánico,80.0,3,Completado
12073,2026-04-26,Cliente_434,Monitor 4K,350.0,2,Cancelado
12074,2026-02-10,Cliente_556,Mouse Inalámbrico,30.0,0,Cancelado
12075,2026-04-09,  Cliente_206  ,Mouse Inalámbrico,30.0,2,Completado
12076,2026-06-14,Cliente_180,Teclado Mecánico,80.0,4,Completado
12077,2026-02-03,Cliente_479,Monitor 4K,350.0,2,Pendiente
12078,2026-06-10,Cliente_477,Teclado Mecánico,80.0,5,Completado
12079,2026-01-14,Cliente_546,Laptop Pro 15,1200.0,-1,Completado
12080,2026-09-03,Cliente_178,Teclado Mecánico,80.0,1,Completado
12081,2026-04-25,Cliente_525,Teclado Mecánico,80.0,1,Completado
12082,2026-08-14,Cliente_562,Teclado Mecánico,80.0,5,Pendiente
12083,2026-05-22,Cliente_388,Laptop Pro 15,1200.0,3,Completado
12084,2026-08-31,Cliente_440,Silla Ergonómica,250.0,0,Pendiente
12085,2026-04-08,Cliente_343,Laptop Pro 15,1200.0,0,Completado
12086,2026-05-30,Cliente_326,Auriculares Noise-Canceling,150.0,5,Pendiente
12087,2026-03-28,Cliente_554,Laptop Pro 15,1200.0,4,Completado
12088,2026-08-23,Cliente_302,Laptop Pro 15,1200.0,3,Completado
12089,2026-01-22,Cliente_503,Silla Ergonómica,250.0,4,Pendiente
12090,2026-04-04,Cliente_187,Laptop Pro 15,1200.0,3,Completado
12091,2026-05-06,Cliente_113,Auriculares Noise-Canceling,150.0,3,Completado
12092,2026-04-21,Cliente_330,Laptop Pro 15,1200.0,4,Completado
12093,2026-03-27,Cliente_142,Silla Ergonómica,250.0,4,Completado
12094,2026-02-21,  Cliente_295  ,Auriculares Noise-Canceling,,3,Pendiente
12095,2026-03-27,Cliente_293,Mouse Inalámbrico,30.0,4,Cancelado
12096,2026-07-04,Cliente_278,Mouse Inalámbrico,30.0,1,Completado
12097,2026-06-21,Cliente_571,Mouse Inalámbrico,30.0,-1,Completado
12098,2026-07-15,Cliente_513,Auriculares Noise-Canceling,150.0,-1,Completado
12099,2026-07-19,Cliente_222,Monitor 4K,350.0,0,Completado
12100,2026-08-21,Cliente_546,Laptop Pro 15,1200.0,4,Completado
12101,2026-08-12,Cliente_424,Auriculares Noise-Canceling,150.0,5,Completado
12102,2026-07-10,Cliente_571,Auriculares Noise-Canceling,150.0,4,Completado
12103,2026-06-25,  Cliente_506  ,Laptop Pro 15,1200.0,-1,Completado
12104,2026-05-02,Cliente_199,Silla Ergonómica,250.0,1,Pendiente
12105,2026-06-01,Cliente_447,Auriculares Noise-Canceling,150.0,2,Completado
12106,2026-02-20,  Cliente_599  ,Mouse Inalámbrico,30.0,-1,Cancelado
12107,2026-01-20,Cliente_490,Auriculares Noise-Canceling,150.0,4,Completado
12108,2026-06-03,Cliente_252,Monitor 4K,350.0,4,Completado
12109,16/05/2026,Cliente_224,Monitor 4K,350.0,5,Completado
12110,2026-03-30,  Cliente_353  ,Teclado Mecánico,80.0,-1,Completado
12111,2026-08-19,  Cliente_492  ,Auriculares Noise-Canceling,150.0,2,Completado
12112,2026-08-23,Cliente_570,Silla Ergonómica,250.0,1,Cancelado
12113,2026-03-23,Cliente_530,Silla Ergonómica,250.0,3,Pendiente
12114,2026-07-10,Cliente_380,Teclado Mecánico,80.0,5,Cancelado
12115,2026-04-29,Cliente_551,Monitor 4K,350.0,1,Pendiente
12116,2026-07-08,Cliente_173,Mouse Inalámbrico,30.0,2,Pendiente
12117,2026-06-11,Cliente_546,Laptop Pro 15,1200.0,5,Completado
12118,2026-02-08,Cliente_189,Laptop Pro 15,1200.0,5,Completado
12119,2026-03-28,Cliente_239,Monitor 4K,350.0,2,Pendiente
12120,2026-03-13,Cliente_382,Mouse Inalámbrico,30.0,5,Pendiente
12121,2026-02-10,Cliente_537,Auriculares Noise-Canceling,150.0,2,Completado
12122,2026-05-03,Cliente_462,Teclado Mecánico,80.0,-1,Completado
12123,06/05/2026,Cliente_314,Monitor 4K,350.0,2,Completado
12124,2026-04-20,Cliente_417,Silla Ergonómica,250.0,4,Cancelado
12125,2026-06-26,Cliente_514,Monitor 4K,350.0,1,Completado
12126,2026-04-17,  Cliente_290  ,Auriculares Noise-Canceling,150.0,-1,Completado
12127,2026-08-23,Cliente_425,Silla Ergonómica,250.0,5,Pendiente
12128,2026-02-19,Cliente_458,Teclado Mecánico,80.0,3,Completado
12129,2026-03-02,Cliente_413,Silla Ergonómica,250.0,0,Completado
12130,2026-01-25,Cliente_551,Mouse Inalámbrico,30.0,-1,Completado
12131,2026-08-19,Cliente_409,Auriculares Noise-Canceling,150.0,3,Completado
12132,2026-03-12,Cliente_495,Laptop Pro 15,1200.0,5,Completado
12133,2026-04-02,Cliente_268,Laptop Pro 15,1200.0,0,Pendiente
12134,2026-03-22,Cliente_349,Auriculares Noise-Canceling,150.0,1,Cancelado
12135,2026-06-02,Cliente_573,Monitor 4K,350.0,4,Completado
12136,2026-03-14,Cliente_359,Silla Ergonómica,250.0,0,Pendiente
12137,2026-02-22,  Cliente_234  ,Mouse Inalámbrico,30.0,5,Completado
12138,2026-04-30,Cliente_289,Laptop Pro 15,1200.0,5,Completado
12139,2026-07-14,Cliente_328,Mouse Inalámbrico,30.0,3,Completado
12140,2026-02-11,Cliente_246,Mouse Inalámbrico,30.0,4,Completado
12141,2026-04-05,Cliente_345,Laptop Pro 15,1200.0,5,Pendiente
12142,2026-02-15,Cliente_303,Auriculares Noise-Canceling,,2,Completado
12143,2026-08-15,Cliente_121,Silla Ergonómica,250.0,3,Completado
12144,2026-05-14,Cliente_153,Mouse Inalámbrico,30.0,-1,Completado
12145,2026-03-29,Cliente_312,Laptop Pro 15,1200.0,1,Pendiente
12146,2026-04-12,Cliente_505,Mouse Inalámbrico,30.0,3,Cancelado
12147,2026-08-22,Cliente_491,Laptop Pro 15,1200.0,2,Completado
12148,2026-06-14,Cliente_127,Monitor 4K,350.0,4,Completado
12149,2026-02-09,Cliente_587,Mouse Inalámbrico,30.0,0,Completado
12150,12/04/2026,Cliente_444,Auriculares Noise-Canceling,150.0,2,Completado
12151,18/01/2026,Cliente_382,Mouse Inalámbrico,,4,Cancelado
12152,2026-06-29,Cliente_279,Laptop Pro 15,1200.0,3,Completado
12153,18/05/2026,Cliente_178,Auriculares Noise-Canceling,150.0,0,Cancelado
12154,2026-08-02,Cliente_182,Teclado Mecánico,80.0,1,Cancelado
12155,2026-01-31,Cliente_302,Teclado Mecánico,80.0,1,Pendiente
12156,2026-04-14,Cliente_495,Laptop Pro 15,1200.0,4,Completado
12157,2026-02-22,Cliente_548,Laptop Pro 15,1200.0,-1,Cancelado
12158,2026-08-15,Cliente_210,Silla Ergonómica,250.0,5,Completado
12159,2026-08-16,Cliente_391,Teclado Mecánico,80.0,4,Completado
12160,2026-02-16,  Cliente_525  ,Monitor 4K,350.0,1,Completado
12161,2026-04-11,Cliente_335,Mouse Inalámbrico,30.0,2,Completado
12162,2026-08-08,Cliente_442,Mouse Inalámbrico,30.0,3,Completado
12163,2026-01-13,Cliente_418,Auriculares Noise-Canceling,150.0,-1,Completado
12164,2026-02-10,Cliente_593,Laptop Pro 15,1200.0,2,Completado
12165,2026-01-20,Cliente_291,Monitor 4K,350.0,2,Completado
12166,2026-04-27,Cliente_235,Teclado Mecánico,80.0,-1,Completado
12167,2026-01-08,Cliente_506,Laptop Pro 15,1200.0,4,Pendiente
12168,2026-08-11,Cliente_334,Monitor 4K,,-1,Cancelado
12169,2026-07-07,Cliente_133,Teclado Mecánico,80.0,4,Completado
12170,2026-04-21,  Cliente_355  ,Laptop Pro 15,1200.0,2,Pendiente
12171,2026-01-17,Cliente_437,Monitor 4K,350.0,3,Completado
12172,2026-01-07,Cliente_237,Silla Ergonómica,250.0,2,Completado
12173,2026-01-12,  Cliente_433  ,Monitor 4K,350.0,5,Pendiente
12174,2026-08-06,Cliente_467,Auriculares Noise-Canceling,150.0,2,Completado
12175,2026-05-20,Cliente_342,Teclado Mecánico,80.0,1,Completado
12176,2026-03-30,Cliente_428,Silla Ergonómica,250.0,0,Cancelado
12177,2026-07-28,Cliente_176,Mouse Inalámbrico,30.0,1,Pendiente
12178,2026-06-04,Cliente_145,Silla Ergonómica,250.0,1,Completado
12179,2026-05-19,Cliente_486,Teclado Mecánico,80.0,4,Completado
12180,2026-06-03,Cliente_175,Laptop Pro 15,1200.0,5,Completado
12181,2026-06-27,Cliente_523,Auriculares Noise-Canceling,150.0,5,Pendiente
12182,28/05/2026,  Cliente_154  ,Laptop Pro 15,1200.0,3,Cancelado
12183,2026-07-21,Cliente_464,Silla Ergonómica,250.0,4,Completado
12184,2026-04-12,Cliente_580,Teclado Mecánico,80.0,5,Pendiente
12185,2026-01-28,Cliente_485,Monitor 4K,350.0,4,Pendiente
12186,2026-08-17,Cliente_101,Monitor 4K,350.0,5,Cancelado
12187,2026-03-03,Cliente_257,Laptop Pro 15,1200.0,-1,Completado
12188,07/01/2026,Cliente_198,Monitor 4K,350.0,-1,Completado
12189,2026-01-18,Cliente_137,Laptop Pro 15,1200.0,5,Completado
12190,2026-06-02,Cliente_458,Mouse Inalámbrico,30.0,4,Pendiente
12191,2026-05-03,Cliente_571,Teclado Mecánico,80.0,2,Cancelado
12192,2026-01-08,Cliente_280,Laptop Pro 15,1200.0,-1,Pendiente
12193,2026-05-31,  Cliente_453  ,Mouse Inalámbrico,30.0,5,Completado
12194,2026-05-05,Cliente_593,Silla Ergonómica,250.0,-1,Completado
12195,2026-08-01,  Cliente_471  ,Mouse Inalámbrico,30.0,-1,Completado
12196,2026-01-09,Cliente_341,Mouse Inalámbrico,30.0,1,Cancelado
12197,2026-01-03,Cliente_149,Silla Ergonómica,250.0,0,Cancelado
12198,2026-02-16,Cliente_358,Silla Ergonómica,250.0,3,Cancelado
12199,2026-03-06,Cliente_125,Mouse Inalámbrico,30.0,3,Cancelado
12200,2026-01-11,Cliente_184,Mouse Inalámbrico,30.0,2,Completado
12201,2026-02-20,Cliente_140,Mouse Inalámbrico,30.0,0,Completado
12202,2026-02-15,Cliente_564,Laptop Pro 15,1200.0,4,Completado
12203,2026-08-05,Cliente_399,Teclado Mecánico,80.0,1,Pendiente
12204,2026-02-03,Cliente_172,Silla Ergonómica,250.0,-1,Cancelado
12205,21/04/2026,Cliente_458,Auriculares Noise-Canceling,,2,Cancelado
12206,2026-01-09,Cliente_343,Silla Ergonómica,250.0,3,Cancelado
12207,2026-08-31,  Cliente_550  ,Silla Ergonómica,250.0,-1,Pendiente
12208,2026-02-05,Cliente_549,Mouse Inalámbrico,30.0,0,Completado
12209,2026-05-20,Cliente_438,Laptop Pro 15,1200.0,4,Completado
12210,2026-04-16,Cliente_399,Mouse Inalámbrico,30.0,5,Completado
12211,11/04/2026,Cliente_460,Monitor 4K,350.0,1,Completado
12212,2026-05-30,Cliente_237,Auriculares Noise-Canceling,150.0,-1,Completado
12213,2026-02-24,Cliente_511,Monitor 4K,350.0,0,Pendiente
12214,2026-06-12,Cliente_384,Mouse Inalámbrico,30.0,-1,Completado
12215,2026-07-14,Cliente_541,Monitor 4K,350.0,5,Cancelado
12216,2026-08-03,Cliente_312,Laptop Pro 15,1200.0,0,Completado
12217,2026-03-24,Cliente_546,Teclado Mecánico,80.0,5,Completado
12218,2026-08-03,Cliente_411,Monitor 4K,350.0,1,Completado
12219,2026-06-15,Cliente_309,Mouse Inalámbrico,30.0,5,Completado
12220,2026-04-21,Cliente_139,Monitor 4K,350.0,1,Pendiente
12221,2026-07-17,Cliente_175,Laptop Pro 15,1200.0,4,Completado
12222,2026-03-29,Cliente_570,Teclado Mecánico,80.0,2,Cancelado
12223,2026-05-11,Cliente_341,Auriculares Noise-Canceling,150.0,1,Cancelado
12224,2026-07-21,Cliente_439,Silla Ergonómica,250.0,4,Pendiente
12225,2026-05-13,Cliente_373,Teclado Mecánico,80.0,2,Completado
12226,2026-05-12,Cliente_405,Teclado Mecánico,80.0,1,Completado
12227,2026-07-31,Cliente_199,Monitor 4K,350.0,1,Pendiente
12228,2026-07-16,Cliente_197,Teclado Mecánico,80.0,2,Completado
12229,2026-05-19,Cliente_465,Silla Ergonómica,250.0,4,Completado
12230,2026-08-13,Cliente_471,Mouse Inalámbrico,30.0,0,Completado
12231,2026-08-16,Cliente_194,Monitor 4K,350.0,4,Pendiente
12232,2026-05-26,Cliente_578,Teclado Mecánico,80.0,2,Completado
12233,2026-04-07,Cliente_595,Monitor 4K,350.0,-1,Pendiente
12234,2026-05-07,Cliente_576,Laptop Pro 15,1200.0,5,Cancelado
12235,2026-03-10,Cliente_202,Auriculares Noise-Canceling,150.0,3,Pendiente
12236,2026-04-10,Cliente_324,Silla Ergonómica,250.0,3,Completado
12237,2026-01-11,Cliente_128,Monitor 4K,350.0,5,Completado
12238,2026-08-25,Cliente_150,Laptop Pro 15,1200.0,1,Pendiente
12239,2026-01-29,Cliente_106,Monitor 4K,350.0,4,Cancelado
12240,2026-06-08,Cliente_213,Silla Ergonómica,250.0,2,Completado
12241,2026-05-30,Cliente_384,Auriculares Noise-Canceling,150.0,0,Completado
12242,07/06/2026,Cliente_378,Monitor 4K,350.0,5,Completado
12243,2026-07-27,Cliente_239,Laptop Pro 15,1200.0,3,Completado
12244,2026-02-12,Cliente_413,Monitor 4K,350.0,0,Completado
12245,2026-05-29,Cliente_323,Teclado Mecánico,80.0,0,Pendiente
12246,2026-07-02,Cliente_310,Mouse Inalámbrico,30.0,-1,Completado
12247,2026-01-06,Cliente_295,Silla Ergonómica,250.0,5,Completado
12248,2026-05-15,Cliente_549,Monitor 4K,350.0,2,Completado
12249,2026-02-22,Cliente_411,Mouse Inalámbrico,30.0,2,Completado
12250,2026-04-14,Cliente_504,Auriculares Noise-Canceling,150.0,4,Completado
12251,2026-03-01,Cliente_561,Teclado Mecánico,80.0,0,Pendiente
12252,2026-01-17,Cliente_458,Laptop Pro 15,1200.0,3,Completado
12253,2026-04-22,Cliente_352,Mouse Inalámbrico,30.0,1,Pendiente
12254,2026-08-22,Cliente_288,Laptop Pro 15,1200.0,1,Pendiente
12255,2026-06-03,Cliente_365,Monitor 4K,350.0,5,Completado
12256,2026-01-24,  Cliente_218  ,Laptop Pro 15,1200.0,1,Completado
12257,2026-05-15,  Cliente_141  ,Laptop Pro 15,1200.0,3,Pendiente
12258,2026-08-23,Cliente_546,Monitor 4K,350.0,5,Pendiente
12259,2026-06-08,Cliente_148,Teclado Mecánico,80.0,-1,Completado
12260,2026-01-05,Cliente_221,Teclado Mecánico,80.0,2,Completado
12261,2026-07-29,Cliente_238,Auriculares Noise-Canceling,150.0,-1,Cancelado
12262,2026-02-15,Cliente_471,Laptop Pro 15,1200.0,3,Completado
12263,2026-03-11,Cliente_493,Monitor 4K,350.0,1,Completado
12264,2026-01-13,Cliente_186,Auriculares Noise-Canceling,150.0,-1,Completado
12265,2026-03-13,Cliente_501,Monitor 4K,350.0,5,Pendiente
12266,2026-06-05,Cliente_428,Monitor 4K,350.0,4,Completado
12267,2026-05-06,Cliente_510,Mouse Inalámbrico,30.0,1,Pendiente
12268,2026-09-04,Cliente_339,Auriculares Noise-Canceling,150.0,2,Cancelado
12269,2026-04-14,Cliente_484,Teclado Mecánico,80.0,3,Cancelado
12270,2026-01-10,Cliente_513,Mouse Inalámbrico,30.0,5,Cancelado
12271,2026-04-08,Cliente_312,Teclado Mecánico,80.0,-1,Completado
12272,2026-04-22,Cliente_211,Laptop Pro 15,1200.0,0,Completado
12273,2026-06-16,Cliente_172,Mouse Inalámbrico,30.0,5,Pendiente
12274,2026-05-05,Cliente_230,Monitor 4K,350.0,0,Pendiente
12275,2026-01-14,Cliente_592,Teclado Mecánico,80.0,2,Completado
12276,2026-04-30,Cliente_280,Silla Ergonómica,250.0,1,Pendiente
12277,03/05/2026,Cliente_383,Laptop Pro 15,1200.0,1,Pendiente
12278,12/02/2026,Cliente_360,Laptop Pro 15,1200.0,0,Completado
12279,2026-05-11,Cliente_113,Monitor 4K,350.0,3,Cancelado
12280,2026-04-28,Cliente_414,Teclado Mecánico,,2,Completado
12281,2026-08-15,Cliente_164,Teclado Mecánico,80.0,5,Pendiente
12282,2026-07-06,Cliente_381,Mouse Inalámbrico,30.0,-1,Cancelado
12283,2026-03-26,Cliente_294,Laptop Pro 15,1200.0,0,Pendiente
12284,2026-08-23,Cliente_491,Silla Ergonómica,250.0,1,Cancelado
12285,2026-01-04,  Cliente_256  ,Mouse Inalámbrico,30.0,0,Completado
12286,2026-02-08,Cliente_553,Mouse Inalámbrico,30.0,2,Cancelado
12287,2026-02-11,  Cliente_134  ,Teclado Mecánico,80.0,0,Completado
12288,2026-02-12,Cliente_569,Silla Ergonómica,250.0,-1,Pendiente
12289,2026-06-07,Cliente_276,Laptop Pro 15,1200.0,2,Completado
12290,2026-08-16,Cliente_381,Mouse Inalámbrico,30.0,1,Completado
12291,2026-08-02,Cliente_450,Silla Ergonómica,250.0,3,Cancelado
12292,2026-02-27,Cliente_226,Silla Ergonómica,250.0,3,Pendiente
12293,2026-07-05,Cliente_599,Mouse Inalámbrico,30.0,3,Completado
12294,2026-02-07,Cliente_522,Auriculares Noise-Canceling,150.0,5,Completado
12295,2026-05-19,Cliente_458,Monitor 4K,350.0,0,Pendiente
12296,2026-03-04,Cliente_142,Silla Ergonómica,250.0,3,Pendiente
12297,2026-04-22,Cliente_130,Silla Ergonómica,250.0,1,Pendiente
12298,2026-01-31,Cliente_290,Monitor 4K,350.0,-1,Pendiente
12299,2026-04-21,Cliente_308,Mouse Inalámbrico,30.0,2,Completado
12300,2026-03-25,Cliente_407,Monitor 4K,350.0,0,Completado
12301,2026-05-19,Cliente_177,Laptop Pro 15,1200.0,5,Completado
12302,2026-01-09,  Cliente_191  ,Silla Ergonómica,250.0,-1,Completado
12303,2026-05-27,Cliente_442,Silla Ergonómica,250.0,5,Completado
12304,2026-01-11,Cliente_143,Teclado Mecánico,80.0,-1,Completado
12305,2026-03-10,Cliente_156,Monitor 4K,350.0,5,Cancelado
12306,2026-04-29,Cliente_134,Auriculares Noise-Canceling,150.0,3,Completado
12307,2026-06-05,Cliente_355,Monitor 4K,350.0,4,Completado
12308,2026-05-02,Cliente_456,Laptop Pro 15,1200.0,1,Completado
12309,2026-04-18,Cliente_306,Auriculares Noise-Canceling,150.0,4,Completado
12310,2026-06-30,Cliente_177,Teclado Mecánico,80.0,0,Completado
12311,2026-02-02,Cliente_330,Laptop Pro 15,1200.0,-1,Completado
12312,2026-07-03,Cliente_223,Teclado Mecánico,80.0,4,Pendiente
12313,2026-07-06,Cliente_383,Laptop Pro 15,1200.0,4,Completado
12314,2026-03-30,Cliente_199,Mouse Inalámbrico,30.0,1,Completado
12315,2026-09-05,Cliente_438,Teclado Mecánico,80.0,5,Completado
12316,2026-04-19,Cliente_463,Mouse Inalámbrico,30.0,1,Cancelado
12317,2026-03-06,Cliente_589,Silla Ergonómica,250.0,5,Pendiente
12318,2026-05-07,Cliente_410,Teclado Mecánico,80.0,0,Completado
12319,2026-04-03,Cliente_424,Silla Ergonómica,250.0,-1,Cancelado
12320,2026-09-06,Cliente_523,Teclado Mecánico,80.0,-1,Completado
12321,2026-05-10,Cliente_481,Monitor 4K,350.0,4,Pendiente
12322,2026-04-22,Cliente_201,Auriculares Noise-Canceling,150.0,3,Completado
12323,2026-07-13,Cliente_376,Mouse Inalámbrico,30.0,3,Completado
12324,2026-01-17,Cliente_506,Teclado Mecánico,,3,Pendiente
12325,2026-03-22,Cliente_573,Mouse Inalámbrico,30.0,3,Completado
12326,2026-02-28,Cliente_519,Mouse Inalámbrico,30.0,4,Cancelado
12327,2026-02-26,Cliente_121,Teclado Mecánico,80.0,-1,Pendiente
12328,2026-07-25,  Cliente_139  ,Monitor 4K,350.0,2,Cancelado
12329,2026-07-07,Cliente_588,Auriculares Noise-Canceling,150.0,-1,Completado
12330,2026-05-17,Cliente_210,Auriculares Noise-Canceling,150.0,2,Completado
12331,2026-02-15,Cliente_269,Laptop Pro 15,1200.0,2,Completado
12332,2026-08-31,Cliente_226,Laptop Pro 15,1200.0,-1,Completado
12333,2026-03-16,Cliente_437,Monitor 4K,350.0,4,Pendiente
12334,2026-01-25,Cliente_286,Monitor 4K,350.0,0,Completado
12335,2026-01-20,Cliente_136,Teclado Mecánico,80.0,4,Completado
12336,2026-07-14,Cliente_507,Laptop Pro 15,1200.0,-1,Completado
12337,2026-08-02,Cliente_493,Laptop Pro 15,1200.0,1,Pendiente
12338,2026-01-22,Cliente_503,Auriculares Noise-Canceling,150.0,4,Completado
12339,2026-03-06,Cliente_584,Teclado Mecánico,80.0,5,Cancelado
12340,2026-05-14,Cliente_183,Laptop Pro 15,1200.0,0,Cancelado
12341,2026-03-29,Cliente_116,Monitor 4K,350.0,5,Pendiente
12342,2026-02-12,Cliente_209,Laptop Pro 15,1200.0,5,Pendiente
12343,2026-02-28,Cliente_482,Auriculares Noise-Canceling,150.0,-1,Pendiente
12344,2026-02-20,Cliente_289,Auriculares Noise-Canceling,150.0,2,Completado
12345,2026-08-28,Cliente_441,Mouse Inalámbrico,30.0,3,Completado
12346,2026-04-29,Cliente_542,Mouse Inalámbrico,30.0,-1,Completado
12347,2026-05-02,Cliente_170,Auriculares Noise-Canceling,150.0,5,Cancelado
12348,2026-07-21,Cliente_117,Silla Ergonómica,250.0,-1,Completado
12349,2026-08-08,Cliente_120,Monitor 4K,350.0,5,Completado
12350,2026-04-08,Cliente_518,Silla Ergonómica,250.0,0,Completado
12351,2026-01-20,Cliente_287,Teclado Mecánico,80.0,-1,Completado
12352,2026-01-24,Cliente_465,Mouse Inalámbrico,,1,Cancelado
12353,2026-09-07,Cliente_149,Auriculares Noise-Canceling,150.0,-1,Completado
12354,2026-07-24,Cliente_399,Teclado Mecánico,80.0,0,Completado
12355,2026-08-22,Cliente_378,Teclado Mecánico,80.0,5,Cancelado
12356,2026-06-18,Cliente_383,Auriculares Noise-Canceling,150.0,3,Pendiente
12357,2026-03-10,  Cliente_271  ,Laptop Pro 15,1200.0,2,Completado
12358,03/05/2026,  Cliente_557  ,Laptop Pro 15,1200.0,3,Completado
12359,2026-05-24,Cliente_582,Mouse Inalámbrico,30.0,1,Completado
12360,2026-06-29,Cliente_392,Laptop Pro 15,1200.0,0,Completado
12361,2026-09-03,Cliente_478,Mouse Inalámbrico,30.0,4,Cancelado
12362,2026-03-11,Cliente_549,Monitor 4K,350.0,-1,Completado
12363,2026-06-20,Cliente_414,Mouse Inalámbrico,30.0,-1,Cancelado
12364,2026-08-22,Cliente_311,Teclado Mecánico,80.0,2,Completado
12365,2026-06-15,Cliente_231,Monitor 4K,350.0,-1,Completado
12366,2026-02-02,Cliente_454,Laptop Pro 15,1200.0,0,Cancelado
12367,2026-03-01,Cliente_121,Laptop Pro 15,1200.0,0,Completado
12368,2026-03-12,Cliente_212,Silla Ergonómica,250.0,2,Cancelado
12369,2026-01-04,Cliente_457,Laptop Pro 15,1200.0,4,Completado
12370,2026-02-01,Cliente_503,Monitor 4K,350.0,0,Completado
12371,2026-06-19,Cliente_328,Mouse Inalámbrico,30.0,3,Completado
12372,2026-08-31,Cliente_540,Monitor 4K,350.0,0,Pendiente
12373,2026-04-21,  Cliente_102  ,Mouse Inalámbrico,30.0,2,Completado
12374,2026-01-29,Cliente_312,Laptop Pro 15,1200.0,3,Completado
12375,2026-07-21,Cliente_343,Teclado Mecánico,80.0,2,Completado
12376,2026-02-21,Cliente_331,Auriculares Noise-Canceling,150.0,1,Completado
12377,2026-04-23,Cliente_213,Mouse Inalámbrico,30.0,1,Completado
12378,2026-05-22,Cliente_586,Monitor 4K,350.0,2,Completado
12379,2026-01-26,Cliente_454,Laptop Pro 15,1200.0,1,Cancelado
12380,2026-08-15,  Cliente_591  ,Teclado Mecánico,80.0,-1,Completado
12381,2026-05-23,Cliente_577,Teclado Mecánico,80.0,5,Cancelado
12382,2026-01-01,Cliente_371,Auriculares Noise-Canceling,150.0,4,Completado
12383,29/03/2026,Cliente_391,Teclado Mecánico,80.0,5,Completado
12384,2026-03-06,Cliente_318,Monitor 4K,350.0,1,Completado
12385,2026-06-04,Cliente_592,Auriculares Noise-Canceling,150.0,2,Completado
12386,25/03/2026,Cliente_226,Laptop Pro 15,1200.0,3,Completado
12387,2026-02-28,Cliente_353,Teclado Mecánico,80.0,0,Cancelado
12388,2026-03-01,Cliente_171,Laptop Pro 15,1200.0,-1,Completado
12389,2026-01-27,Cliente_138,Monitor 4K,350.0,3,Cancelado
12390,2026-04-05,Cliente_212,Mouse Inalámbrico,30.0,0,Completado
12391,2026-06-14,Cliente_244,Laptop Pro 15,1200.0,2,Pendiente
12392,2026-07-26,Cliente_148,Monitor 4K,350.0,0,Cancelado
12393,2026-06-26,Cliente_344,Auriculares Noise-Canceling,150.0,5,Completado
12394,2026-05-06,  Cliente_532  ,Silla Ergonómica,250.0,4,Completado
12395,2026-02-28,  Cliente_399  ,Mouse Inalámbrico,30.0,-1,Completado
12396,2026-04-26,Cliente_486,Laptop Pro 15,1200.0,1,Completado
12397,2026-03-12,Cliente_442,Laptop Pro 15,1200.0,4,Completado
12398,2026-02-23,Cliente_524,Monitor 4K,350.0,4,Completado
12399,2026-01-09,Cliente_169,Mouse Inalámbrico,30.0,2,Completado
12400,2026-04-21,Cliente_452,Teclado Mecánico,80.0,5,Completado
12401,2026-05-17,Cliente_118,Monitor 4K,350.0,-1,Pendiente
12402,2026-04-17,Cliente_179,Laptop Pro 15,1200.0,0,Completado
12403,2026-05-23,Cliente_466,Silla Ergonómica,250.0,1,Cancelado
12404,2026-04-26,Cliente_554,Auriculares Noise-Canceling,150.0,3,Cancelado
12405,2026-02-14,Cliente_318,Auriculares Noise-Canceling,150.0,0,Pendiente
12406,2026-07-24,Cliente_476,Teclado Mecánico,80.0,3,Completado
12407,2026-08-26,Cliente_339,Monitor 4K,350.0,2,Cancelado
12408,2026-07-08,Cliente_218,Laptop Pro 15,1200.0,0,Completado
12409,2026-07-29,Cliente_478,Auriculares Noise-Canceling,150.0,4,Cancelado
12410,2026-08-21,Cliente_224,Monitor 4K,350.0,0,Cancelado
12411,2026-03-28,Cliente_143,Auriculares Noise-Canceling,150.0,0,Completado
12412,2026-01-12,Cliente_192,Teclado Mecánico,80.0,3,Completado
12413,2026-05-13,Cliente_146,Monitor 4K,350.0,0,Pendiente
12414,2026-07-14,Cliente_478,Laptop Pro 15,1200.0,4,Completado
12415,15/07/2026,Cliente_117,Silla Ergonómica,250.0,5,Completado
12416,2026-01-22,Cliente_116,Silla Ergonómica,250.0,5,Cancelado
12417,2026-01-26,Cliente_513,Laptop Pro 15,1200.0,0,Cancelado
12418,04/06/2026,Cliente_596,Silla Ergonómica,250.0,5,Completado
12419,2026-05-10,Cliente_569,Teclado Mecánico,80.0,4,Completado
12420,2026-06-21,Cliente_408,Teclado Mecánico,80.0,3,Pendiente
12421,2026-07-31,  Cliente_190  ,Teclado Mecánico,80.0,5,Cancelado
12422,2026-05-10,Cliente_121,Auriculares Noise-Canceling,150.0,1,Completado
12423,2026-03-04,Cliente_554,Laptop Pro 15,1200.0,-1,Completado
12424,2026-04-14,Cliente_177,Laptop Pro 15,1200.0,3,Completado
12425,2026-03-24,Cliente_217,Monitor 4K,350.0,5,Completado
12426,06/07/2026,Cliente_293,Teclado Mecánico,80.0,0,Completado
12427,2026-06-04,Cliente_311,Silla Ergonómica,250.0,2,Cancelado
12428,2026-06-09,Cliente_496,Mouse Inalámbrico,30.0,5,Cancelado
12429,2026-08-26,Cliente_125,Monitor 4K,350.0,-1,Pendiente
12430,2026-05-16,Cliente_569,Teclado Mecánico,80.0,-1,Completado
12431,2026-08-31,Cliente_381,Silla Ergonómica,250.0,5,Completado
12432,2026-06-15,Cliente_371,Auriculares Noise-Canceling,150.0,4,Completado
12433,2026-06-08,Cliente_305,Monitor 4K,350.0,-1,Completado
12434,2026-04-15,Cliente_258,Auriculares Noise-Canceling,150.0,4,Completado
12435,2026-07-04,Cliente_289,Monitor 4K,350.0,5,Cancelado
12436,2026-01-22,Cliente_229,Mouse Inalámbrico,30.0,1,Completado
12437,2026-08-31,Cliente_282,Mouse Inalámbrico,30.0,4,Completado
12438,2026-04-05,Cliente_446,Laptop Pro 15,1200.0,5,Completado
12439,2026-06-21,Cliente_112,Teclado Mecánico,80.0,5,Pendiente
12440,2026-05-28,Cliente_363,Teclado Mecánico,80.0,1,Cancelado
12441,2026-01-28,Cliente_475,Auriculares Noise-Canceling,150.0,-1,Cancelado
12442,2026-03-26,Cliente_242,Silla Ergonómica,250.0,0,Completado
12443,29/03/2026,  Cliente_453  ,Mouse Inalámbrico,30.0,4,Completado
12444,2026-07-30,Cliente_492,Teclado Mecánico,80.0,0,Cancelado
12445,2026-02-26,Cliente_473,Teclado Mecánico,80.0,4,Completado
12446,2026-07-04,Cliente_339,Laptop Pro 15,1200.0,3,Completado
12447,2026-06-11,Cliente_147,Auriculares Noise-Canceling,150.0,0,Pendiente
12448,2026-01-11,Cliente_216,Monitor 4K,350.0,4,Completado
12449,2026-07-14,Cliente_414,Silla Ergonómica,250.0,-1,Completado
12450,2026-05-22,Cliente_499,Mouse Inalámbrico,30.0,3,Cancelado
12451,27/07/2026,Cliente_114,Laptop Pro 15,,0,Completado
12452,2026-06-02,Cliente_529,Teclado Mecánico,80.0,-1,Completado
12453,2026-05-08,Cliente_460,Monitor 4K,350.0,1,Completado
12454,2026-01-01,Cliente_570,Auriculares Noise-Canceling,150.0,4,Completado
12455,2026-01-15,Cliente_554,Mouse Inalámbrico,30.0,5,Cancelado
12456,2026-05-28,Cliente_496,Laptop Pro 15,1200.0,5,Cancelado
12457,03/08/2026,Cliente_276,Teclado Mecánico,80.0,2,Completado
12458,2026-02-25,Cliente_583,Mouse Inalámbrico,30.0,5,Cancelado
12459,2026-04-18,Cliente_273,Monitor 4K,350.0,2,Completado
12460,2026-05-14,Cliente_167,Laptop Pro 15,1200.0,5,Completado
12461,2026-05-07,Cliente_222,Teclado Mecánico,80.0,5,Pendiente
12462,2026-01-25,  Cliente_456  ,Mouse Inalámbrico,30.0,4,Completado
12463,2026-02-19,Cliente_584,Mouse Inalámbrico,30.0,-1,Completado
12464,2026-06-05,Cliente_553,Auriculares Noise-Canceling,150.0,1,Completado
12465,2026-07-10,  Cliente_582  ,Mouse Inalámbrico,30.0,2,Completado
12466,2026-04-21,Cliente_519,Monitor 4K,350.0,1,Completado
12467,2026-04-19,Cliente_349,Mouse Inalámbrico,30.0,2,Completado
12468,2026-07-11,Cliente_249,Auriculares Noise-Canceling,150.0,3,Completado
12469,2026-04-25,  Cliente_371  ,Monitor 4K,350.0,3,Completado
12470,2026-07-08,Cliente_382,Teclado Mecánico,80.0,5,Completado
12471,2026-07-05,Cliente_415,Mouse Inalámbrico,30.0,0,Completado
12472,30/07/2026,Cliente_411,Silla Ergonómica,250.0,4,Completado
12473,2026-05-27,Cliente_247,Auriculares Noise-Canceling,150.0,-1,Completado
12474,2026-04-14,Cliente_185,Silla Ergonómica,250.0,1,Cancelado
12475,2026-07-26,Cliente_394,Auriculares Noise-Canceling,150.0,2,Completado
12476,2026-06-23,Cliente_474,Auriculares Noise-Canceling,150.0,5,Pendiente
12477,2026-04-04,Cliente_502,Laptop Pro 15,1200.0,1,Cancelado
12478,2026-07-17,Cliente_111,Monitor 4K,350.0,3,Completado
12479,2026-08-16,Cliente_190,Auriculares Noise-Canceling,150.0,5,Completado
12480,2026-04-14,Cliente_321,Monitor 4K,350.0,0,Completado
12481,2026-02-09,Cliente_343,Mouse Inalámbrico,30.0,-1,Completado
12482,2026-07-11,Cliente_190,Mouse Inalámbrico,30.0,-1,Cancelado
12483,2026-06-19,Cliente_444,Silla Ergonómica,250.0,3,Completado
12484,2026-05-24,Cliente_560,Silla Ergonómica,250.0,3,Completado
12485,2026-02-06,Cliente_161,Laptop Pro 15,1200.0,2,Cancelado
12486,2026-07-20,Cliente_535,Auriculares Noise-Canceling,150.0,-1,Cancelado
12487,2026-01-24,Cliente_237,Teclado Mecánico,80.0,0,Pendiente
12488,2026-08-01,Cliente_573,Auriculares Noise-Canceling,150.0,2,Cancelado
12489,2026-08-14,Cliente_452,Mouse Inalámbrico,30.0,-1,Completado
12490,2026-01-31,Cliente_485,Auriculares Noise-Canceling,150.0,1,Completado
12491,2026-07-17,Cliente_508,Teclado Mecánico,80.0,0,Cancelado
12492,2026-09-03,Cliente_527,Teclado Mecánico,80.0,-1,Completado
12493,2026-04-11,Cliente_408,Laptop Pro 15,,5,Pendiente
12494,2026-04-10,Cliente_491,Laptop Pro 15,1200.0,-1,Completado
12495,2026-09-06,Cliente_522,Laptop Pro 15,1200.0,5,Completado
12496,2026-06-15,Cliente_414,Laptop Pro 15,1200.0,2,Completado
12497,2026-04-27,Cliente_128,Silla Ergonómica,250.0,5,Completado
12498,2026-06-14,Cliente_327,Silla Ergonómica,250.0,5,Completado
12499,2026-01-05,Cliente_239,Laptop Pro 15,1200.0,0,Pendiente
12500,2026-08-30,Cliente_466,Mouse Inalámbrico,30.0,2,Completado
12501,2026-06-02,Cliente_167,Silla Ergonómica,250.0,5,Completado
12502,2026-06-10,Cliente_472,Auriculares Noise-Canceling,150.0,4,Pendiente
12503,2026-01-18,Cliente_409,Laptop Pro 15,1200.0,3,Completado
12504,2026-01-18,Cliente_235,Laptop Pro 15,1200.0,3,Completado
12505,2026-08-27,Cliente_589,Monitor 4K,350.0,-1,Completado
12506,2026-08-26,Cliente_379,Monitor 4K,350.0,2,Completado
12507,2026-06-04,Cliente_141,Monitor 4K,350.0,0,Pendiente
12508,2026-09-08,Cliente_363,Laptop Pro 15,1200.0,2,Completado
12509,2026-02-01,Cliente_293,Mouse Inalámbrico,30.0,3,Pendiente
12510,01/06/2026,Cliente_236,Laptop Pro 15,1200.0,3,Completado
12511,11/05/2026,Cliente_251,Auriculares Noise-Canceling,150.0,0,Completado
12512,2026-06-24,Cliente_205,Mouse Inalámbrico,30.0,-1,Completado
12513,2026-04-29,Cliente_564,Mouse Inalámbrico,30.0,-1,Pendiente
12514,2026-02-11,  Cliente_527  ,Silla Ergonómica,250.0,0,Pendiente
12515,2026-03-08,Cliente_200,Auriculares Noise-Canceling,150.0,0,Pendiente
12516,2026-07-20,Cliente_352,Monitor 4K,350.0,1,Cancelado
12517,2026-08-12,Cliente_219,Mouse Inalámbrico,30.0,2,Completado
12518,15/04/2026,Cliente_264,Laptop Pro 15,1200.0,0,Completado
12519,2026-06-29,  Cliente_503  ,Auriculares Noise-Canceling,150.0,4,Pendiente
12520,2026-01-16,Cliente_459,Mouse Inalámbrico,30.0,-1,Pendiente
12521,2026-08-09,Cliente_176,Monitor 4K,350.0,3,Completado
12522,2026-02-13,  Cliente_531  ,Laptop Pro 15,1200.0,0,Completado
12523,2026-08-12,Cliente_448,Teclado Mecánico,80.0,-1,Completado
12524,2026-03-09,Cliente_452,Teclado Mecánico,80.0,2,Completado
12525,2026-01-19,Cliente_190,Silla Ergonómica,250.0,4,Completado
12526,2026-01-11,Cliente_589,Teclado Mecánico,80.0,2,Cancelado
12527,2026-03-15,Cliente_378,Silla Ergonómica,250.0,2,Completado
12528,2026-01-09,Cliente_509,Monitor 4K,350.0,-1,Completado
12529,2026-07-03,Cliente_407,Silla Ergonómica,250.0,2,Cancelado
12530,2026-08-05,Cliente_273,Teclado Mecánico,80.0,1,Cancelado
12531,2026-04-26,  Cliente_278  ,Auriculares Noise-Canceling,150.0,4,Cancelado
12532,2026-06-17,Cliente_456,Mouse Inalámbrico,30.0,5,Completado
12533,2026-05-03,Cliente_300,Monitor 4K,350.0,3,Completado
12534,2026-01-20,Cliente_500,Laptop Pro 15,1200.0,2,Completado
12535,2026-05-07,Cliente_373,Silla Ergonómica,250.0,2,Completado
12536,2026-08-05,Cliente_468,Auriculares Noise-Canceling,150.0,2,Completado
12537,2026-01-10,Cliente_484,Teclado Mecánico,80.0,0,Cancelado
12538,2026-06-24,Cliente_196,Teclado Mecánico,80.0,-1,Completado
12539,2026-08-18,Cliente_440,Teclado Mecánico,80.0,1,Pendiente
12540,10/01/2026,Cliente_392,Mouse Inalámbrico,30.0,1,Completado
12541,2026-03-29,Cliente_483,Monitor 4K,350.0,3,Completado
12542,2026-04-11,Cliente_404,Teclado Mecánico,80.0,3,Completado
12543,2026-02-04,Cliente_588,Auriculares Noise-Canceling,150.0,4,Cancelado
12544,2026-08-29,Cliente_544,Teclado Mecánico,80.0,5,Cancelado
12545,2026-06-24,Cliente_451,Laptop Pro 15,1200.0,0,Completado
12546,2026-02-15,Cliente_348,Auriculares Noise-Canceling,150.0,4,Completado
12547,2026-05-31,Cliente_585,Mouse Inalámbrico,30.0,3,Completado
12548,2026-02-27,Cliente_153,Teclado Mecánico,80.0,5,Cancelado
12549,2026-09-01,Cliente_114,Laptop Pro 15,1200.0,2,Cancelado
12550,2026-06-06,Cliente_109,Teclado Mecánico,80.0,5,Pendiente
12551,2026-03-20,Cliente_200,Silla Ergonómica,250.0,1,Completado
12552,2026-08-02,Cliente_575,Silla Ergonómica,250.0,5,Pendiente
12553,2026-06-30,Cliente_527,Auriculares Noise-Canceling,150.0,-1,Completado
12554,2026-04-11,Cliente_208,Teclado Mecánico,80.0,-1,Completado
12555,2026-01-28,Cliente_204,Teclado Mecánico,80.0,1,Completado
12556,2026-07-06,Cliente_344,Teclado Mecánico,80.0,0,Cancelado
12557,12/01/2026,Cliente_263,Laptop Pro 15,1200.0,2,Cancelado
12558,2026-07-25,Cliente_430,Teclado Mecánico,80.0,0,Completado
12559,2026-05-16,Cliente_416,Laptop Pro 15,1200.0,0,Completado
12560,2026-07-07,Cliente_410,Silla Ergonómica,250.0,2,Pendiente
12561,2026-05-15,Cliente_364,Laptop Pro 15,1200.0,0,Completado
12562,2026-07-27,Cliente_386,Mouse Inalámbrico,30.0,0,Pendiente
12563,2026-05-10,Cliente_399,Mouse Inalámbrico,30.0,1,Pendiente
12564,2026-05-07,Cliente_171,Auriculares Noise-Canceling,150.0,1,Cancelado
12565,2026-03-28,Cliente_424,Teclado Mecánico,80.0,4,Pendiente
12566,2026-06-07,Cliente_531,Teclado Mecánico,80.0,1,Cancelado
12567,2026-01-22,Cliente_596,Monitor 4K,350.0,3,Pendiente
12568,2026-01-11,  Cliente_121  ,Teclado Mecánico,,5,Completado
12569,2026-01-19,Cliente_219,Teclado Mecánico,80.0,3,Completado
12570,2026-08-11,Cliente_267,Silla Ergonómica,250.0,5,Completado
12571,2026-06-12,  Cliente_205  ,Laptop Pro 15,1200.0,2,Cancelado
12572,2026-08-06,Cliente_246,Silla Ergonómica,250.0,-1,Cancelado
12573,2026-02-06,Cliente_352,Mouse Inalámbrico,30.0,3,Completado
12574,2026-09-01,Cliente_469,Mouse Inalámbrico,30.0,4,Pendiente
12575,2026-07-09,Cliente_364,Monitor 4K,350.0,0,Completado
12576,2026-07-28,Cliente_513,Teclado Mecánico,80.0,-1,Cancelado
12577,2026-02-21,Cliente_165,Laptop Pro 15,1200.0,0,Completado
12578,2026-01-03,  Cliente_479  ,Silla Ergonómica,250.0,-1,Cancelado
12579,2026-05-22,Cliente_468,Monitor 4K,350.0,2,Completado
12580,2026-01-23,Cliente_462,Auriculares Noise-Canceling,150.0,2,Completado
12581,2026-07-11,Cliente_234,Monitor 4K,350.0,2,Cancelado
12582,2026-05-27,Cliente_542,Silla Ergonómica,250.0,0,Completado
12583,2026-06-21,Cliente_538,Monitor 4K,350.0,3,Pendiente
12584,2026-05-21,Cliente_128,Silla Ergonómica,250.0,4,Pendiente
12585,2026-02-25,  Cliente_452  ,Laptop Pro 15,1200.0,0,Completado
12586,2026-01-08,Cliente_575,Auriculares Noise-Canceling,150.0,0,Completado
12587,2026-07-09,Cliente_210,Monitor 4K,350.0,3,Completado
12588,2026-05-30,Cliente_538,Laptop Pro 15,1200.0,5,Completado
12589,2026-03-25,Cliente_186,Monitor 4K,350.0,0,Completado
12590,2026-08-29,Cliente_385,Auriculares Noise-Canceling,150.0,3,Pendiente
12591,2026-08-14,Cliente_481,Laptop Pro 15,1200.0,4,Completado
12592,2026-08-10,Cliente_234,Mouse Inalámbrico,30.0,-1,Pendiente
12593,2026-06-04,Cliente_329,Auriculares Noise-Canceling,150.0,-1,Cancelado
12594,2026-02-11,Cliente_136,Mouse Inalámbrico,,3,Completado
12595,2026-05-08,Cliente_567,Silla Ergonómica,250.0,2,Completado
12596,2026-09-01,Cliente_397,Mouse Inalámbrico,30.0,5,Cancelado
12597,2026-09-06,Cliente_486,Monitor 4K,350.0,-1,Completado
12598,2026-02-18,Cliente_381,Mouse Inalámbrico,30.0,4,Completado
12599,2026-06-25,Cliente_582,Teclado Mecánico,80.0,2,Cancelado
12600,2026-02-23,Cliente_451,Auriculares Noise-Canceling,150.0,3,Completado
12601,2026-04-11,Cliente_374,Silla Ergonómica,250.0,0,Completado
12602,2026-06-15,Cliente_299,Monitor 4K,,1,Cancelado
12603,2026-08-12,  Cliente_528  ,Auriculares Noise-Canceling,150.0,2,Completado
12604,2026-02-08,  Cliente_499  ,Silla Ergonómica,250.0,5,Completado
12605,2026-01-24,Cliente_113,Silla Ergonómica,250.0,4,Pendiente
12606,2026-06-06,Cliente_130,Teclado Mecánico,80.0,4,Completado
12607,2026-06-01,  Cliente_452  ,Auriculares Noise-Canceling,150.0,2,Cancelado
12608,2026-02-08,Cliente_475,Laptop Pro 15,1200.0,-1,Completado
12609,2026-04-30,Cliente_310,Laptop Pro 15,1200.0,4,Completado
12610,2026-01-30,Cliente_146,Laptop Pro 15,1200.0,5,Pendiente
12611,04/07/2026,  Cliente_417  ,Laptop Pro 15,1200.0,0,Completado
12612,2026-04-23,Cliente_490,Silla Ergonómica,250.0,4,Completado
12613,2026-02-19,  Cliente_393  ,Auriculares Noise-Canceling,150.0,0,Completado
12614,2026-08-13,Cliente_434,Monitor 4K,350.0,4,Completado
12615,2026-01-26,Cliente_191,Auriculares Noise-Canceling,150.0,5,Completado
12616,2026-03-28,Cliente_573,Auriculares Noise-Canceling,150.0,4,Cancelado
12617,2026-04-07,Cliente_247,Silla Ergonómica,250.0,0,Cancelado
12618,2026-07-04,Cliente_280,Monitor 4K,350.0,1,Completado
12619,2026-07-03,Cliente_210,Silla Ergonómica,250.0,-1,Cancelado
12620,2026-01-05,Cliente_522,Teclado Mecánico,80.0,4,Completado
12621,2026-04-02,Cliente_579,Mouse Inalámbrico,30.0,1,Cancelado
12622,05/08/2026,Cliente_209,Teclado Mecánico,80.0,5,Completado
12623,2026-08-27,Cliente_347,Silla Ergonómica,250.0,-1,Completado
12624,2026-03-13,Cliente_354,Teclado Mecánico,80.0,2,Cancelado
12625,2026-04-21,Cliente_144,Auriculares Noise-Canceling,150.0,4,Cancelado
12626,2026-05-16,Cliente_245,Laptop Pro 15,1200.0,0,Completado
12627,2026-06-25,Cliente_550,Teclado Mecánico,80.0,5,Completado
12628,2026-01-16,Cliente_228,Monitor 4K,350.0,5,Cancelado
12629,2026-08-23,Cliente_389,Teclado Mecánico,80.0,2,Pendiente
12630,2026-04-05,Cliente_134,Teclado Mecánico,80.0,5,Completado
12631,2026-03-06,Cliente_227,Teclado Mecánico,80.0,5,Completado
12632,29/01/2026,Cliente_102,Monitor 4K,350.0,1,Completado
12633,2026-01-07,Cliente_207,Laptop Pro 15,1200.0,3,Pendiente
12634,2026-08-30,Cliente_491,Auriculares Noise-Canceling,150.0,2,Completado
12635,2026-07-27,  Cliente_150  ,Mouse Inalámbrico,30.0,3,Completado
12636,2026-01-28,  Cliente_469  ,Mouse Inalámbrico,30.0,3,Completado
12637,2026-01-27,  Cliente_332  ,Mouse Inalámbrico,30.0,3,Pendiente
12638,2026-08-11,Cliente_517,Silla Ergonómica,250.0,-1,Cancelado
12639,2026-01-30,Cliente_190,Teclado Mecánico,80.0,0,Completado
12640,2026-05-16,Cliente_541,Laptop Pro 15,1200.0,0,Pendiente
12641,2026-02-22,Cliente_116,Mouse Inalámbrico,30.0,3,Completado
12642,2026-02-21,Cliente_498,Teclado Mecánico,80.0,4,Completado
12643,2026-04-22,Cliente_302,Mouse Inalámbrico,30.0,5,Completado
12644,2026-06-29,Cliente_171,Teclado Mecánico,80.0,3,Completado
12645,2026-01-26,Cliente_318,Laptop Pro 15,1200.0,1,Completado
12646,2026-01-13,  Cliente_160  ,Silla Ergonómica,250.0,5,Pendiente
12647,2026-06-17,  Cliente_484  ,Silla Ergonómica,250.0,1,Completado
12648,2026-05-25,  Cliente_467  ,Auriculares Noise-Canceling,150.0,3,Completado
12649,2026-01-17,Cliente_463,Auriculares Noise-Canceling,,0,Completado
12650,2026-05-31,Cliente_514,Laptop Pro 15,1200.0,3,Cancelado
12651,2026-05-07,Cliente_371,Mouse Inalámbrico,30.0,2,Completado
12652,2026-04-17,Cliente_517,Monitor 4K,350.0,2,Cancelado
12653,2026-01-26,Cliente_590,Silla Ergonómica,250.0,2,Pendiente
12654,2026-03-05,Cliente_237,Teclado Mecánico,80.0,2,Completado
12655,2026-05-12,Cliente_596,Teclado Mecánico,80.0,0,Cancelado
12656,26/07/2026,Cliente_329,Teclado Mecánico,80.0,-1,Completado
12657,05/02/2026,Cliente_439,Monitor 4K,350.0,5,Pendiente
12658,2026-02-13,Cliente_533,Laptop Pro 15,1200.0,5,Pendiente
12659,2026-06-11,Cliente_115,Laptop Pro 15,1200.0,4,Completado
12660,2026-01-22,Cliente_510,Laptop Pro 15,1200.0,3,Cancelado
12661,2026-05-30,Cliente_500,Auriculares Noise-Canceling,150.0,3,Completado
12662,2026-08-03,Cliente_475,Laptop Pro 15,1200.0,2,Cancelado
12663,2026-08-06,  Cliente_521  ,Teclado Mecánico,80.0,3,Cancelado
12664,2026-07-14,Cliente_183,Mouse Inalámbrico,30.0,1,Completado
12665,2026-09-06,Cliente_326,Auriculares Noise-Canceling,150.0,0,Pendiente
12666,19/05/2026,Cliente_233,Laptop Pro 15,1200.0,-1,Pendiente
12667,2026-08-04,Cliente_193,Teclado Mecánico,80.0,-1,Cancelado
12668,2026-06-21,  Cliente_432  ,Laptop Pro 15,1200.0,2,Completado
12669,2026-07-22,Cliente_239,Auriculares Noise-Canceling,150.0,4,Pendiente
12670,2026-04-11,Cliente_486,Auriculares Noise-Canceling,150.0,0,Pendiente
12671,2026-02-28,  Cliente_282  ,Silla Ergonómica,250.0,1,Completado
12672,2026-01-12,Cliente_319,Laptop Pro 15,1200.0,2,Cancelado
12673,2026-07-26,Cliente_558,Silla Ergonómica,250.0,2,Cancelado
12674,2026-08-27,Cliente_499,Monitor 4K,350.0,2,Pendiente
12675,2026-04-18,Cliente_575,Monitor 4K,350.0,-1,Completado
12676,2026-08-28,Cliente_236,Auriculares Noise-Canceling,150.0,3,Completado
12677,2026-01-03,Cliente_328,Teclado Mecánico,80.0,1,Completado
12678,2026-05-29,Cliente_283,Laptop Pro 15,1200.0,0,Pendiente
12679,2026-05-27,  Cliente_596  ,Teclado Mecánico,80.0,0,Completado
12680,07/06/2026,Cliente_217,Teclado Mecánico,80.0,3,Pendiente
12681,2026-05-15,Cliente_486,Monitor 4K,350.0,2,Cancelado
12682,2026-03-18,Cliente_146,Laptop Pro 15,1200.0,3,Completado
12683,2026-07-13,Cliente_439,Auriculares Noise-Canceling,150.0,4,Completado
12684,2026-07-04,Cliente_344,Monitor 4K,350.0,-1,Completado
12685,2026-03-24,  Cliente_231  ,Teclado Mecánico,80.0,0,Completado
12686,2026-02-12,Cliente_566,Mouse Inalámbrico,30.0,5,Completado
12687,2026-04-20,Cliente_150,Teclado Mecánico,80.0,1,Completado
12688,2026-04-17,  Cliente_391  ,Monitor 4K,350.0,1,Completado
12689,2026-07-11,Cliente_577,Mouse Inalámbrico,30.0,2,Cancelado
12690,2026-05-20,Cliente_486,Monitor 4K,350.0,3,Cancelado
12691,2026-04-29,  Cliente_306  ,Auriculares Noise-Canceling,150.0,4,Completado
12692,2026-08-06,Cliente_365,Laptop Pro 15,1200.0,2,Completado
12693,2026-03-09,Cliente_585,Teclado Mecánico,80.0,2,Cancelado
12694,2026-09-07,Cliente_458,Silla Ergonómica,250.0,5,Cancelado
12695,2026-06-26,Cliente_260,Auriculares Noise-Canceling,150.0,3,Completado
12696,18/06/2026,Cliente_512,Teclado Mecánico,80.0,1,Completado
12697,2026-08-05,Cliente_130,Auriculares Noise-Canceling,150.0,3,Pendiente
12698,2026-03-31,Cliente_123,Teclado Mecánico,80.0,2,Pendiente
12699,2026-06-02,  Cliente_527  ,Laptop Pro 15,1200.0,4,Cancelado
12700,2026-06-15,Cliente_464,Mouse Inalámbrico,30.0,1,Cancelado
12701,05/05/2026,Cliente_295,Auriculares Noise-Canceling,150.0,1,Completado
12702,2026-03-18,Cliente_170,Auriculares Noise-Canceling,150.0,3,Cancelado
12703,2026-06-24,Cliente_293,Teclado Mecánico,80.0,1,Cancelado
12704,2026-07-22,Cliente_268,Auriculares Noise-Canceling,150.0,2,Completado
12705,2026-04-04,Cliente_543,Laptop Pro 15,1200.0,1,Pendiente
12706,2026-09-01,Cliente_501,Teclado Mecánico,80.0,-1,Completado
12707,2026-04-19,Cliente_115,Monitor 4K,350.0,3,Completado
12708,2026-06-12,Cliente_538,Teclado Mecánico,80.0,2,Pendiente
12709,2026-03-27,Cliente_424,Teclado Mecánico,80.0,-1,Completado
12710,2026-04-19,Cliente_446,Monitor 4K,350.0,-1,Completado
12711,2026-07-24,Cliente_491,Laptop Pro 15,1200.0,1,Pendiente
12712,2026-03-22,Cliente_492,Silla Ergonómica,250.0,1,Pendiente
12713,2026-01-24,Cliente_152,Laptop Pro 15,1200.0,0,Cancelado
12714,2026-01-02,Cliente_131,Teclado Mecánico,80.0,3,Cancelado
12715,2026-05-04,Cliente_303,Laptop Pro 15,1200.0,3,Cancelado
12716,2026-08-14,Cliente_405,Monitor 4K,350.0,-1,Pendiente
12717,2026-04-15,Cliente_468,Laptop Pro 15,1200.0,1,Completado
12718,2026-08-24,Cliente_157,Silla Ergonómica,250.0,-1,Completado
12719,2026-03-29,Cliente_346,Auriculares Noise-Canceling,150.0,4,Completado
12720,2026-01-13,Cliente_373,Silla Ergonómica,250.0,2,Completado
12721,2026-03-21,Cliente_190,Silla Ergonómica,250.0,1,Cancelado
12722,2026-04-03,Cliente_230,Silla Ergonómica,250.0,3,Completado
12723,2026-04-05,Cliente_435,Laptop Pro 15,1200.0,2,Pendiente
12724,2026-01-20,Cliente_551,Teclado Mecánico,80.0,5,Completado
12725,2026-06-07,Cliente_376,Monitor 4K,350.0,2,Pendiente
12726,2026-04-26,Cliente_144,Silla Ergonómica,250.0,4,Pendiente
12727,2026-07-10,Cliente_448,Monitor 4K,350.0,1,Completado
12728,2026-06-25,Cliente_295,Laptop Pro 15,1200.0,5,Completado
12729,2026-07-25,Cliente_132,Mouse Inalámbrico,30.0,-1,Cancelado
12730,2026-07-02,  Cliente_269  ,Mouse Inalámbrico,30.0,5,Completado
12731,2026-07-04,Cliente_267,Mouse Inalámbrico,30.0,5,Completado
12732,2026-08-14,Cliente_218,Teclado Mecánico,80.0,0,Completado
12733,2026-07-03,Cliente_136,Silla Ergonómica,250.0,4,Pendiente
12734,2026-04-19,Cliente_532,Mouse Inalámbrico,30.0,3,Completado
12735,2026-03-09,Cliente_234,Teclado Mecánico,80.0,4,Cancelado
12736,2026-06-04,Cliente_344,Monitor 4K,350.0,1,Pendiente
12737,2026-06-16,  Cliente_452  ,Silla Ergonómica,250.0,-1,Completado
12738,2026-09-03,Cliente_334,Monitor 4K,350.0,-1,Completado
12739,2026-04-19,Cliente_397,Auriculares Noise-Canceling,150.0,5,Cancelado
12740,2026-03-20,Cliente_132,Auriculares Noise-Canceling,150.0,5,Completado
12741,2026-03-12,Cliente_154,Mouse Inalámbrico,30.0,0,Completado
12742,2026-07-06,Cliente_542,Teclado Mecánico,80.0,-1,Cancelado
12743,2026-02-03,Cliente_238,Silla Ergonómica,250.0,4,Cancelado
12744,2026-03-02,Cliente_221,Silla Ergonómica,250.0,2,Completado
12745,2026-01-08,Cliente_356,Monitor 4K,350.0,4,Completado
12746,25/08/2026,Cliente_364,Auriculares Noise-Canceling,150.0,0,Cancelado
12747,2026-07-28,Cliente_123,Auriculares Noise-Canceling,150.0,0,Completado
12748,2026-05-14,  Cliente_455  ,Monitor 4K,350.0,-1,Pendiente
12749,2026-06-02,Cliente_424,Mouse Inalámbrico,30.0,-1,Cancelado
12750,2026-01-22,Cliente_381,Silla Ergonómica,250.0,2,Completado
12751,2026-07-05,Cliente_570,Teclado Mecánico,80.0,-1,Cancelado
12752,2026-01-22,Cliente_584,Teclado Mecánico,80.0,4,Completado
12753,2026-05-21,Cliente_539,Mouse Inalámbrico,30.0,5,Completado
12754,2026-08-02,Cliente_262,Teclado Mecánico,80.0,5,Completado
12755,2026-04-28,Cliente_109,Laptop Pro 15,,4,Pendiente
12756,2026-03-26,Cliente_584,Monitor 4K,,5,Cancelado
12757,26/06/2026,Cliente_563,Mouse Inalámbrico,30.0,-1,Pendiente
12758,2026-08-20,  Cliente_107  ,Silla Ergonómica,250.0,1,Completado
12759,2026-08-17,  Cliente_531  ,Teclado Mecánico,80.0,4,Completado
12760,2026-04-13,Cliente_152,Teclado Mecánico,,2,Cancelado
12761,2026-01-04,  Cliente_415  ,Teclado Mecánico,80.0,2,Cancelado
12762,2026-02-06,Cliente_384,Monitor 4K,350.0,3,Cancelado
12763,20/07/2026,Cliente_336,Auriculares Noise-Canceling,150.0,0,Completado
12764,2026-05-25,Cliente_426,Auriculares Noise-Canceling,150.0,3,Cancelado
12765,04/04/2026,Cliente_138,Silla Ergonómica,250.0,2,Cancelado
12766,2026-04-27,Cliente_392,Mouse Inalámbrico,30.0,2,Completado
12767,2026-02-03,  Cliente_145  ,Silla Ergonómica,250.0,0,Completado
12768,2026-08-01,Cliente_387,Mouse Inalámbrico,30.0,4,Pendiente
12769,2026-07-14,Cliente_103,Laptop Pro 15,1200.0,-1,Cancelado
12770,2026-03-27,Cliente_285,Teclado Mecánico,80.0,-1,Completado
12771,2026-07-11,Cliente_444,Mouse Inalámbrico,30.0,1,Completado
12772,2026-06-22,  Cliente_378  ,Mouse Inalámbrico,30.0,5,Cancelado
12773,2026-08-29,Cliente_307,Monitor 4K,350.0,3,Completado
12774,2026-05-12,Cliente_272,Monitor 4K,350.0,3,Pendiente
12775,2026-03-10,Cliente_288,Laptop Pro 15,1200.0,1,Completado
12776,02/08/2026,Cliente_527,Auriculares Noise-Canceling,150.0,1,Pendiente
12777,2026-08-05,Cliente_165,Auriculares Noise-Canceling,150.0,5,Pendiente
12778,2026-01-17,Cliente_126,Laptop Pro 15,1200.0,-1,Completado
12779,2026-04-28,Cliente_128,Silla Ergonómica,250.0,2,Completado
12780,2026-02-11,Cliente_358,Teclado Mecánico,80.0,2,Cancelado
12781,2026-01-23,Cliente_130,Teclado Mecánico,80.0,5,Cancelado
12782,2026-01-24,Cliente_224,Monitor 4K,350.0,1,Pendiente
12783,2026-07-17,Cliente_507,Laptop Pro 15,1200.0,3,Pendiente
12784,2026-06-28,Cliente_429,Laptop Pro 15,1200.0,1,Completado
12785,2026-02-15,Cliente_413,Laptop Pro 15,1200.0,1,Completado
12786,14/08/2026,Cliente_483,Silla Ergonómica,250.0,0,Completado
12787,2026-07-30,Cliente_128,Monitor 4K,350.0,5,Completado
12788,2026-03-22,Cliente_404,Laptop Pro 15,1200.0,-1,Completado
12789,2026-01-23,Cliente_435,Mouse Inalámbrico,30.0,4,Cancelado
12790,2026-07-27,Cliente_217,Teclado Mecánico,80.0,1,Cancelado
12791,2026-08-10,Cliente_210,Auriculares Noise-Canceling,150.0,3,Completado
12792,2026-01-30,Cliente_493,Monitor 4K,350.0,1,Completado
12793,2026-02-21,Cliente_343,Auriculares Noise-Canceling,150.0,3,Cancelado
12794,2026-01-10,Cliente_137,Laptop Pro 15,1200.0,5,Completado
12795,2026-02-26,Cliente_307,Monitor 4K,350.0,3,Completado
12796,2026-07-22,Cliente_502,Mouse Inalámbrico,30.0,0,Pendiente
12797,2026-08-24,Cliente_547,Teclado Mecánico,80.0,5,Cancelado
12798,2026-01-10,Cliente_323,Laptop Pro 15,1200.0,1,Pendiente
12799,2026-08-17,Cliente_229,Monitor 4K,350.0,0,Cancelado
12800,2026-07-24,Cliente_263,Auriculares Noise-Canceling,150.0,1,Completado
12801,2026-01-14,  Cliente_272  ,Mouse Inalámbrico,30.0,3,Pendiente
12802,2026-03-27,Cliente_418,Teclado Mecánico,80.0,2,Completado
12803,2026-01-03,Cliente_523,Mouse Inalámbrico,30.0,3,Cancelado
12804,2026-06-11,Cliente_353,Teclado Mecánico,80.0,1,Completado
12805,2026-09-01,Cliente_152,Silla Ergonómica,250.0,-1,Completado
12806,2026-01-05,  Cliente_452  ,Mouse Inalámbrico,30.0,2,Completado
12807,2026-06-29,Cliente_452,Silla Ergonómica,250.0,4,Completado
12808,2026-07-29,Cliente_262,Mouse Inalámbrico,30.0,1,Completado
12809,2026-08-17,Cliente_101,Silla Ergonómica,250.0,4,Completado
12810,2026-05-25,Cliente_561,Monitor 4K,350.0,1,Completado
12811,2026-08-24,Cliente_459,Laptop Pro 15,1200.0,2,Completado
12812,2026-08-21,Cliente_194,Laptop Pro 15,1200.0,5,Cancelado
12813,14/03/2026,Cliente_325,Teclado Mecánico,80.0,3,Pendiente
12814,2026-04-29,Cliente_167,Laptop Pro 15,1200.0,4,Completado
12815,2026-01-08,Cliente_430,Teclado Mecánico,80.0,3,Completado
12816,2026-06-09,Cliente_447,Laptop Pro 15,,2,Completado
12817,2026-01-01,Cliente_161,Silla Ergonómica,,4,Completado
12818,2026-06-28,  Cliente_414  ,Laptop Pro 15,1200.0,2,Completado
12819,2026-01-25,Cliente_566,Laptop Pro 15,1200.0,1,Completado
12820,2026-03-30,Cliente_284,Auriculares Noise-Canceling,150.0,0,Completado
12821,2026-04-10,Cliente_286,Teclado Mecánico,80.0,1,Completado
12822,14/06/2026,Cliente_107,Mouse Inalámbrico,30.0,3,Cancelado
12823,2026-05-20,Cliente_138,Mouse Inalámbrico,30.0,5,Pendiente
12824,2026-05-03,Cliente_224,Mouse Inalámbrico,30.0,5,Completado
12825,2026-08-06,Cliente_392,Silla Ergonómica,250.0,0,Cancelado
12826,2026-01-01,Cliente_111,Silla Ergonómica,250.0,1,Pendiente
12827,2026-01-03,Cliente_268,Mouse Inalámbrico,30.0,5,Completado
12828,2026-03-07,Cliente_261,Laptop Pro 15,1200.0,0,Pendiente
12829,2026-05-30,Cliente_195,Monitor 4K,350.0,2,Completado
12830,2026-07-22,Cliente_213,Silla Ergonómica,250.0,4,Completado
12831,2026-01-11,Cliente_393,Laptop Pro 15,1200.0,4,Pendiente
12832,2026-09-03,  Cliente_492  ,Silla Ergonómica,250.0,0,Pendiente
12833,2026-01-30,Cliente_563,Auriculares Noise-Canceling,150.0,-1,Pendiente
12834,2026-03-14,Cliente_104,Mouse Inalámbrico,30.0,0,Completado
12835,2026-04-26,Cliente_379,Mouse Inalámbrico,30.0,3,Cancelado
12836,2026-04-19,Cliente_495,Monitor 4K,350.0,3,Pendiente
12837,2026-07-25,Cliente_444,Laptop Pro 15,1200.0,5,Completado
12838,2026-01-20,Cliente_196,Silla Ergonómica,250.0,1,Pendiente
12839,2026-01-30,  Cliente_328  ,Laptop Pro 15,1200.0,0,Completado
12840,2026-02-18,Cliente_193,Monitor 4K,350.0,5,Completado
12841,2026-01-18,Cliente_188,Laptop Pro 15,1200.0,3,Cancelado
12842,2026-04-04,Cliente_452,Laptop Pro 15,1200.0,2,Pendiente
12843,2026-04-06,Cliente_375,Laptop Pro 15,1200.0,3,Cancelado
12844,2026-06-26,Cliente_338,Laptop Pro 15,1200.0,1,Completado
12845,2026-07-01,Cliente_123,Silla Ergonómica,250.0,2,Completado
12846,2026-08-08,Cliente_410,Monitor 4K,350.0,5,Cancelado
12847,2026-05-03,Cliente_398,Mouse Inalámbrico,30.0,0,Cancelado
12848,2026-01-25,Cliente_437,Teclado Mecánico,80.0,1,Completado
12849,2026-02-15,Cliente_128,Monitor 4K,350.0,2,Cancelado
12850,2026-02-04,Cliente_218,Teclado Mecánico,80.0,4,Completado
12851,2026-06-17,Cliente_243,Laptop Pro 15,1200.0,1,Completado
12852,2026-09-07,Cliente_316,Silla Ergonómica,250.0,4,Completado
12853,2026-02-02,Cliente_445,Auriculares Noise-Canceling,150.0,0,Completado
12854,2026-08-28,Cliente_242,Monitor 4K,350.0,0,Completado
12855,2026-04-02,Cliente_355,Monitor 4K,350.0,0,Completado
12856,2026-01-11,Cliente_200,Silla Ergonómica,250.0,0,Completado
12857,2026-03-06,Cliente_309,Auriculares Noise-Canceling,150.0,1,Completado
12858,2026-06-02,Cliente_507,Silla Ergonómica,250.0,-1,Pendiente
12859,2026-06-06,Cliente_150,Mouse Inalámbrico,30.0,2,Completado
12860,2026-01-23,Cliente_407,Laptop Pro 15,1200.0,4,Completado
12861,2026-08-30,Cliente_541,Mouse Inalámbrico,30.0,5,Cancelado
12862,2026-08-04,  Cliente_227  ,Monitor 4K,350.0,5,Cancelado
12863,2026-05-26,Cliente_178,Teclado Mecánico,80.0,2,Completado
12864,2026-04-14,Cliente_288,Laptop Pro 15,1200.0,-1,Completado
12865,2026-08-13,Cliente_486,Mouse Inalámbrico,30.0,2,Pendiente
12866,2026-07-25,  Cliente_363  ,Monitor 4K,350.0,0,Completado
12867,2026-03-07,Cliente_502,Laptop Pro 15,1200.0,1,Completado
12868,2026-03-20,Cliente_451,Mouse Inalámbrico,30.0,2,Completado
12869,2026-06-15,Cliente_255,Silla Ergonómica,250.0,2,Completado
12870,2026-04-22,Cliente_169,Mouse Inalámbrico,30.0,5,Completado
12871,2026-04-16,Cliente_503,Laptop Pro 15,1200.0,0,Completado
12872,2026-01-26,Cliente_178,Silla Ergonómica,250.0,1,Cancelado
12873,2026-08-31,Cliente_353,Silla Ergonómica,250.0,-1,Cancelado
12874,2026-07-05,Cliente_223,Laptop Pro 15,1200.0,2,Completado
12875,2026-02-21,Cliente_213,Silla Ergonómica,250.0,4,Completado
12876,2026-09-03,Cliente_599,Monitor 4K,350.0,1,Completado
12877,2026-03-08,Cliente_226,Silla Ergonómica,250.0,3,Completado
12878,2026-08-06,Cliente_288,Silla Ergonómica,250.0,-1,Pendiente
12879,2026-04-30,Cliente_543,Mouse Inalámbrico,,4,Pendiente
12880,2026-04-27,Cliente_508,Silla Ergonómica,250.0,1,Completado
12881,2026-04-03,Cliente_203,Silla Ergonómica,250.0,4,Pendiente
12882,2026-08-27,Cliente_298,Teclado Mecánico,80.0,5,Cancelado
12883,2026-03-13,Cliente_564,Mouse Inalámbrico,30.0,-1,Completado
12884,2026-01-03,Cliente_566,Teclado Mecánico,80.0,-1,Cancelado
12885,2026-04-13,Cliente_490,Teclado Mecánico,80.0,5,Completado
12886,2026-02-16,Cliente_329,Teclado Mecánico,80.0,2,Completado
12887,2026-07-18,Cliente_289,Laptop Pro 15,1200.0,1,Completado
12888,2026-01-14,Cliente_247,Teclado Mecánico,80.0,-1,Completado
12889,2026-02-10,Cliente_560,Silla Ergonómica,250.0,0,Completado
12890,2026-01-15,Cliente_515,Teclado Mecánico,80.0,1,Pendiente
12891,2026-08-21,Cliente_593,Monitor 4K,350.0,2,Completado
12892,2026-08-29,Cliente_354,Laptop Pro 15,1200.0,4,Completado
12893,2026-05-21,  Cliente_474  ,Monitor 4K,350.0,-1,Cancelado
12894,2026-06-18,Cliente_597,Teclado Mecánico,80.0,0,Completado
12895,2026-03-10,Cliente_233,Mouse Inalámbrico,30.0,3,Pendiente
12896,2026-08-11,Cliente_184,Laptop Pro 15,1200.0,0,Completado
12897,2026-07-30,Cliente_480,Silla Ergonómica,250.0,5,Pendiente
12898,2026-03-24,Cliente_450,Mouse Inalámbrico,30.0,3,Completado
12899,31/07/2026,Cliente_431,Mouse Inalámbrico,,1,Completado
12900,2026-08-28,  Cliente_575  ,Monitor 4K,350.0,3,Cancelado
12901,2026-05-04,  Cliente_178  ,Silla Ergonómica,250.0,-1,Completado
12902,2026-06-19,Cliente_338,Silla Ergonómica,250.0,1,Completado
12903,2026-05-27,Cliente_596,Laptop Pro 15,1200.0,3,Completado
12904,2026-01-23,Cliente_456,Monitor 4K,350.0,3,Completado
12905,2026-03-31,Cliente_278,Laptop Pro 15,1200.0,0,Cancelado
12906,2026-02-17,  Cliente_431  ,Mouse Inalámbrico,30.0,4,Pendiente
12907,2026-04-01,Cliente_416,Monitor 4K,350.0,4,Completado
12908,2026-07-28,Cliente_495,Monitor 4K,350.0,0,Cancelado
12909,2026-03-15,Cliente_101,Monitor 4K,350.0,3,Pendiente
12910,2026-04-01,Cliente_501,Silla Ergonómica,250.0,5,Completado
12911,2026-05-01,Cliente_118,Mouse Inalámbrico,30.0,3,Completado
12912,2026-06-05,Cliente_300,Auriculares Noise-Canceling,150.0,-1,Completado
12913,2026-01-10,Cliente_296,Auriculares Noise-Canceling,150.0,5,Pendiente
12914,2026-09-01,Cliente_533,Laptop Pro 15,1200.0,-1,Cancelado
12915,2026-09-04,Cliente_424,Monitor 4K,350.0,3,Completado
12916,2026-07-01,Cliente_573,Mouse Inalámbrico,30.0,5,Cancelado
12917,2026-07-12,Cliente_327,Teclado Mecánico,80.0,2,Completado
12918,2026-02-06,Cliente_179,Monitor 4K,350.0,0,Cancelado
12919,2026-02-09,Cliente_230,Laptop Pro 15,1200.0,5,Cancelado
12920,2026-08-09,Cliente_424,Monitor 4K,350.0,4,Completado
12921,2026-03-28,Cliente_417,Mouse Inalámbrico,30.0,0,Completado
12922,2026-08-10,Cliente_346,Mouse Inalámbrico,30.0,4,Completado
12923,2026-07-23,Cliente_451,Silla Ergonómica,250.0,-1,Completado
12924,2026-05-24,Cliente_539,Monitor 4K,,4,Completado
12925,2026-01-19,  Cliente_438  ,Silla Ergonómica,250.0,0,Pendiente
12926,2026-06-19,Cliente_247,Monitor 4K,350.0,-1,Cancelado
12927,2026-07-07,Cliente_261,Silla Ergonómica,250.0,1,Pendiente
12928,2026-02-14,Cliente_510,Laptop Pro 15,1200.0,1,Completado
12929,2026-05-25,Cliente_140,Teclado Mecánico,80.0,4,Completado
12930,2026-01-24,Cliente_444,Teclado Mecánico,80.0,-1,Pendiente
12931,2026-05-08,Cliente_381,Auriculares Noise-Canceling,150.0,3,Completado
12932,2026-03-06,Cliente_110,Laptop Pro 15,1200.0,-1,Completado
12933,2026-01-25,Cliente_355,Silla Ergonómica,,3,Completado
12934,2026-07-03,Cliente_485,Monitor 4K,350.0,0,Cancelado
12935,2026-01-10,Cliente_308,Mouse Inalámbrico,30.0,3,Cancelado
12936,2026-05-04,Cliente_558,Mouse Inalámbrico,30.0,0,Cancelado
12937,2026-01-08,Cliente_492,Monitor 4K,350.0,4,Completado
12938,2026-06-16,Cliente_344,Silla Ergonómica,250.0,3,Completado
12939,2026-05-27,Cliente_451,Monitor 4K,350.0,0,Completado
12940,2026-03-26,Cliente_296,Monitor 4K,350.0,-1,Completado
12941,2026-02-16,Cliente_272,Auriculares Noise-Canceling,150.0,5,Completado
12942,2026-01-07,  Cliente_532  ,Laptop Pro 15,1200.0,3,Pendiente
12943,2026-07-24,Cliente_334,Mouse Inalámbrico,30.0,1,Pendiente
12944,2026-05-24,Cliente_596,Laptop Pro 15,1200.0,-1,Completado
12945,2026-03-18,Cliente_306,Teclado Mecánico,80.0,5,Cancelado
12946,2026-04-09,Cliente_204,Mouse Inalámbrico,30.0,-1,Pendiente
12947,2026-01-06,Cliente_117,Silla Ergonómica,250.0,1,Completado
12948,2026-07-09,Cliente_402,Teclado Mecánico,80.0,2,Completado
12949,2026-01-21,Cliente_326,Auriculares Noise-Canceling,150.0,0,Cancelado
12950,2026-03-24,Cliente_215,Silla Ergonómica,250.0,3,Completado
12951,2026-01-29,Cliente_280,Auriculares Noise-Canceling,150.0,-1,Completado
12952,2026-01-21,Cliente_221,Mouse Inalámbrico,30.0,0,Cancelado
12953,2026-05-26,Cliente_531,Teclado Mecánico,80.0,3,Cancelado
12954,2026-03-05,Cliente_323,Mouse Inalámbrico,30.0,1,Completado
12955,2026-07-01,Cliente_258,Teclado Mecánico,80.0,1,Completado
12956,2026-05-31,Cliente_409,Teclado Mecánico,80.0,2,Cancelado
12957,2026-04-26,Cliente_397,Monitor 4K,350.0,5,Cancelado
12958,2026-06-23,  Cliente_489  ,Teclado Mecánico,80.0,1,Cancelado
12959,2026-04-18,Cliente_357,Monitor 4K,350.0,-1,Pendiente
12960,2026-06-14,Cliente_373,Silla Ergonómica,250.0,3,Cancelado
12961,2026-01-27,  Cliente_181  ,Auriculares Noise-Canceling,150.0,1,Cancelado
12962,2026-05-03,Cliente_541,Mouse Inalámbrico,30.0,4,Pendiente
12963,2026-03-15,Cliente_199,Teclado Mecánico,80.0,5,Pendiente
12964,2026-07-19,Cliente_540,Teclado Mecánico,80.0,5,Completado
12965,2026-03-19,Cliente_535,Laptop Pro 15,1200.0,1,Completado
12966,2026-01-08,Cliente_522,Monitor 4K,350.0,0,Completado
12967,2026-04-29,Cliente_543,Laptop Pro 15,1200.0,-1,Pendiente
12968,2026-05-30,Cliente_270,Teclado Mecánico,80.0,3,Pendiente
12969,2026-08-25,Cliente_141,Laptop Pro 15,1200.0,2,Completado
12970,2026-03-08,Cliente_197,Laptop Pro 15,1200.0,1,Pendiente
12971,2026-05-21,Cliente_378,Mouse Inalámbrico,30.0,-1,Completado
12972,2026-08-27,Cliente_181,Teclado Mecánico,80.0,0,Completado
12973,2026-02-16,Cliente_250,Laptop Pro 15,1200.0,0,Completado
12974,2026-07-02,Cliente_331,Silla Ergonómica,250.0,1,Cancelado
12975,2026-07-30,Cliente_501,Silla Ergonómica,250.0,5,Completado
12976,2026-08-18,Cliente_463,Laptop Pro 15,1200.0,4,Completado
12977,2026-06-17,Cliente_513,Mouse Inalámbrico,30.0,-1,Pendiente
12978,2026-01-10,Cliente_197,Mouse Inalámbrico,30.0,-1,Completado
12979,2026-04-04,Cliente_528,Laptop Pro 15,1200.0,3,Completado
12980,2026-04-11,Cliente_317,Monitor 4K,350.0,3,Pendiente
12981,2026-02-20,Cliente_182,Teclado Mecánico,80.0,5,Cancelado
12982,2026-02-04,  Cliente_109  ,Monitor 4K,350.0,0,Cancelado
12983,2026-02-20,Cliente_213,Laptop Pro 15,1200.0,-1,Pendiente
12984,2026-04-20,Cliente_562,Mouse Inalámbrico,30.0,4,Completado
12985,2026-06-06,Cliente_345,Laptop Pro 15,1200.0,2,Completado
12986,2026-04-05,Cliente_429,Monitor 4K,350.0,-1,Completado
12987,2026-03-08,Cliente_495,Monitor 4K,350.0,4,Completado
12988,2026-07-22,Cliente_587,Monitor 4K,,1,Completado
12989,2026-05-29,Cliente_510,Auriculares Noise-Canceling,150.0,-1,Completado
12990,2026-07-24,Cliente_439,Laptop Pro 15,1200.0,0,Completado
12991,2026-08-23,Cliente_312,Teclado Mecánico,80.0,5,Cancelado
12992,2026-06-14,Cliente_344,Mouse Inalámbrico,30.0,-1,Pendiente
12993,2026-08-02,Cliente_503,Teclado Mecánico,80.0,2,Completado
12994,2026-05-18,Cliente_217,Teclado Mecánico,80.0,1,Pendiente
12995,2026-05-10,Cliente_274,Monitor 4K,350.0,2,Completado
12996,2026-05-30,  Cliente_590  ,Monitor 4K,350.0,3,Completado
12997,2026-08-23,Cliente_231,Mouse Inalámbrico,30.0,3,Completado
12998,2026-07-16,Cliente_394,Monitor 4K,350.0,4,Completado
12999,2026-05-16,Cliente_162,Laptop Pro 15,1200.0,-1,Cancelado
13000,2026-04-17,Cliente_384,Laptop Pro 15,1200.0,1,Cancelado
13001,2026-08-09,Cliente_126,Laptop Pro 15,1200.0,-1,Completado
13002,2026-02-08,Cliente_407,Silla Ergonómica,250.0,4,Cancelado
13003,2026-03-23,Cliente_407,Auriculares Noise-Canceling,150.0,4,Completado
13004,2026-08-31,Cliente_353,Mouse Inalámbrico,30.0,0,Completado
13005,2026-04-03,Cliente_111,Monitor 4K,350.0,2,Completado
13006,2026-06-25,Cliente_265,Monitor 4K,350.0,0,Cancelado
13007,08/07/2026,Cliente_479,Silla Ergonómica,250.0,0,Cancelado
13008,2026-08-13,Cliente_327,Monitor 4K,350.0,1,Completado
13009,2026-05-29,Cliente_407,Teclado Mecánico,80.0,3,Completado
13010,2026-04-06,Cliente_541,Teclado Mecánico,80.0,5,Pendiente
13011,2026-03-22,Cliente_548,Auriculares Noise-Canceling,150.0,-1,Pendiente
13012,2026-04-20,Cliente_304,Mouse Inalámbrico,30.0,4,Completado
13013,2026-03-01,Cliente_313,Monitor 4K,350.0,3,Pendiente
13014,2026-04-02,Cliente_567,Mouse Inalámbrico,30.0,5,Completado
13015,2026-02-06,Cliente_143,Mouse Inalámbrico,30.0,2,Completado
13016,2026-02-08,Cliente_181,Laptop Pro 15,1200.0,3,Completado
13017,2026-04-16,Cliente_494,Laptop Pro 15,1200.0,5,Completado
13018,2026-04-13,Cliente_398,Auriculares Noise-Canceling,150.0,5,Completado
13019,2026-02-14,Cliente_310,Mouse Inalámbrico,30.0,5,Completado
13020,2026-01-20,  Cliente_294  ,Silla Ergonómica,250.0,0,Completado
13021,2026-01-25,Cliente_274,Auriculares Noise-Canceling,150.0,4,Completado
13022,2026-03-11,Cliente_123,Monitor 4K,350.0,5,Completado
13023,2026-02-15,Cliente_143,Silla Ergonómica,250.0,-1,Completado
13024,2026-06-19,Cliente_362,Monitor 4K,350.0,1,Completado
13025,2026-04-17,Cliente_379,Silla Ergonómica,250.0,0,Pendiente
13026,2026-05-16,Cliente_157,Teclado Mecánico,80.0,-1,Cancelado
13027,2026-02-04,Cliente_485,Auriculares Noise-Canceling,150.0,1,Completado
13028,2026-08-23,Cliente_358,Laptop Pro 15,1200.0,0,Pendiente
13029,2026-03-25,Cliente_367,Silla Ergonómica,250.0,0,Pendiente
13030,2026-07-18,Cliente_260,Silla Ergonómica,250.0,5,Cancelado
13031,2026-01-29,Cliente_193,Mouse Inalámbrico,30.0,0,Pendiente
13032,2026-06-26,Cliente_257,Monitor 4K,350.0,0,Completado
13033,2026-01-29,Cliente_598,Monitor 4K,350.0,3,Pendiente
13034,2026-08-10,Cliente_459,Auriculares Noise-Canceling,150.0,3,Pendiente
13035,2026-06-06,Cliente_402,Auriculares Noise-Canceling,150.0,5,Cancelado
13036,2026-05-12,  Cliente_183  ,Teclado Mecánico,80.0,3,Completado
13037,2026-04-19,Cliente_322,Silla Ergonómica,250.0,-1,Completado
13038,2026-07-11,Cliente_201,Silla Ergonómica,,-1,Completado
13039,2026-03-24,Cliente_102,Monitor 4K,350.0,0,Completado
13040,01/07/2026,Cliente_382,Monitor 4K,350.0,3,Completado
13041,2026-02-13,Cliente_416,Auriculares Noise-Canceling,150.0,2,Cancelado
13042,2026-04-21,Cliente_458,Auriculares Noise-Canceling,150.0,2,Pendiente
13043,2026-05-23,Cliente_533,Mouse Inalámbrico,30.0,5,Completado
13044,2026-09-03,Cliente_552,Auriculares Noise-Canceling,150.0,2,Pendiente
13045,2026-01-30,Cliente_426,Mouse Inalámbrico,30.0,-1,Cancelado
13046,2026-05-22,Cliente_323,Mouse Inalámbrico,30.0,2,Completado
13047,2026-07-22,Cliente_359,Laptop Pro 15,1200.0,0,Completado
13048,2026-05-11,Cliente_535,Silla Ergonómica,250.0,-1,Completado
13049,2026-08-08,Cliente_473,Teclado Mecánico,80.0,2,Pendiente
13050,2026-01-06,Cliente_459,Teclado Mecánico,80.0,5,Pendiente
13051,2026-06-11,  Cliente_487  ,Mouse Inalámbrico,30.0,4,Cancelado
13052,2026-06-17,Cliente_539,Monitor 4K,,3,Completado
13053,2026-04-15,Cliente_590,Laptop Pro 15,1200.0,2,Cancelado
13054,2026-05-17,Cliente_537,Silla Ergonómica,250.0,3,Cancelado
13055,22/06/2026,Cliente_477,Silla Ergonómica,250.0,4,Completado
13056,2026-04-13,Cliente_521,Silla Ergonómica,250.0,1,Completado
13057,2026-03-24,Cliente_171,Auriculares Noise-Canceling,150.0,3,Completado
13058,2026-03-29,Cliente_184,Auriculares Noise-Canceling,150.0,3,Cancelado
13059,2026-04-24,Cliente_492,Teclado Mecánico,80.0,4,Completado
13060,2026-05-02,Cliente_422,Auriculares Noise-Canceling,150.0,-1,Cancelado
13061,2026-05-27,  Cliente_325  ,Mouse Inalámbrico,30.0,1,Pendiente
13062,2026-03-20,Cliente_335,Laptop Pro 15,1200.0,3,Pendiente
13063,2026-03-14,Cliente_393,Teclado Mecánico,80.0,4,Completado
13064,2026-03-19,Cliente_534,Auriculares Noise-Canceling,150.0,3,Pendiente
13065,2026-03-29,Cliente_423,Monitor 4K,350.0,2,Cancelado
13066,2026-07-18,Cliente_250,Auriculares Noise-Canceling,150.0,-1,Completado
13067,2026-06-19,Cliente_186,Teclado Mecánico,80.0,-1,Pendiente
13068,2026-01-09,Cliente_555,Laptop Pro 15,1200.0,0,Completado
13069,2026-08-19,Cliente_409,Mouse Inalámbrico,30.0,2,Cancelado
13070,2026-01-27,Cliente_367,Monitor 4K,350.0,5,Completado
13071,2026-06-20,Cliente_548,Auriculares Noise-Canceling,150.0,3,Completado
13072,2026-06-08,Cliente_222,Mouse Inalámbrico,30.0,5,Pendiente
13073,2026-03-30,Cliente_384,Teclado Mecánico,80.0,4,Completado
13074,04/01/2026,Cliente_569,Laptop Pro 15,1200.0,2,Completado
13075,2026-04-14,Cliente_448,Laptop Pro 15,1200.0,4,Cancelado
13076,2026-04-02,Cliente_587,Teclado Mecánico,80.0,-1,Completado
13077,2026-09-08,Cliente_325,Auriculares Noise-Canceling,150.0,3,Completado
13078,2026-08-22,Cliente_346,Mouse Inalámbrico,30.0,-1,Completado
13079,2026-06-14,Cliente_550,Silla Ergonómica,250.0,2,Completado
13080,2026-06-26,Cliente_555,Laptop Pro 15,1200.0,0,Completado
13081,2026-02-03,Cliente_230,Teclado Mecánico,80.0,1,Completado
13082,2026-05-24,Cliente_317,Mouse Inalámbrico,30.0,4,Pendiente
13083,2026-07-19,Cliente_504,Teclado Mecánico,80.0,-1,Completado
13084,2026-03-22,Cliente_171,Teclado Mecánico,80.0,2,Completado
13085,2026-03-26,Cliente_105,Monitor 4K,350.0,0,Completado
13086,2026-08-19,Cliente_346,Mouse Inalámbrico,30.0,1,Cancelado
13087,2026-06-03,Cliente_215,Teclado Mecánico,80.0,1,Completado
13088,22/03/2026,Cliente_216,Laptop Pro 15,1200.0,5,Completado
13089,2026-02-12,Cliente_153,Monitor 4K,350.0,4,Cancelado
13090,2026-02-17,Cliente_438,Laptop Pro 15,,0,Completado
13091,2026-02-06,Cliente_428,Silla Ergonómica,250.0,0,Pendiente
13092,2026-05-20,Cliente_429,Mouse Inalámbrico,30.0,5,Cancelado
13093,2026-03-25,Cliente_384,Teclado Mecánico,80.0,4,Cancelado
13094,2026-07-02,Cliente_172,Silla Ergonómica,250.0,4,Completado
13095,2026-06-07,Cliente_289,Mouse Inalámbrico,30.0,3,Completado
13096,2026-01-13,Cliente_427,Laptop Pro 15,1200.0,-1,Cancelado
13097,2026-02-28,Cliente_342,Laptop Pro 15,1200.0,2,Completado
13098,2026-07-07,Cliente_371,Teclado Mecánico,80.0,1,Completado
13099,2026-05-29,Cliente_283,Laptop Pro 15,1200.0,5,Cancelado
13100,22/02/2026,Cliente_409,Mouse Inalámbrico,30.0,1,Completado
13101,2026-05-16,Cliente_164,Mouse Inalámbrico,30.0,-1,Completado
13102,2026-08-24,Cliente_367,Laptop Pro 15,1200.0,0,Completado
13103,2026-08-16,Cliente_374,Mouse Inalámbrico,30.0,3,Cancelado
13104,20/02/2026,Cliente_344,Laptop Pro 15,1200.0,0,Cancelado
13105,2026-02-01,  Cliente_193  ,Mouse Inalámbrico,30.0,4,Completado
13106,2026-07-06,Cliente_268,Mouse Inalámbrico,30.0,4,Cancelado
13107,2026-04-19,Cliente_283,Laptop Pro 15,1200.0,3,Completado
13108,2026-05-03,Cliente_477,Teclado Mecánico,80.0,2,Pendiente
13109,2026-03-21,Cliente_134,Monitor 4K,350.0,2,Pendiente
13110,2026-06-11,Cliente_293,Monitor 4K,350.0,3,Completado
13111,2026-01-08,Cliente_505,Teclado Mecánico,80.0,3,Completado
13112,28/05/2026,Cliente_217,Laptop Pro 15,1200.0,3,Completado
13113,2026-05-19,  Cliente_144  ,Silla Ergonómica,250.0,0,Cancelado
13114,2026-03-12,Cliente_300,Teclado Mecánico,80.0,0,Cancelado
13115,2026-06-21,Cliente_530,Auriculares Noise-Canceling,150.0,5,Pendiente
13116,2026-04-05,Cliente_549,Auriculares Noise-Canceling,150.0,0,Pendiente
13117,2026-02-02,Cliente_367,Teclado Mecánico,80.0,3,Completado
13118,2026-05-30,  Cliente_482  ,Auriculares Noise-Canceling,150.0,0,Cancelado
13119,2026-01-19,Cliente_530,Auriculares Noise-Canceling,150.0,4,Completado
13120,2026-04-26,Cliente_541,Auriculares Noise-Canceling,150.0,4,Pendiente
13121,2026-08-23,Cliente_254,Laptop Pro 15,1200.0,5,Completado
13122,2026-05-08,Cliente_318,Laptop Pro 15,1200.0,5,Completado
13123,2026-07-05,Cliente_194,Auriculares Noise-Canceling,150.0,3,Completado
13124,2026-05-18,Cliente_535,Monitor 4K,350.0,1,Completado
13125,2026-03-12,Cliente_141,Auriculares Noise-Canceling,150.0,2,Completado
13126,2026-06-08,  Cliente_508  ,Auriculares Noise-Canceling,,5,Cancelado
13127,28/05/2026,Cliente_340,Silla Ergonómica,250.0,5,Completado
13128,2026-02-23,Cliente_400,Monitor 4K,350.0,2,Completado
13129,2026-05-18,Cliente_359,Laptop Pro 15,1200.0,4,Pendiente
13130,2026-02-02,Cliente_200,Silla Ergonómica,,5,Completado
13131,2026-05-30,Cliente_504,Silla Ergonómica,250.0,-1,Completado
13132,2026-02-04,Cliente_258,Auriculares Noise-Canceling,150.0,3,Completado
13133,2026-01-16,Cliente_394,Teclado Mecánico,80.0,4,Completado
13134,2026-01-11,Cliente_163,Auriculares Noise-Canceling,150.0,5,Completado
13135,2026-01-18,Cliente_306,Monitor 4K,350.0,4,Cancelado
13136,2026-04-23,Cliente_569,Mouse Inalámbrico,30.0,5,Completado
13137,2026-04-01,Cliente_208,Auriculares Noise-Canceling,150.0,2,Cancelado
13138,2026-09-07,Cliente_265,Laptop Pro 15,1200.0,4,Pendiente
13139,2026-01-23,Cliente_227,Laptop Pro 15,1200.0,1,Pendiente
13140,2026-03-30,Cliente_283,Mouse Inalámbrico,30.0,2,Completado
13141,07/06/2026,Cliente_448,Laptop Pro 15,1200.0,0,Completado
13142,2026-01-08,Cliente_334,Auriculares Noise-Canceling,150.0,2,Cancelado
13143,2026-01-02,Cliente_310,Auriculares Noise-Canceling,150.0,5,Completado
13144,2026-03-07,Cliente_231,Teclado Mecánico,80.0,-1,Pendiente
13145,2026-04-29,Cliente_457,Laptop Pro 15,1200.0,-1,Completado
13146,2026-06-12,Cliente_519,Silla Ergonómica,250.0,1,Pendiente
13147,2026-02-18,Cliente_120,Teclado Mecánico,80.0,1,Cancelado
13148,2026-05-05,  Cliente_174  ,Laptop Pro 15,1200.0,0,Pendiente
13149,2026-06-12,Cliente_235,Monitor 4K,350.0,3,Completado
13150,2026-03-23,Cliente_404,Mouse Inalámbrico,30.0,5,Completado
13151,2026-04-13,  Cliente_354  ,Auriculares Noise-Canceling,150.0,5,Cancelado
13152,2026-05-10,Cliente_189,Silla Ergonómica,250.0,-1,Completado
13153,2026-07-13,Cliente_264,Auriculares Noise-Canceling,150.0,5,Completado
13154,2026-07-11,Cliente_376,Silla Ergonómica,250.0,5,Completado
13155,2026-06-14,Cliente_111,Mouse Inalámbrico,30.0,1,Cancelado
13156,2026-08-03,Cliente_297,Auriculares Noise-Canceling,150.0,5,Completado
13157,2026-02-23,Cliente_585,Silla Ergonómica,250.0,-1,Cancelado
13158,2026-06-16,Cliente_327,Laptop Pro 15,1200.0,0,Cancelado
13159,2026-05-02,Cliente_490,Monitor 4K,350.0,0,Completado
13160,2026-08-22,Cliente_419,Laptop Pro 15,1200.0,-1,Completado
13161,2026-01-06,Cliente_597,Monitor 4K,350.0,4,Completado
13162,2026-01-11,Cliente_597,Mouse Inalámbrico,30.0,1,Completado
13163,2026-01-22,Cliente_558,Silla Ergonómica,250.0,5,Completado
13164,17/01/2026,Cliente_244,Mouse Inalámbrico,30.0,-1,Pendiente
13165,2026-02-25,Cliente_390,Silla Ergonómica,250.0,4,Completado
13166,2026-05-04,  Cliente_419  ,Monitor 4K,350.0,4,Completado
13167,2026-05-20,Cliente_242,Laptop Pro 15,1200.0,0,Completado
13168,2026-04-10,Cliente_482,Auriculares Noise-Canceling,150.0,3,Cancelado
13169,2026-08-04,Cliente_354,Mouse Inalámbrico,30.0,0,Completado
13170,2026-06-15,Cliente_456,Monitor 4K,350.0,1,Completado
13171,2026-01-10,Cliente_127,Mouse Inalámbrico,30.0,3,Pendiente
13172,02/05/2026,Cliente_126,Auriculares Noise-Canceling,150.0,4,Cancelado
13173,2026-08-27,Cliente_579,Mouse Inalámbrico,30.0,4,Completado
13174,2026-08-17,Cliente_301,Laptop Pro 15,1200.0,5,Completado
13175,30/05/2026,Cliente_379,Laptop Pro 15,1200.0,0,Completado
13176,2026-05-07,  Cliente_150  ,Mouse Inalámbrico,30.0,1,Completado
13177,2026-06-07,Cliente_211,Auriculares Noise-Canceling,150.0,-1,Completado
13178,2026-02-22,Cliente_156,Laptop Pro 15,1200.0,0,Pendiente
13179,2026-06-17,Cliente_139,Auriculares Noise-Canceling,150.0,3,Completado
13180,2026-08-11,Cliente_262,Monitor 4K,350.0,5,Completado
13181,2026-05-26,Cliente_157,Silla Ergonómica,250.0,-1,Completado
13182,2026-04-15,Cliente_226,Mouse Inalámbrico,30.0,2,Completado
13183,2026-08-20,Cliente_577,Monitor 4K,350.0,1,Completado
13184,2026-02-16,  Cliente_276  ,Monitor 4K,350.0,2,Cancelado
13185,2026-08-28,Cliente_568,Teclado Mecánico,80.0,0,Completado
13186,2026-08-04,Cliente_509,Auriculares Noise-Canceling,150.0,4,Completado
13187,2026-06-14,Cliente_316,Mouse Inalámbrico,30.0,0,Completado
13188,2026-06-16,Cliente_141,Laptop Pro 15,1200.0,0,Completado
13189,2026-03-30,Cliente_586,Silla Ergonómica,250.0,4,Completado
13190,2026-01-28,Cliente_168,Auriculares Noise-Canceling,150.0,-1,Completado
13191,2026-01-24,Cliente_531,Teclado Mecánico,80.0,3,Pendiente
13192,2026-06-05,Cliente_476,Auriculares Noise-Canceling,150.0,5,Pendiente
13193,2026-05-12,Cliente_566,Teclado Mecánico,80.0,2,Completado
13194,2026-05-15,Cliente_357,Monitor 4K,350.0,-1,Pendiente
13195,2026-06-18,Cliente_521,Teclado Mecánico,,4,Completado
13196,2026-08-05,Cliente_418,Auriculares Noise-Canceling,150.0,-1,Completado
13197,2026-07-05,Cliente_478,Mouse Inalámbrico,30.0,-1,Completado
13198,2026-02-20,Cliente_527,Mouse Inalámbrico,30.0,4,Completado
13199,2026-08-30,Cliente_330,Teclado Mecánico,80.0,3,Cancelado
13200,2026-03-23,Cliente_311,Monitor 4K,350.0,3,Completado
13201,2026-02-21,Cliente_186,Monitor 4K,350.0,-1,Pendiente
13202,2026-08-20,Cliente_284,Silla Ergonómica,250.0,0,Completado
13203,2026-04-07,  Cliente_366  ,Monitor 4K,,-1,Completado
13204,2026-01-29,Cliente_404,Silla Ergonómica,250.0,2,Completado
13205,2026-02-01,Cliente_147,Auriculares Noise-Canceling,150.0,5,Pendiente
13206,2026-05-26,Cliente_297,Laptop Pro 15,,5,Completado
13207,2026-07-09,Cliente_334,Monitor 4K,350.0,2,Cancelado
13208,10/04/2026,Cliente_123,Auriculares Noise-Canceling,150.0,4,Completado
13209,2026-08-07,Cliente_583,Teclado Mecánico,80.0,5,Cancelado
13210,13/01/2026,Cliente_121,Mouse Inalámbrico,30.0,1,Cancelado
13211,2026-01-31,Cliente_323,Auriculares Noise-Canceling,150.0,4,Completado
13212,2026-03-23,Cliente_144,Mouse Inalámbrico,30.0,-1,Cancelado
13213,2026-02-06,Cliente_357,Auriculares Noise-Canceling,150.0,4,Completado
13214,2026-08-06,Cliente_513,Monitor 4K,350.0,0,Completado
13215,16/04/2026,Cliente_312,Teclado Mecánico,80.0,5,Completado
13216,2026-05-29,Cliente_246,Mouse Inalámbrico,30.0,3,Completado
13217,2026-01-15,Cliente_149,Mouse Inalámbrico,30.0,0,Completado
13218,2026-05-19,Cliente_495,Silla Ergonómica,250.0,5,Cancelado
13219,2026-06-02,Cliente_329,Monitor 4K,350.0,4,Completado
13220,2026-03-30,Cliente_372,Laptop Pro 15,1200.0,2,Completado
13221,2026-02-28,Cliente_340,Mouse Inalámbrico,30.0,1,Completado
13222,2026-08-27,Cliente_587,Silla Ergonómica,250.0,2,Pendiente
13223,2026-07-17,Cliente_149,Laptop Pro 15,,-1,Completado
13224,2026-04-18,Cliente_452,Auriculares Noise-Canceling,150.0,-1,Completado
13225,2026-06-20,Cliente_247,Silla Ergonómica,250.0,1,Pendiente
13226,2026-02-26,Cliente_189,Laptop Pro 15,1200.0,-1,Pendiente
13227,2026-05-14,Cliente_225,Mouse Inalámbrico,,-1,Completado
13228,2026-08-20,Cliente_203,Laptop Pro 15,1200.0,4,Pendiente
13229,2026-03-09,  Cliente_564  ,Laptop Pro 15,1200.0,0,Completado
13230,2026-02-27,Cliente_267,Laptop Pro 15,1200.0,2,Completado
13231,2026-06-17,Cliente_257,Teclado Mecánico,80.0,-1,Completado
13232,2026-04-09,Cliente_254,Mouse Inalámbrico,30.0,0,Completado
13233,2026-05-08,Cliente_288,Laptop Pro 15,1200.0,1,Completado
13234,2026-03-31,Cliente_221,Silla Ergonómica,250.0,5,Pendiente
13235,2026-08-29,Cliente_184,Laptop Pro 15,1200.0,2,Completado
13236,2026-02-16,Cliente_588,Silla Ergonómica,250.0,5,Completado
13237,2026-08-28,Cliente_299,Auriculares Noise-Canceling,150.0,2,Pendiente
13238,2026-08-26,Cliente_590,Monitor 4K,350.0,1,Pendiente
13239,2026-03-11,Cliente_533,Mouse Inalámbrico,30.0,2,Completado
13240,2026-01-16,Cliente_397,Mouse Inalámbrico,30.0,-1,Completado
13241,2026-05-09,Cliente_256,Laptop Pro 15,1200.0,-1,Completado
13242,2026-02-23,Cliente_516,Monitor 4K,350.0,1,Completado
13243,2026-02-09,Cliente_381,Silla Ergonómica,250.0,4,Completado
13244,2026-06-04,Cliente_230,Laptop Pro 15,1200.0,4,Completado
13245,2026-09-06,Cliente_109,Monitor 4K,350.0,3,Completado
13246,2026-06-21,Cliente_152,Teclado Mecánico,80.0,-1,Pendiente
13247,05/03/2026,Cliente_338,Monitor 4K,350.0,-1,Pendiente
13248,2026-03-15,Cliente_504,Monitor 4K,350.0,1,Cancelado
13249,2026-07-25,Cliente_401,Monitor 4K,350.0,3,Completado
13250,2026-08-05,Cliente_278,Mouse Inalámbrico,30.0,5,Completado
13251,2026-03-21,Cliente_290,Laptop Pro 15,1200.0,0,Completado
13252,2026-01-31,Cliente_116,Laptop Pro 15,1200.0,0,Completado
13253,2026-08-31,Cliente_522,Teclado Mecánico,80.0,3,Completado
13254,2026-01-14,Cliente_298,Laptop Pro 15,1200.0,4,Completado
13255,2026-04-25,Cliente_405,Monitor 4K,350.0,4,Cancelado
13256,12/03/2026,  Cliente_514  ,Auriculares Noise-Canceling,150.0,-1,Completado
13257,2026-01-28,Cliente_224,Monitor 4K,350.0,2,Pendiente
13258,2026-05-23,Cliente_434,Silla Ergonómica,250.0,5,Completado
13259,2026-04-01,Cliente_582,Silla Ergonómica,250.0,0,Cancelado
13260,2026-03-14,  Cliente_432  ,Laptop Pro 15,1200.0,1,Pendiente
13261,2026-01-31,Cliente_422,Auriculares Noise-Canceling,150.0,1,Pendiente
13262,2026-01-06,Cliente_162,Teclado Mecánico,80.0,3,Completado
13263,10/07/2026,Cliente_368,Auriculares Noise-Canceling,150.0,5,Completado
13264,2026-01-29,Cliente_340,Mouse Inalámbrico,30.0,-1,Completado
13265,2026-06-07,Cliente_499,Mouse Inalámbrico,,4,Completado
13266,2026-05-31,Cliente_489,Monitor 4K,350.0,4,Pendiente
13267,2026-05-05,Cliente_202,Teclado Mecánico,80.0,5,Completado
13268,2026-08-19,Cliente_155,Laptop Pro 15,1200.0,2,Completado
13269,2026-04-04,Cliente_382,Teclado Mecánico,80.0,4,Pendiente
13270,2026-08-11,Cliente_443,Auriculares Noise-Canceling,150.0,0,Completado
13271,2026-02-01,Cliente_523,Monitor 4K,350.0,0,Completado
13272,2026-08-05,Cliente_281,Mouse Inalámbrico,30.0,5,Pendiente
13273,2026-06-24,Cliente_450,Silla Ergonómica,250.0,2,Pendiente
13274,2026-08-27,Cliente_569,Auriculares Noise-Canceling,150.0,0,Completado
13275,2026-08-18,Cliente_309,Laptop Pro 15,1200.0,4,Completado
13276,2026-02-20,Cliente_212,Mouse Inalámbrico,30.0,2,Cancelado
13277,2026-06-29,Cliente_209,Teclado Mecánico,80.0,0,Completado
13278,2026-05-19,Cliente_248,Auriculares Noise-Canceling,150.0,0,Cancelado
13279,2026-07-09,Cliente_155,Laptop Pro 15,1200.0,-1,Completado
13280,2026-04-05,  Cliente_152  ,Laptop Pro 15,1200.0,0,Pendiente
13281,2026-04-10,Cliente_382,Mouse Inalámbrico,30.0,5,Pendiente
13282,2026-06-07,Cliente_580,Silla Ergonómica,250.0,0,Completado
13283,2026-07-29,  Cliente_109  ,Teclado Mecánico,80.0,-1,Completado
13284,2026-05-10,Cliente_352,Mouse Inalámbrico,30.0,5,Cancelado
13285,2026-05-22,Cliente_227,Mouse Inalámbrico,30.0,-1,Completado
13286,2026-05-07,Cliente_565,Monitor 4K,350.0,-1,Completado
13287,2026-05-10,Cliente_355,Monitor 4K,350.0,1,Completado
13288,2026-07-15,Cliente_124,Teclado Mecánico,80.0,5,Cancelado
13289,2026-03-17,Cliente_179,Mouse Inalámbrico,30.0,4,Pendiente
13290,2026-07-17,Cliente_317,Silla Ergonómica,250.0,1,Completado
13291,2026-02-22,Cliente_336,Laptop Pro 15,1200.0,2,Cancelado
13292,2026-06-16,Cliente_487,Mouse Inalámbrico,30.0,2,Completado
13293,2026-03-23,Cliente_350,Mouse Inalámbrico,30.0,-1,Completado
13294,2026-07-30,Cliente_252,Auriculares Noise-Canceling,,0,Completado
13295,09/04/2026,Cliente_193,Auriculares Noise-Canceling,150.0,4,Cancelado
13296,2026-05-16,Cliente_451,Monitor 4K,350.0,5,Completado
13297,2026-04-25,Cliente_124,Mouse Inalámbrico,30.0,3,Completado
13298,2026-02-22,Cliente_450,Monitor 4K,,4,Completado
13299,2026-09-05,Cliente_381,Silla Ergonómica,250.0,1,Pendiente
13300,2026-08-17,Cliente_212,Mouse Inalámbrico,30.0,1,Cancelado
13301,2026-01-08,Cliente_456,Mouse Inalámbrico,30.0,2,Cancelado
13302,2026-01-15,Cliente_191,Auriculares Noise-Canceling,150.0,3,Completado
13303,2026-05-15,Cliente_452,Monitor 4K,350.0,1,Cancelado
13304,2026-09-02,Cliente_143,Monitor 4K,350.0,3,Cancelado
13305,2026-02-19,Cliente_261,Mouse Inalámbrico,30.0,1,Completado
13306,2026-08-14,Cliente_405,Mouse Inalámbrico,30.0,4,Completado
13307,2026-06-30,Cliente_401,Teclado Mecánico,80.0,2,Completado
13308,2026-08-09,Cliente_208,Auriculares Noise-Canceling,150.0,5,Completado
13309,2026-02-14,  Cliente_191  ,Mouse Inalámbrico,30.0,0,Completado
13310,2026-08-01,  Cliente_338  ,Mouse Inalámbrico,30.0,5,Pendiente
13311,2026-01-15,Cliente_185,Mouse Inalámbrico,30.0,2,Completado
13312,2026-08-03,Cliente_238,Auriculares Noise-Canceling,150.0,1,Cancelado
13313,2026-08-02,Cliente_154,Auriculares Noise-Canceling,150.0,1,Cancelado
13314,2026-01-08,Cliente_196,Laptop Pro 15,1200.0,5,Pendiente
13315,2026-03-10,  Cliente_556  ,Auriculares Noise-Canceling,150.0,-1,Pendiente
13316,2026-01-07,  Cliente_380  ,Teclado Mecánico,80.0,-1,Pendiente
13317,2026-07-26,  Cliente_211  ,Mouse Inalámbrico,30.0,5,Pendiente
13318,25/06/2026,  Cliente_276  ,Monitor 4K,350.0,5,Completado
13319,2026-04-28,Cliente_528,Teclado Mecánico,80.0,0,Completado
13320,2026-04-23,Cliente_514,Mouse Inalámbrico,30.0,5,Completado
13321,2026-05-19,Cliente_103,Mouse Inalámbrico,30.0,0,Cancelado
13322,2026-01-16,Cliente_234,Laptop Pro 15,1200.0,5,Completado
13323,2026-01-28,Cliente_267,Auriculares Noise-Canceling,150.0,5,Completado
13324,2026-07-14,Cliente_181,Silla Ergonómica,250.0,0,Cancelado
13325,2026-02-26,Cliente_299,Laptop Pro 15,1200.0,3,Completado
13326,2026-02-02,Cliente_131,Teclado Mecánico,80.0,3,Pendiente
13327,2026-08-09,Cliente_333,Mouse Inalámbrico,30.0,1,Completado
13328,2026-07-11,Cliente_420,Teclado Mecánico,80.0,3,Completado
13329,2026-04-22,Cliente_380,Laptop Pro 15,1200.0,-1,Completado
13330,11/08/2026,Cliente_534,Mouse Inalámbrico,30.0,1,Completado
13331,2026-09-03,Cliente_390,Auriculares Noise-Canceling,,4,Completado
13332,2026-04-06,Cliente_563,Auriculares Noise-Canceling,150.0,0,Completado
13333,22/08/2026,Cliente_394,Monitor 4K,350.0,1,Completado
13334,2026-02-22,Cliente_227,Monitor 4K,350.0,1,Completado
13335,2026-08-20,Cliente_292,Monitor 4K,350.0,-1,Completado
13336,2026-07-06,Cliente_553,Teclado Mecánico,80.0,-1,Completado
13337,2026-02-27,Cliente_118,Teclado Mecánico,80.0,4,Cancelado
13338,2026-07-20,Cliente_456,Auriculares Noise-Canceling,150.0,5,Completado
13339,2026-04-11,Cliente_227,Monitor 4K,350.0,0,Cancelado
13340,2026-05-25,Cliente_278,Mouse Inalámbrico,30.0,5,Cancelado
13341,2026-03-10,Cliente_504,Silla Ergonómica,250.0,0,Completado
13342,2026-07-12,Cliente_271,Monitor 4K,350.0,-1,Completado
13343,2026-02-06,Cliente_161,Auriculares Noise-Canceling,150.0,0,Pendiente
13344,2026-04-06,Cliente_402,Mouse Inalámbrico,30.0,2,Completado
13345,2026-06-14,Cliente_238,Laptop Pro 15,1200.0,3,Completado
13346,2026-02-16,  Cliente_168  ,Mouse Inalámbrico,30.0,5,Completado
13347,2026-04-13,Cliente_470,Silla Ergonómica,250.0,2,Pendiente
13348,2026-06-11,Cliente_361,Teclado Mecánico,80.0,0,Completado
13349,2026-06-08,Cliente_556,Mouse Inalámbrico,30.0,0,Pendiente
13350,2026-07-09,Cliente_438,Monitor 4K,,3,Completado
13351,2026-06-30,  Cliente_186  ,Teclado Mecánico,80.0,1,Completado
13352,2026-01-25,Cliente_263,Silla Ergonómica,250.0,1,Completado
13353,04/08/2026,Cliente_442,Laptop Pro 15,1200.0,-1,Pendiente
13354,2026-04-30,Cliente_234,Mouse Inalámbrico,30.0,2,Completado
13355,2026-09-06,Cliente_179,Teclado Mecánico,80.0,1,Cancelado
13356,2026-03-24,Cliente_446,Monitor 4K,350.0,1,Cancelado
13357,2026-03-19,Cliente_104,Laptop Pro 15,1200.0,4,Pendiente
13358,2026-05-28,Cliente_525,Mouse Inalámbrico,30.0,2,Completado
13359,2026-04-21,Cliente_386,Monitor 4K,350.0,3,Completado
13360,2026-05-19,Cliente_467,Auriculares Noise-Canceling,150.0,0,Pendiente
13361,2026-07-21,Cliente_358,Teclado Mecánico,80.0,3,Cancelado
13362,2026-07-18,Cliente_599,Auriculares Noise-Canceling,150.0,4,Pendiente
13363,2026-01-05,Cliente_189,Silla Ergonómica,250.0,0,Completado
13364,2026-04-03,Cliente_187,Mouse Inalámbrico,30.0,4,Completado
13365,2026-05-30,Cliente_503,Silla Ergonómica,250.0,4,Cancelado
13366,2026-01-28,Cliente_487,Monitor 4K,350.0,5,Completado
13367,2026-08-15,Cliente_488,Silla Ergonómica,250.0,4,Pendiente
13368,2026-08-14,Cliente_229,Monitor 4K,350.0,0,Completado
13369,2026-08-25,Cliente_226,Laptop Pro 15,1200.0,0,Completado
13370,2026-06-05,  Cliente_107  ,Auriculares Noise-Canceling,150.0,3,Pendiente
13371,2026-04-15,Cliente_169,Mouse Inalámbrico,30.0,4,Completado
13372,2026-04-21,Cliente_285,Teclado Mecánico,80.0,-1,Completado
13373,2026-03-01,  Cliente_468  ,Mouse Inalámbrico,30.0,4,Completado
13374,2026-07-15,Cliente_290,Silla Ergonómica,250.0,3,Cancelado
13375,2026-01-23,Cliente_148,Monitor 4K,350.0,1,Completado
13376,2026-01-06,  Cliente_595  ,Mouse Inalámbrico,30.0,4,Completado
13377,2026-04-13,Cliente_244,Mouse Inalámbrico,30.0,-1,Pendiente
13378,2026-03-14,Cliente_301,Laptop Pro 15,1200.0,2,Cancelado
13379,2026-02-28,  Cliente_267  ,Silla Ergonómica,250.0,-1,Completado
13380,2026-02-07,Cliente_438,Teclado Mecánico,80.0,2,Completado
13381,2026-01-04,Cliente_159,Monitor 4K,350.0,0,Cancelado
13382,2026-02-05,Cliente_254,Teclado Mecánico,80.0,-1,Completado
13383,2026-07-11,Cliente_569,Mouse Inalámbrico,30.0,5,Completado
13384,2026-09-01,Cliente_345,Mouse Inalámbrico,30.0,2,Completado
13385,2026-03-16,Cliente_410,Mouse Inalámbrico,30.0,0,Completado
13386,2026-08-08,  Cliente_268  ,Teclado Mecánico,80.0,5,Cancelado
13387,2026-06-08,Cliente_354,Auriculares Noise-Canceling,150.0,-1,Completado
13388,2026-03-15,  Cliente_187  ,Monitor 4K,350.0,0,Pendiente
13389,2026-02-13,  Cliente_355  ,Teclado Mecánico,80.0,1,Completado
13390,2026-04-10,Cliente_522,Mouse Inalámbrico,30.0,5,Pendiente
13391,2026-03-17,Cliente_548,Auriculares Noise-Canceling,150.0,-1,Completado
13392,2026-05-24,Cliente_315,Silla Ergonómica,250.0,5,Completado
13393,2026-06-30,Cliente_476,Silla Ergonómica,250.0,0,Completado
13394,2026-06-10,Cliente_273,Laptop Pro 15,1200.0,0,Pendiente
13395,2026-03-13,  Cliente_472  ,Silla Ergonómica,250.0,0,Cancelado
13396,2026-02-26,  Cliente_500  ,Auriculares Noise-Canceling,,5,Completado
13397,2026-06-15,Cliente_534,Teclado Mecánico,80.0,-1,Completado
13398,2026-03-09,Cliente_368,Teclado Mecánico,80.0,3,Pendiente
13399,2026-04-26,  Cliente_486  ,Laptop Pro 15,1200.0,2,Completado
13400,2026-06-23,Cliente_168,Mouse Inalámbrico,30.0,2,Completado
13401,2026-01-18,Cliente_501,Mouse Inalámbrico,30.0,5,Completado
13402,2026-06-05,Cliente_483,Silla Ergonómica,250.0,1,Completado
13403,29/01/2026,Cliente_532,Monitor 4K,350.0,4,Cancelado
13404,2026-08-03,Cliente_531,Teclado Mecánico,80.0,4,Completado
13405,20/04/2026,Cliente_552,Teclado Mecánico,80.0,1,Completado
13406,2026-06-01,Cliente_318,Monitor 4K,350.0,2,Completado
13407,2026-01-06,Cliente_209,Laptop Pro 15,1200.0,4,Pendiente
13408,2026-02-16,Cliente_170,Silla Ergonómica,250.0,-1,Pendiente
13409,2026-03-13,Cliente_429,Mouse Inalámbrico,30.0,2,Cancelado
13410,2026-04-21,Cliente_360,Laptop Pro 15,1200.0,2,Cancelado
13411,2026-05-01,Cliente_299,Teclado Mecánico,80.0,5,Cancelado
13412,2026-05-12,Cliente_457,Mouse Inalámbrico,30.0,4,Cancelado
13413,2026-07-24,Cliente_262,Mouse Inalámbrico,30.0,-1,Completado
13414,2026-02-05,Cliente_171,Laptop Pro 15,1200.0,4,Pendiente
13415,2026-06-29,Cliente_492,Laptop Pro 15,1200.0,5,Cancelado
13416,2026-02-22,  Cliente_301  ,Mouse Inalámbrico,30.0,2,Completado
13417,2026-06-23,Cliente_593,Laptop Pro 15,1200.0,0,Completado
13418,2026-07-16,Cliente_191,Mouse Inalámbrico,30.0,5,Cancelado
13419,2026-02-10,Cliente_577,Laptop Pro 15,1200.0,3,Cancelado
13420,2026-02-22,Cliente_494,Monitor 4K,350.0,1,Completado
13421,2026-05-17,Cliente_104,Mouse Inalámbrico,30.0,4,Completado
13422,2026-01-08,Cliente_181,Auriculares Noise-Canceling,150.0,2,Cancelado
13423,2026-01-23,Cliente_553,Auriculares Noise-Canceling,150.0,4,Completado
13424,2026-01-29,Cliente_110,Teclado Mecánico,80.0,4,Cancelado
13425,2026-06-03,  Cliente_295  ,Auriculares Noise-Canceling,150.0,2,Cancelado
13426,2026-03-08,Cliente_289,Teclado Mecánico,80.0,2,Cancelado
13427,2026-05-12,Cliente_568,Monitor 4K,350.0,1,Completado
13428,2026-07-20,  Cliente_176  ,Silla Ergonómica,250.0,5,Completado
13429,2026-08-09,Cliente_358,Mouse Inalámbrico,30.0,-1,Pendiente
13430,2026-06-23,Cliente_214,Silla Ergonómica,250.0,4,Cancelado
13431,2026-01-27,Cliente_127,Auriculares Noise-Canceling,150.0,5,Completado
13432,2026-06-17,Cliente_536,Auriculares Noise-Canceling,150.0,4,Completado
13433,2026-05-02,Cliente_159,Laptop Pro 15,1200.0,2,Cancelado
13434,2026-01-13,  Cliente_551  ,Monitor 4K,350.0,1,Cancelado
13435,2026-09-04,Cliente_544,Silla Ergonómica,250.0,3,Pendiente
13436,2026-04-17,Cliente_585,Monitor 4K,350.0,3,Completado
13437,2026-06-19,Cliente_116,Teclado Mecánico,80.0,1,Pendiente
13438,2026-09-01,Cliente_274,Monitor 4K,350.0,4,Pendiente
13439,2026-04-19,Cliente_102,Silla Ergonómica,250.0,-1,Completado
13440,2026-07-24,Cliente_188,Silla Ergonómica,250.0,2,Pendiente
13441,2026-01-05,Cliente_531,Monitor 4K,,-1,Completado
13442,2026-04-18,Cliente_573,Mouse Inalámbrico,30.0,5,Completado
13443,2026-06-11,Cliente_296,Teclado Mecánico,80.0,1,Completado
13444,19/08/2026,Cliente_349,Teclado Mecánico,80.0,4,Completado
13445,2026-06-18,Cliente_577,Laptop Pro 15,1200.0,1,Completado
13446,2026-05-30,Cliente_110,Silla Ergonómica,250.0,0,Completado
13447,2026-08-21,  Cliente_383  ,Monitor 4K,350.0,0,Pendiente
13448,2026-04-07,  Cliente_413  ,Mouse Inalámbrico,30.0,4,Pendiente
13449,2026-03-23,Cliente_293,Laptop Pro 15,1200.0,5,Completado
13450,2026-03-07,Cliente_318,Laptop Pro 15,1200.0,0,Completado
13451,2026-08-30,Cliente_499,Silla Ergonómica,250.0,2,Completado
13452,2026-08-13,Cliente_531,Monitor 4K,350.0,5,Cancelado
13453,2026-05-08,Cliente_332,Monitor 4K,350.0,5,Completado
13454,2026-09-03,Cliente_202,Teclado Mecánico,80.0,2,Pendiente
13455,2026-06-09,Cliente_498,Laptop Pro 15,1200.0,5,Pendiente
13456,2026-05-26,Cliente_259,Teclado Mecánico,80.0,0,Completado
13457,2026-04-10,Cliente_369,Monitor 4K,350.0,1,Pendiente
13458,2026-01-19,Cliente_304,Auriculares Noise-Canceling,150.0,-1,Cancelado
13459,2026-06-06,Cliente_294,Auriculares Noise-Canceling,150.0,0,Cancelado
13460,2026-07-22,Cliente_409,Silla Ergonómica,250.0,3,Cancelado
13461,2026-08-10,Cliente_345,Monitor 4K,350.0,5,Cancelado
13462,2026-04-06,Cliente_196,Auriculares Noise-Canceling,150.0,2,Pendiente
13463,2026-01-13,Cliente_189,Laptop Pro 15,1200.0,0,Completado
13464,2026-05-16,Cliente_409,Auriculares Noise-Canceling,150.0,-1,Cancelado
13465,2026-01-02,Cliente_116,Laptop Pro 15,1200.0,0,Completado
13466,2026-04-13,Cliente_577,Teclado Mecánico,80.0,4,Cancelado
13467,2026-07-09,Cliente_257,Silla Ergonómica,250.0,-1,Completado
13468,2026-02-25,Cliente_137,Laptop Pro 15,1200.0,4,Completado
13469,2026-08-19,Cliente_178,Monitor 4K,350.0,3,Cancelado
13470,2026-06-14,Cliente_323,Mouse Inalámbrico,30.0,3,Pendiente
13471,2026-02-04,Cliente_458,Teclado Mecánico,80.0,5,Completado
13472,2026-05-13,Cliente_129,Teclado Mecánico,80.0,4,Completado
13473,2026-06-05,Cliente_320,Monitor 4K,350.0,2,Completado
13474,2026-02-02,Cliente_306,Auriculares Noise-Canceling,150.0,3,Cancelado
13475,2026-04-05,  Cliente_539  ,Auriculares Noise-Canceling,150.0,5,Completado
13476,28/08/2026,Cliente_422,Laptop Pro 15,1200.0,4,Cancelado
13477,2026-09-08,Cliente_271,Mouse Inalámbrico,30.0,3,Completado
13478,2026-03-07,Cliente_352,Laptop Pro 15,1200.0,5,Completado
13479,2026-06-19,Cliente_347,Teclado Mecánico,80.0,-1,Pendiente
13480,2026-06-14,Cliente_201,Laptop Pro 15,,2,Pendiente
13481,2026-07-15,  Cliente_395  ,Teclado Mecánico,80.0,2,Completado
13482,2026-05-30,Cliente_528,Monitor 4K,350.0,5,Completado
13483,2026-01-11,Cliente_336,Auriculares Noise-Canceling,150.0,2,Completado
13484,2026-03-15,Cliente_330,Teclado Mecánico,80.0,1,Completado
13485,2026-05-17,Cliente_591,Teclado Mecánico,80.0,-1,Completado
13486,2026-01-02,Cliente_554,Monitor 4K,350.0,-1,Pendiente
13487,2026-07-21,Cliente_137,Mouse Inalámbrico,30.0,5,Completado
13488,2026-05-04,Cliente_146,Silla Ergonómica,250.0,5,Completado
13489,2026-02-19,Cliente_297,Auriculares Noise-Canceling,150.0,-1,Completado
13490,2026-01-01,Cliente_361,Auriculares Noise-Canceling,150.0,3,Cancelado
13491,2026-08-18,Cliente_265,Silla Ergonómica,250.0,4,Completado
13492,2026-03-05,Cliente_288,Teclado Mecánico,80.0,3,Completado
13493,2026-01-13,Cliente_102,Mouse Inalámbrico,30.0,2,Cancelado
13494,2026-03-23,  Cliente_260  ,Monitor 4K,350.0,5,Completado
13495,2026-06-04,Cliente_228,Auriculares Noise-Canceling,150.0,-1,Cancelado
13496,2026-02-23,Cliente_449,Monitor 4K,350.0,5,Pendiente
13497,2026-05-12,Cliente_223,Monitor 4K,350.0,4,Cancelado
13498,10/07/2026,Cliente_456,Auriculares Noise-Canceling,150.0,1,Pendiente
13499,2026-06-05,Cliente_181,Auriculares Noise-Canceling,150.0,0,Completado
13500,2026-08-10,Cliente_206,Mouse Inalámbrico,30.0,2,Completado
13501,2026-02-18,Cliente_578,Teclado Mecánico,80.0,0,Pendiente
13502,2026-08-19,Cliente_360,Teclado Mecánico,80.0,-1,Pendiente
13503,2026-05-04,Cliente_386,Mouse Inalámbrico,30.0,4,Completado
13504,2026-06-29,Cliente_407,Auriculares Noise-Canceling,150.0,4,Cancelado
13505,2026-08-10,Cliente_245,Silla Ergonómica,250.0,4,Completado
13506,2026-01-26,Cliente_294,Monitor 4K,350.0,0,Cancelado
13507,2026-07-24,  Cliente_184  ,Teclado Mecánico,80.0,3,Completado
13508,2026-03-17,Cliente_117,Silla Ergonómica,250.0,3,Completado
13509,23/06/2026,Cliente_341,Monitor 4K,,0,Pendiente
13510,2026-06-28,Cliente_472,Teclado Mecánico,80.0,1,Completado
13511,2026-06-13,Cliente_571,Auriculares Noise-Canceling,150.0,4,Completado
13512,2026-07-30,Cliente_138,Mouse Inalámbrico,30.0,1,Completado
13513,2026-05-05,Cliente_506,Silla Ergonómica,250.0,1,Pendiente
13514,2026-07-14,Cliente_460,Monitor 4K,350.0,0,Completado
13515,2026-01-19,Cliente_297,Teclado Mecánico,80.0,-1,Completado
13516,25/04/2026,Cliente_565,Laptop Pro 15,1200.0,2,Pendiente
13517,2026-04-11,Cliente_127,Auriculares Noise-Canceling,150.0,1,Pendiente
13518,2026-02-03,  Cliente_123  ,Mouse Inalámbrico,30.0,5,Completado
13519,2026-05-20,Cliente_420,Silla Ergonómica,250.0,1,Completado
13520,2026-01-16,Cliente_185,Monitor 4K,350.0,3,Completado
13521,2026-03-09,Cliente_412,Silla Ergonómica,,1,Completado
13522,2026-04-04,Cliente_406,Mouse Inalámbrico,30.0,3,Completado
13523,2026-01-13,Cliente_122,Auriculares Noise-Canceling,150.0,0,Cancelado
13524,2026-08-23,Cliente_279,Mouse Inalámbrico,30.0,5,Pendiente
13525,2026-06-01,Cliente_423,Teclado Mecánico,80.0,1,Completado
13526,2026-06-27,Cliente_245,Teclado Mecánico,80.0,3,Completado
13527,2026-05-24,Cliente_423,Monitor 4K,350.0,-1,Cancelado
13528,2026-03-14,Cliente_209,Auriculares Noise-Canceling,150.0,4,Completado
13529,2026-06-02,Cliente_186,Teclado Mecánico,80.0,2,Completado
13530,2026-06-29,Cliente_262,Monitor 4K,350.0,3,Completado
13531,2026-08-04,Cliente_316,Monitor 4K,350.0,2,Cancelado
13532,2026-06-13,Cliente_543,Mouse Inalámbrico,30.0,-1,Pendiente
13533,2026-04-04,Cliente_133,Mouse Inalámbrico,,0,Completado
13534,2026-04-23,Cliente_135,Laptop Pro 15,1200.0,0,Completado
13535,2026-03-30,Cliente_128,Mouse Inalámbrico,30.0,-1,Cancelado
13536,2026-02-23,Cliente_139,Laptop Pro 15,1200.0,0,Completado
13537,2026-09-05,  Cliente_293  ,Teclado Mecánico,80.0,1,Completado
13538,2026-08-23,Cliente_581,Monitor 4K,350.0,5,Completado
13539,2026-01-21,Cliente_477,Teclado Mecánico,80.0,-1,Cancelado
13540,2026-08-28,Cliente_481,Silla Ergonómica,250.0,2,Pendiente
13541,2026-05-22,Cliente_164,Auriculares Noise-Canceling,150.0,1,Completado
13542,2026-04-28,Cliente_387,Silla Ergonómica,250.0,1,Completado
13543,2026-03-04,Cliente_597,Teclado Mecánico,80.0,-1,Pendiente
13544,08/08/2026,Cliente_226,Mouse Inalámbrico,30.0,-1,Completado
13545,2026-05-06,Cliente_322,Auriculares Noise-Canceling,150.0,-1,Completado
13546,2026-07-21,Cliente_209,Monitor 4K,350.0,3,Completado
13547,2026-02-17,Cliente_121,Auriculares Noise-Canceling,150.0,2,Completado
13548,2026-07-25,Cliente_579,Teclado Mecánico,80.0,0,Pendiente
13549,2026-02-12,Cliente_233,Mouse Inalámbrico,30.0,3,Completado
13550,2026-08-11,Cliente_374,Auriculares Noise-Canceling,150.0,0,Completado
13551,2026-01-25,Cliente_395,Laptop Pro 15,1200.0,4,Completado
13552,2026-02-14,Cliente_509,Laptop Pro 15,1200.0,0,Completado
13553,2026-06-04,Cliente_137,Monitor 4K,350.0,1,Completado
13554,2026-03-24,Cliente_520,Auriculares Noise-Canceling,,4,Completado
13555,2026-08-23,Cliente_130,Teclado Mecánico,80.0,0,Completado
13556,2026-05-22,Cliente_204,Mouse Inalámbrico,30.0,3,Completado
13557,2026-03-04,Cliente_246,Laptop Pro 15,,5,Completado
13558,2026-07-19,Cliente_472,Monitor 4K,350.0,2,Completado
13559,2026-01-20,Cliente_581,Mouse Inalámbrico,30.0,2,Cancelado
13560,2026-07-06,Cliente_253,Silla Ergonómica,250.0,2,Pendiente
13561,24/07/2026,  Cliente_294  ,Laptop Pro 15,1200.0,1,Cancelado
13562,2026-06-11,Cliente_170,Teclado Mecánico,80.0,3,Completado
13563,2026-02-03,Cliente_128,Silla Ergonómica,250.0,4,Completado
13564,2026-07-14,Cliente_501,Laptop Pro 15,1200.0,5,Completado
13565,2026-01-01,Cliente_575,Mouse Inalámbrico,30.0,0,Pendiente
13566,2026-02-18,Cliente_308,Monitor 4K,,-1,Completado
13567,2026-09-02,Cliente_553,Silla Ergonómica,250.0,5,Pendiente
13568,2026-06-02,Cliente_262,Silla Ergonómica,250.0,3,Cancelado
13569,2026-07-17,Cliente_458,Monitor 4K,350.0,0,Pendiente
13570,2026-06-03,Cliente_532,Silla Ergonómica,250.0,3,Completado
13571,2026-07-09,Cliente_402,Auriculares Noise-Canceling,150.0,3,Completado
13572,2026-06-19,Cliente_510,Teclado Mecánico,,1,Pendiente
13573,2026-09-07,Cliente_214,Mouse Inalámbrico,30.0,0,Pendiente
13574,2026-06-30,Cliente_400,Laptop Pro 15,1200.0,0,Cancelado
13575,2026-06-07,Cliente_269,Silla Ergonómica,250.0,5,Completado
13576,2026-06-25,Cliente_194,Monitor 4K,350.0,-1,Completado
13577,2026-06-30,Cliente_372,Monitor 4K,350.0,5,Pendiente
13578,2026-07-03,Cliente_304,Teclado Mecánico,80.0,4,Cancelado
13579,2026-05-15,Cliente_357,Silla Ergonómica,250.0,5,Completado
13580,2026-01-15,Cliente_348,Monitor 4K,350.0,4,Cancelado
13581,2026-01-20,  Cliente_458  ,Teclado Mecánico,80.0,3,Completado
13582,2026-03-20,Cliente_306,Silla Ergonómica,250.0,3,Cancelado
13583,2026-01-07,Cliente_301,Auriculares Noise-Canceling,150.0,5,Completado
13584,2026-07-18,Cliente_391,Auriculares Noise-Canceling,150.0,2,Completado
13585,2026-08-24,Cliente_540,Silla Ergonómica,250.0,-1,Completado
13586,2026-05-27,Cliente_131,Mouse Inalámbrico,30.0,-1,Pendiente
13587,2026-03-24,  Cliente_315  ,Laptop Pro 15,1200.0,0,Completado
13588,2026-03-26,Cliente_243,Silla Ergonómica,250.0,3,Cancelado
13589,2026-05-07,Cliente_555,Mouse Inalámbrico,30.0,5,Completado
13590,2026-04-09,  Cliente_127  ,Teclado Mecánico,80.0,1,Completado
13591,2026-02-03,Cliente_539,Auriculares Noise-Canceling,150.0,2,Completado
13592,2026-01-28,Cliente_267,Teclado Mecánico,80.0,2,Completado
13593,2026-05-01,Cliente_414,Teclado Mecánico,80.0,5,Completado
13594,2026-04-15,Cliente_371,Monitor 4K,350.0,5,Pendiente
13595,2026-05-01,Cliente_521,Laptop Pro 15,1200.0,0,Completado
13596,2026-08-14,Cliente_124,Mouse Inalámbrico,,0,Completado
13597,14/02/2026,Cliente_132,Monitor 4K,350.0,3,Completado
13598,2026-01-08,Cliente_215,Silla Ergonómica,250.0,3,Completado
13599,2026-05-30,Cliente_107,Silla Ergonómica,250.0,1,Completado
13600,2026-07-30,Cliente_571,Auriculares Noise-Canceling,150.0,2,Pendiente
13601,2026-03-10,Cliente_385,Monitor 4K,350.0,1,Completado
13602,23/08/2026,  Cliente_263  ,Mouse Inalámbrico,30.0,3,Completado
13603,2026-03-18,Cliente_352,Teclado Mecánico,80.0,2,Completado
13604,2026-05-27,Cliente_215,Auriculares Noise-Canceling,150.0,4,Completado
13605,2026-02-05,Cliente_124,Teclado Mecánico,80.0,4,Pendiente
13606,2026-06-16,Cliente_176,Laptop Pro 15,1200.0,3,Completado
13607,2026-09-07,Cliente_408,Monitor 4K,350.0,1,Completado
13608,2026-02-18,Cliente_340,Auriculares Noise-Canceling,150.0,5,Completado
13609,2026-04-28,Cliente_441,Laptop Pro 15,1200.0,3,Cancelado
13610,2026-01-30,Cliente_586,Mouse Inalámbrico,30.0,3,Completado
13611,2026-06-25,Cliente_566,Auriculares Noise-Canceling,150.0,4,Completado
13612,2026-08-03,Cliente_167,Monitor 4K,,3,Cancelado
13613,2026-05-27,Cliente_155,Mouse Inalámbrico,30.0,5,Completado
13614,2026-01-08,Cliente_320,Silla Ergonómica,250.0,0,Completado
13615,2026-02-12,Cliente_244,Silla Ergonómica,250.0,4,Pendiente
13616,2026-02-19,  Cliente_328  ,Teclado Mecánico,80.0,0,Pendiente
13617,2026-06-14,Cliente_595,Mouse Inalámbrico,30.0,3,Completado
13618,2026-07-24,Cliente_558,Teclado Mecánico,80.0,5,Pendiente
13619,2026-04-08,Cliente_554,Auriculares Noise-Canceling,150.0,1,Completado
13620,2026-01-06,Cliente_529,Auriculares Noise-Canceling,150.0,3,Completado
13621,2026-05-02,Cliente_435,Monitor 4K,350.0,4,Cancelado
13622,2026-02-13,Cliente_553,Auriculares Noise-Canceling,150.0,-1,Cancelado
13623,2026-03-22,Cliente_320,Laptop Pro 15,1200.0,5,Cancelado
13624,2026-03-13,Cliente_383,Silla Ergonómica,250.0,-1,Pendiente
13625,2026-04-24,  Cliente_506  ,Auriculares Noise-Canceling,150.0,1,Completado
13626,2026-08-13,  Cliente_520  ,Teclado Mecánico,80.0,3,Cancelado
13627,2026-04-29,Cliente_208,Auriculares Noise-Canceling,150.0,5,Completado
13628,2026-05-29,Cliente_386,Auriculares Noise-Canceling,150.0,2,Cancelado
13629,2026-07-31,Cliente_308,Auriculares Noise-Canceling,150.0,4,Cancelado
13630,2026-01-06,Cliente_369,Teclado Mecánico,80.0,2,Completado
13631,2026-04-13,Cliente_404,Silla Ergonómica,250.0,-1,Completado
13632,2026-06-11,Cliente_115,Laptop Pro 15,1200.0,5,Completado
13633,2026-05-26,  Cliente_576  ,Auriculares Noise-Canceling,150.0,3,Cancelado
13634,2026-01-26,Cliente_491,Auriculares Noise-Canceling,150.0,5,Completado
13635,2026-04-10,  Cliente_306  ,Laptop Pro 15,1200.0,2,Cancelado
13636,2026-02-26,Cliente_168,Laptop Pro 15,1200.0,-1,Completado
13637,2026-03-01,Cliente_558,Auriculares Noise-Canceling,150.0,2,Cancelado
13638,2026-08-19,Cliente_412,Silla Ergonómica,250.0,2,Completado
13639,2026-04-28,Cliente_268,Monitor 4K,350.0,-1,Pendiente
13640,2026-02-18,Cliente_599,Auriculares Noise-Canceling,150.0,5,Pendiente
13641,2026-07-16,Cliente_152,Laptop Pro 15,1200.0,2,Completado
13642,2026-08-05,Cliente_449,Laptop Pro 15,1200.0,1,Pendiente
13643,2026-05-15,Cliente_148,Silla Ergonómica,250.0,1,Cancelado
13644,2026-07-30,Cliente_464,Silla Ergonómica,250.0,0,Completado
13645,2026-09-06,Cliente_154,Teclado Mecánico,80.0,3,Completado
13646,2026-01-27,Cliente_460,Teclado Mecánico,80.0,-1,Completado
13647,2026-05-18,  Cliente_306  ,Silla Ergonómica,250.0,5,Completado
13648,2026-05-17,Cliente_498,Teclado Mecánico,80.0,2,Completado
13649,2026-05-18,Cliente_329,Auriculares Noise-Canceling,150.0,5,Completado
13650,2026-03-10,Cliente_422,Monitor 4K,350.0,1,Cancelado
13651,2026-01-07,Cliente_251,Teclado Mecánico,80.0,2,Completado
13652,2026-01-06,Cliente_517,Mouse Inalámbrico,30.0,2,Completado
13653,2026-05-10,Cliente_356,Monitor 4K,350.0,2,Completado
13654,2026-08-23,Cliente_462,Teclado Mecánico,80.0,2,Completado
13655,2026-05-24,Cliente_593,Silla Ergonómica,250.0,-1,Completado
13656,2026-05-24,Cliente_270,Silla Ergonómica,250.0,3,Completado
13657,2026-03-18,Cliente_190,Silla Ergonómica,250.0,5,Completado
13658,2026-03-05,Cliente_376,Laptop Pro 15,1200.0,4,Pendiente
13659,2026-04-09,Cliente_507,Laptop Pro 15,1200.0,0,Completado
13660,2026-05-27,Cliente_424,Mouse Inalámbrico,30.0,-1,Completado
13661,2026-08-27,Cliente_480,Silla Ergonómica,250.0,4,Cancelado
13662,2026-08-31,  Cliente_107  ,Laptop Pro 15,1200.0,2,Completado
13663,2026-01-19,Cliente_383,Laptop Pro 15,1200.0,-1,Completado
13664,2026-06-20,Cliente_241,Laptop Pro 15,1200.0,5,Completado
13665,2026-05-05,Cliente_456,Silla Ergonómica,250.0,5,Completado
13666,2026-08-09,Cliente_469,Laptop Pro 15,1200.0,0,Pendiente
13667,28/08/2026,Cliente_495,Teclado Mecánico,80.0,0,Completado
13668,11/07/2026,Cliente_578,Mouse Inalámbrico,30.0,4,Cancelado
13669,2026-02-18,Cliente_557,Mouse Inalámbrico,30.0,0,Pendiente
13670,2026-04-16,Cliente_313,Mouse Inalámbrico,30.0,4,Completado
13671,2026-03-03,Cliente_569,Laptop Pro 15,1200.0,1,Completado
13672,2026-06-28,Cliente_449,Monitor 4K,350.0,5,Completado
13673,2026-07-05,  Cliente_207  ,Auriculares Noise-Canceling,150.0,-1,Pendiente
13674,09/07/2026,Cliente_417,Auriculares Noise-Canceling,150.0,2,Pendiente
13675,2026-03-12,Cliente_256,Mouse Inalámbrico,30.0,1,Completado
13676,2026-07-18,Cliente_226,Teclado Mecánico,80.0,3,Completado
13677,2026-08-14,Cliente_323,Mouse Inalámbrico,30.0,2,Pendiente
13678,2026-02-02,Cliente_485,Laptop Pro 15,1200.0,2,Completado
13679,2026-06-14,Cliente_564,Auriculares Noise-Canceling,150.0,5,Cancelado
13680,2026-02-16,Cliente_428,Silla Ergonómica,250.0,3,Pendiente
13681,05/06/2026,Cliente_253,Mouse Inalámbrico,30.0,1,Completado
13682,2026-03-29,Cliente_272,Auriculares Noise-Canceling,150.0,0,Completado
13683,2026-04-13,Cliente_382,Teclado Mecánico,80.0,4,Completado
13684,2026-05-01,Cliente_254,Auriculares Noise-Canceling,150.0,0,Completado
13685,2026-07-09,Cliente_475,Laptop Pro 15,1200.0,1,Completado
13686,2026-04-02,Cliente_177,Silla Ergonómica,250.0,3,Completado
13687,2026-05-31,Cliente_339,Silla Ergonómica,250.0,2,Completado
13688,2026-05-30,  Cliente_108  ,Laptop Pro 15,1200.0,4,Completado
13689,2026-02-19,Cliente_364,Mouse Inalámbrico,30.0,2,Cancelado
13690,2026-05-18,  Cliente_457  ,Teclado Mecánico,80.0,-1,Completado
13691,2026-08-29,  Cliente_148  ,Laptop Pro 15,1200.0,3,Completado
13692,2026-08-30,Cliente_154,Mouse Inalámbrico,30.0,2,Pendiente
13693,2026-06-21,  Cliente_415  ,Auriculares Noise-Canceling,150.0,2,Cancelado
13694,2026-08-03,Cliente_333,Teclado Mecánico,80.0,0,Cancelado
13695,2026-05-29,Cliente_521,Silla Ergonómica,250.0,0,Completado
13696,20/02/2026,Cliente_481,Silla Ergonómica,250.0,1,Completado
13697,2026-04-21,Cliente_358,Laptop Pro 15,1200.0,-1,Completado
13698,2026-02-13,Cliente_171,Silla Ergonómica,,1,Completado
13699,03/05/2026,  Cliente_310  ,Laptop Pro 15,1200.0,0,Completado
13700,2026-01-05,Cliente_173,Laptop Pro 15,1200.0,4,Pendiente
13701,2026-02-06,Cliente_366,Mouse Inalámbrico,30.0,0,Completado
13702,2026-02-03,Cliente_401,Teclado Mecánico,80.0,1,Completado
13703,2026-09-03,Cliente_149,Laptop Pro 15,1200.0,0,Cancelado
13704,2026-05-17,Cliente_232,Laptop Pro 15,1200.0,-1,Completado
13705,2026-02-16,Cliente_287,Auriculares Noise-Canceling,150.0,0,Completado
13706,2026-08-02,Cliente_272,Monitor 4K,350.0,4,Completado
13707,2026-03-18,Cliente_305,Teclado Mecánico,80.0,1,Completado
13708,2026-05-30,  Cliente_236  ,Auriculares Noise-Canceling,150.0,5,Pendiente
13709,2026-05-30,  Cliente_515  ,Monitor 4K,350.0,4,Completado
13710,2026-08-20,Cliente_421,Mouse Inalámbrico,30.0,4,Completado
13711,2026-02-15,Cliente_285,Teclado Mecánico,80.0,3,Completado
13712,2026-02-15,  Cliente_453  ,Teclado Mecánico,80.0,5,Pendiente
13713,2026-05-05,Cliente_237,Teclado Mecánico,80.0,3,Pendiente
13714,2026-01-16,Cliente_362,Monitor 4K,350.0,0,Pendiente
13715,2026-02-26,Cliente_290,Mouse Inalámbrico,30.0,1,Cancelado
13716,2026-08-31,Cliente_499,Silla Ergonómica,250.0,1,Pendiente
13717,2026-05-24,Cliente_207,Mouse Inalámbrico,30.0,4,Pendiente
13718,2026-03-28,Cliente_555,Monitor 4K,350.0,5,Completado
13719,2026-05-07,Cliente_299,Teclado Mecánico,80.0,4,Completado
13720,2026-04-28,  Cliente_429  ,Teclado Mecánico,80.0,2,Pendiente
13721,2026-03-11,Cliente_266,Monitor 4K,350.0,3,Completado
13722,2026-06-21,Cliente_227,Mouse Inalámbrico,30.0,3,Pendiente
13723,2026-05-01,Cliente_390,Laptop Pro 15,1200.0,3,Completado
13724,2026-01-20,Cliente_437,Auriculares Noise-Canceling,150.0,5,Completado
13725,2026-08-18,  Cliente_302  ,Monitor 4K,350.0,3,Completado
13726,2026-07-26,Cliente_355,Silla Ergonómica,250.0,-1,Completado
13727,17/07/2026,Cliente_526,Mouse Inalámbrico,30.0,4,Completado
13728,2026-05-22,Cliente_591,Teclado Mecánico,80.0,2,Completado
13729,2026-02-23,Cliente_394,Auriculares Noise-Canceling,150.0,2,Completado
13730,2026-07-20,Cliente_253,Teclado Mecánico,80.0,0,Pendiente
13731,2026-05-29,Cliente_484,Monitor 4K,350.0,1,Completado
13732,2026-02-22,Cliente_308,Mouse Inalámbrico,30.0,1,Completado
13733,2026-08-09,Cliente_400,Auriculares Noise-Canceling,150.0,0,Completado
13734,2026-08-05,Cliente_359,Laptop Pro 15,1200.0,5,Completado
13735,2026-03-16,Cliente_468,Monitor 4K,350.0,4,Completado
13736,2026-08-16,  Cliente_450  ,Auriculares Noise-Canceling,150.0,4,Completado
13737,2026-04-10,  Cliente_590  ,Teclado Mecánico,80.0,-1,Completado
13738,2026-05-26,Cliente_227,Auriculares Noise-Canceling,,2,Cancelado
13739,2026-03-11,Cliente_219,Laptop Pro 15,1200.0,-1,Completado
13740,2026-07-24,Cliente_437,Mouse Inalámbrico,30.0,2,Completado
13741,2026-05-20,  Cliente_389  ,Auriculares Noise-Canceling,150.0,1,Completado
13742,2026-06-03,Cliente_353,Laptop Pro 15,1200.0,-1,Completado
13743,2026-09-07,Cliente_106,Teclado Mecánico,80.0,-1,Cancelado
13744,2026-03-21,  Cliente_535  ,Silla Ergonómica,250.0,5,Completado
13745,2026-08-07,Cliente_314,Laptop Pro 15,1200.0,3,Completado
13746,2026-08-13,Cliente_138,Mouse Inalámbrico,30.0,-1,Completado
13747,2026-02-21,Cliente_495,Monitor 4K,350.0,-1,Completado
13748,2026-03-23,Cliente_208,Teclado Mecánico,80.0,0,Pendiente
13749,2026-05-05,Cliente_150,Laptop Pro 15,1200.0,3,Cancelado
13750,2026-03-24,Cliente_141,Laptop Pro 15,1200.0,3,Completado
13751,2026-08-13,Cliente_205,Silla Ergonómica,250.0,5,Completado
13752,2026-03-19,Cliente_170,Auriculares Noise-Canceling,150.0,5,Completado
13753,2026-01-23,Cliente_436,Monitor 4K,350.0,3,Completado
13754,2026-03-23,Cliente_254,Monitor 4K,350.0,2,Pendiente
13755,2026-05-02,Cliente_324,Silla Ergonómica,250.0,3,Completado
13756,2026-01-19,Cliente_410,Mouse Inalámbrico,30.0,5,Completado
13757,2026-01-29,Cliente_597,Laptop Pro 15,1200.0,2,Pendiente
13758,2026-02-08,Cliente_429,Laptop Pro 15,1200.0,1,Completado
13759,2026-02-25,  Cliente_272  ,Laptop Pro 15,1200.0,0,Pendiente
13760,2026-04-15,Cliente_135,Auriculares Noise-Canceling,150.0,4,Completado
13761,2026-05-08,Cliente_436,Teclado Mecánico,80.0,1,Completado
13762,2026-07-27,Cliente_469,Laptop Pro 15,1200.0,1,Pendiente
13763,2026-05-15,Cliente_367,Auriculares Noise-Canceling,150.0,4,Completado
13764,2026-06-03,Cliente_587,Mouse Inalámbrico,30.0,1,Completado
13765,2026-07-07,Cliente_459,Laptop Pro 15,1200.0,3,Pendiente
13766,2026-07-19,Cliente_287,Teclado Mecánico,80.0,2,Completado
13767,2026-04-10,  Cliente_180  ,Monitor 4K,350.0,4,Completado
13768,02/05/2026,Cliente_105,Mouse Inalámbrico,30.0,1,Completado
13769,2026-08-03,Cliente_157,Laptop Pro 15,1200.0,4,Pendiente
13770,2026-01-11,Cliente_234,Auriculares Noise-Canceling,150.0,2,Cancelado
13771,2026-09-05,Cliente_102,Mouse Inalámbrico,30.0,-1,Pendiente
13772,2026-07-25,Cliente_598,Mouse Inalámbrico,30.0,-1,Pendiente
13773,2026-02-19,Cliente_187,Monitor 4K,350.0,-1,Completado
13774,2026-02-28,Cliente_172,Laptop Pro 15,1200.0,5,Completado
13775,2026-03-13,Cliente_375,Monitor 4K,350.0,0,Completado
13776,09/01/2026,Cliente_253,Auriculares Noise-Canceling,150.0,3,Completado
13777,2026-07-25,Cliente_410,Laptop Pro 15,1200.0,3,Completado
13778,2026-07-31,Cliente_116,Laptop Pro 15,1200.0,0,Completado
13779,2026-02-07,Cliente_575,Monitor 4K,350.0,5,Cancelado
13780,2026-04-22,  Cliente_576  ,Auriculares Noise-Canceling,150.0,5,Completado
13781,2026-05-15,Cliente_338,Mouse Inalámbrico,30.0,-1,Completado
13782,2026-01-27,  Cliente_254  ,Auriculares Noise-Canceling,,-1,Completado
13783,2026-02-02,Cliente_489,Monitor 4K,350.0,3,Cancelado
13784,2026-04-15,Cliente_385,Laptop Pro 15,1200.0,1,Completado
13785,2026-01-22,Cliente_190,Silla Ergonómica,250.0,0,Cancelado
13786,2026-05-08,Cliente_277,Auriculares Noise-Canceling,150.0,2,Cancelado
13787,2026-04-29,Cliente_217,Silla Ergonómica,250.0,-1,Completado
13788,2026-07-05,Cliente_418,Silla Ergonómica,250.0,0,Pendiente
13789,2026-06-02,Cliente_307,Teclado Mecánico,80.0,0,Completado
13790,2026-04-06,Cliente_502,Teclado Mecánico,80.0,1,Completado
13791,2026-05-28,Cliente_196,Silla Ergonómica,250.0,3,Completado
13792,2026-06-26,Cliente_126,Mouse Inalámbrico,30.0,2,Completado
13793,2026-01-18,Cliente_294,Auriculares Noise-Canceling,150.0,3,Pendiente
13794,2026-03-11,Cliente_488,Teclado Mecánico,80.0,0,Completado
13795,2026-08-26,Cliente_148,Laptop Pro 15,1200.0,0,Cancelado
13796,2026-02-26,  Cliente_284  ,Laptop Pro 15,1200.0,3,Cancelado
13797,2026-02-11,Cliente_415,Teclado Mecánico,80.0,4,Pendiente
13798,2026-08-09,Cliente_356,Teclado Mecánico,80.0,2,Completado
13799,2026-02-06,Cliente_481,Laptop Pro 15,1200.0,4,Completado
13800,2026-01-21,Cliente_241,Monitor 4K,350.0,-1,Completado
13801,2026-08-12,Cliente_583,Teclado Mecánico,80.0,1,Completado
13802,2026-09-02,Cliente_534,Teclado Mecánico,80.0,1,Completado
13803,2026-01-04,Cliente_294,Mouse Inalámbrico,30.0,2,Completado
13804,2026-02-26,Cliente_210,Teclado Mecánico,80.0,0,Cancelado
13805,2026-02-26,Cliente_577,Teclado Mecánico,80.0,1,Completado
13806,27/02/2026,Cliente_299,Silla Ergonómica,250.0,5,Completado
13807,2026-06-26,Cliente_552,Monitor 4K,350.0,2,Completado
13808,2026-06-03,Cliente_181,Mouse Inalámbrico,30.0,2,Completado
13809,2026-07-16,Cliente_575,Laptop Pro 15,1200.0,2,Completado
13810,2026-04-08,Cliente_308,Teclado Mecánico,80.0,3,Pendiente
13811,2026-01-09,Cliente_485,Laptop Pro 15,1200.0,0,Completado
13812,2026-07-19,  Cliente_373  ,Monitor 4K,350.0,3,Completado
13813,30/05/2026,Cliente_444,Laptop Pro 15,1200.0,-1,Cancelado
13814,2026-05-06,Cliente_216,Monitor 4K,350.0,0,Completado
13815,2026-07-01,Cliente_195,Auriculares Noise-Canceling,150.0,-1,Completado
13816,2026-04-07,Cliente_275,Mouse Inalámbrico,30.0,0,Completado
13817,2026-09-06,Cliente_282,Silla Ergonómica,250.0,3,Completado
13818,28/02/2026,Cliente_174,Silla Ergonómica,250.0,3,Completado
13819,2026-01-22,Cliente_220,Silla Ergonómica,250.0,0,Pendiente
13820,2026-03-26,Cliente_246,Mouse Inalámbrico,30.0,3,Pendiente
13821,2026-07-09,Cliente_501,Silla Ergonómica,250.0,0,Completado
13822,2026-08-24,Cliente_154,Teclado Mecánico,80.0,3,Pendiente
13823,2026-01-15,Cliente_275,Mouse Inalámbrico,30.0,2,Pendiente
13824,2026-07-20,  Cliente_114  ,Silla Ergonómica,250.0,2,Cancelado
13825,2026-01-15,Cliente_381,Laptop Pro 15,1200.0,4,Completado
13826,2026-06-22,Cliente_136,Silla Ergonómica,250.0,0,Pendiente
13827,2026-07-31,  Cliente_423  ,Silla Ergonómica,250.0,2,Pendiente
13828,2026-05-05,Cliente_451,Monitor 4K,350.0,0,Completado
13829,2026-06-12,Cliente_520,Auriculares Noise-Canceling,150.0,5,Completado
13830,2026-01-22,Cliente_355,Silla Ergonómica,250.0,2,Completado
13831,2026-07-11,  Cliente_581  ,Auriculares Noise-Canceling,150.0,-1,Completado
13832,2026-02-08,Cliente_457,Monitor 4K,350.0,3,Completado
13833,2026-06-10,Cliente_438,Monitor 4K,350.0,2,Pendiente
13834,2026-09-04,Cliente_487,Mouse Inalámbrico,30.0,0,Completado
13835,2026-05-08,Cliente_450,Laptop Pro 15,1200.0,3,Cancelado
13836,2026-05-15,Cliente_571,Laptop Pro 15,1200.0,1,Completado
13837,2026-04-10,Cliente_518,Laptop Pro 15,1200.0,4,Completado
13838,2026-08-10,Cliente_328,Silla Ergonómica,250.0,1,Completado
13839,2026-03-22,Cliente_244,Teclado Mecánico,80.0,0,Completado
13840,2026-03-22,Cliente_301,Monitor 4K,350.0,5,Pendiente
13841,2026-05-11,Cliente_326,Auriculares Noise-Canceling,150.0,2,Pendiente
13842,2026-07-01,Cliente_248,Monitor 4K,350.0,5,Completado
13843,2026-09-03,Cliente_103,Laptop Pro 15,1200.0,4,Completado
13844,2026-08-08,Cliente_271,Auriculares Noise-Canceling,150.0,2,Completado
13845,2026-07-02,Cliente_314,Mouse Inalámbrico,30.0,5,Cancelado
13846,2026-05-30,  Cliente_326  ,Monitor 4K,350.0,4,Completado
13847,2026-05-28,Cliente_168,Silla Ergonómica,250.0,5,Pendiente
13848,2026-02-20,Cliente_504,Silla Ergonómica,250.0,-1,Pendiente
13849,2026-06-29,Cliente_538,Mouse Inalámbrico,30.0,5,Completado
13850,2026-08-08,Cliente_338,Teclado Mecánico,80.0,2,Completado
13851,28/04/2026,Cliente_127,Laptop Pro 15,1200.0,1,Completado
13852,2026-05-23,  Cliente_332  ,Silla Ergonómica,250.0,0,Completado
13853,2026-06-27,Cliente_180,Monitor 4K,350.0,4,Cancelado
13854,2026-04-12,  Cliente_573  ,Silla Ergonómica,250.0,1,Pendiente
13855,2026-02-05,Cliente_444,Laptop Pro 15,1200.0,2,Cancelado
13856,2026-08-15,  Cliente_171  ,Mouse Inalámbrico,30.0,-1,Completado
13857,2026-07-04,  Cliente_555  ,Laptop Pro 15,1200.0,5,Completado
13858,2026-07-17,Cliente_230,Auriculares Noise-Canceling,150.0,0,Cancelado
13859,2026-04-26,Cliente_535,Monitor 4K,350.0,5,Pendiente
13860,2026-05-19,Cliente_454,Laptop Pro 15,1200.0,3,Pendiente
13861,2026-01-03,Cliente_296,Silla Ergonómica,250.0,-1,Completado
13862,04/02/2026,Cliente_407,Auriculares Noise-Canceling,150.0,2,Completado
13863,2026-08-10,Cliente_159,Mouse Inalámbrico,30.0,4,Completado
13864,2026-08-27,  Cliente_389  ,Auriculares Noise-Canceling,150.0,5,Completado
13865,2026-08-19,  Cliente_156  ,Silla Ergonómica,250.0,5,Pendiente
13866,2026-06-26,Cliente_467,Laptop Pro 15,1200.0,5,Completado
13867,2026-05-11,Cliente_476,Auriculares Noise-Canceling,150.0,0,Completado
13868,2026-03-11,  Cliente_132  ,Teclado Mecánico,80.0,-1,Completado
13869,2026-02-24,Cliente_452,Mouse Inalámbrico,30.0,3,Completado
13870,2026-02-25,Cliente_431,Auriculares Noise-Canceling,150.0,-1,Pendiente
13871,13/06/2026,Cliente_420,Teclado Mecánico,80.0,-1,Pendiente
13872,2026-05-05,Cliente_157,Auriculares Noise-Canceling,150.0,2,Pendiente
13873,2026-01-10,Cliente_412,Auriculares Noise-Canceling,150.0,-1,Pendiente
13874,2026-06-15,Cliente_387,Silla Ergonómica,250.0,3,Pendiente
13875,2026-08-26,Cliente_365,Silla Ergonómica,250.0,-1,Cancelado
13876,2026-08-01,Cliente_524,Mouse Inalámbrico,30.0,3,Completado
13877,2026-02-10,Cliente_202,Auriculares Noise-Canceling,150.0,3,Pendiente
13878,2026-09-08,  Cliente_597  ,Laptop Pro 15,1200.0,5,Completado
13879,2026-03-31,Cliente_402,Monitor 4K,350.0,4,Pendiente
13880,2026-03-03,Cliente_588,Silla Ergonómica,250.0,1,Cancelado
13881,2026-02-10,Cliente_245,Silla Ergonómica,250.0,5,Completado
13882,24/05/2026,Cliente_272,Laptop Pro 15,1200.0,5,Completado
13883,2026-06-04,Cliente_349,Auriculares Noise-Canceling,150.0,2,Completado
13884,2026-02-10,Cliente_205,Monitor 4K,,5,Pendiente
13885,2026-07-27,Cliente_387,Monitor 4K,350.0,2,Completado
13886,2026-01-16,Cliente_464,Teclado Mecánico,80.0,1,Completado
13887,03/03/2026,Cliente_596,Auriculares Noise-Canceling,150.0,1,Cancelado
13888,2026-08-25,Cliente_389,Mouse Inalámbrico,30.0,-1,Completado
13889,2026-07-03,Cliente_543,Silla Ergonómica,250.0,5,Pendiente
13890,2026-01-31,Cliente_160,Mouse Inalámbrico,30.0,4,Cancelado
13891,2026-06-17,Cliente_347,Teclado Mecánico,80.0,0,Pendiente
13892,2026-08-21,  Cliente_327  ,Monitor 4K,,3,Completado
13893,2026-02-19,Cliente_173,Laptop Pro 15,1200.0,4,Completado
13894,2026-07-09,Cliente_279,Mouse Inalámbrico,30.0,4,Pendiente
13895,2026-07-02,Cliente_502,Mouse Inalámbrico,30.0,3,Completado
13896,2026-04-04,Cliente_293,Silla Ergonómica,250.0,4,Pendiente
13897,17/03/2026,Cliente_309,Teclado Mecánico,80.0,2,Cancelado
13898,2026-03-15,Cliente_200,Silla Ergonómica,250.0,3,Completado
13899,2026-07-30,Cliente_580,Laptop Pro 15,1200.0,1,Completado
13900,2026-04-28,Cliente_500,Silla Ergonómica,250.0,4,Completado
13901,2026-03-04,  Cliente_233  ,Monitor 4K,350.0,3,Completado
13902,2026-03-04,Cliente_444,Mouse Inalámbrico,,4,Completado
13903,2026-08-21,Cliente_143,Teclado Mecánico,80.0,4,Completado
13904,2026-08-01,  Cliente_463  ,Silla Ergonómica,250.0,-1,Pendiente
13905,2026-05-24,Cliente_279,Laptop Pro 15,1200.0,-1,Completado
13906,2026-04-27,Cliente_407,Silla Ergonómica,250.0,2,Completado
13907,2026-04-02,Cliente_206,Monitor 4K,350.0,3,Completado
13908,2026-05-26,Cliente_342,Auriculares Noise-Canceling,150.0,1,Completado
13909,2026-06-12,Cliente_312,Mouse Inalámbrico,30.0,4,Completado
13910,2026-02-23,Cliente_549,Silla Ergonómica,250.0,5,Pendiente
13911,2026-02-07,Cliente_287,Silla Ergonómica,250.0,4,Completado
13912,2026-06-01,Cliente_556,Teclado Mecánico,80.0,1,Pendiente
13913,2026-06-26,  Cliente_118  ,Silla Ergonómica,250.0,-1,Completado
13914,2026-06-20,  Cliente_256  ,Laptop Pro 15,1200.0,4,Completado
13915,2026-03-13,Cliente_274,Teclado Mecánico,80.0,-1,Completado
13916,2026-07-06,Cliente_204,Mouse Inalámbrico,30.0,2,Completado
13917,2026-02-25,Cliente_566,Monitor 4K,350.0,2,Completado
13918,2026-05-31,  Cliente_120  ,Laptop Pro 15,1200.0,-1,Cancelado
13919,06/07/2026,Cliente_159,Auriculares Noise-Canceling,150.0,3,Completado
13920,2026-03-01,Cliente_586,Auriculares Noise-Canceling,150.0,0,Completado
13921,2026-06-24,Cliente_420,Laptop Pro 15,1200.0,3,Completado
13922,2026-04-17,Cliente_328,Laptop Pro 15,1200.0,4,Completado
13923,2026-05-12,Cliente_113,Mouse Inalámbrico,30.0,3,Completado
13924,2026-01-18,Cliente_367,Monitor 4K,350.0,4,Cancelado
13925,2026-04-28,Cliente_494,Teclado Mecánico,80.0,4,Completado
13926,2026-01-10,Cliente_146,Silla Ergonómica,250.0,5,Cancelado
13927,2026-06-06,Cliente_542,Monitor 4K,350.0,4,Completado
13928,2026-01-25,Cliente_172,Auriculares Noise-Canceling,150.0,3,Completado
13929,2026-05-02,Cliente_220,Silla Ergonómica,250.0,4,Completado
13930,2026-05-05,Cliente_516,Silla Ergonómica,,4,Completado
13931,2026-06-18,Cliente_165,Auriculares Noise-Canceling,150.0,2,Completado
13932,2026-06-20,Cliente_564,Mouse Inalámbrico,30.0,2,Completado
13933,2026-06-13,Cliente_501,Laptop Pro 15,1200.0,2,Pendiente
13934,2026-04-24,Cliente_323,Monitor 4K,350.0,0,Cancelado
13935,2026-04-12,Cliente_430,Laptop Pro 15,1200.0,4,Pendiente
13936,2026-06-23,Cliente_409,Teclado Mecánico,80.0,3,Cancelado
13937,2026-07-26,Cliente_224,Auriculares Noise-Canceling,,1,Cancelado
13938,2026-04-30,Cliente_346,Laptop Pro 15,1200.0,1,Completado
13939,2026-08-03,Cliente_382,Auriculares Noise-Canceling,150.0,2,Cancelado
13940,2026-08-25,  Cliente_116  ,Teclado Mecánico,80.0,3,Completado
13941,2026-04-10,Cliente_500,Laptop Pro 15,1200.0,-1,Cancelado
13942,2026-06-01,Cliente_172,Auriculares Noise-Canceling,150.0,-1,Completado
13943,2026-01-21,Cliente_326,Mouse Inalámbrico,30.0,-1,Completado
13944,18/07/2026,Cliente_285,Auriculares Noise-Canceling,150.0,-1,Cancelado
13945,2026-05-14,Cliente_193,Monitor 4K,350.0,3,Cancelado
13946,2026-03-01,Cliente_421,Mouse Inalámbrico,30.0,2,Completado
13947,2026-02-08,Cliente_550,Auriculares Noise-Canceling,150.0,-1,Completado
13948,2026-05-07,Cliente_119,Laptop Pro 15,1200.0,2,Cancelado
13949,2026-02-16,Cliente_177,Laptop Pro 15,1200.0,4,Completado
13950,2026-01-05,Cliente_388,Mouse Inalámbrico,30.0,5,Completado
13951,2026-08-29,Cliente_111,Laptop Pro 15,1200.0,2,Completado
13952,2026-03-08,Cliente_172,Monitor 4K,350.0,4,Cancelado
13953,2026-06-12,Cliente_477,Mouse Inalámbrico,30.0,2,Completado
13954,2026-01-24,Cliente_454,Silla Ergonómica,250.0,2,Completado
13955,2026-08-19,Cliente_289,Teclado Mecánico,80.0,4,Pendiente
13956,2026-07-21,Cliente_353,Teclado Mecánico,80.0,2,Completado
13957,2026-01-17,Cliente_471,Teclado Mecánico,80.0,0,Pendiente
13958,2026-08-26,Cliente_282,Auriculares Noise-Canceling,150.0,4,Completado
13959,2026-03-17,Cliente_503,Silla Ergonómica,250.0,1,Completado
13960,2026-04-20,Cliente_584,Silla Ergonómica,250.0,1,Pendiente
13961,2026-03-22,Cliente_366,Mouse Inalámbrico,30.0,2,Completado
13962,2026-01-02,Cliente_342,Silla Ergonómica,250.0,2,Cancelado
13963,2026-07-17,Cliente_310,Teclado Mecánico,80.0,5,Cancelado
13964,2026-08-12,Cliente_225,Monitor 4K,350.0,4,Pendiente
13965,2026-01-07,Cliente_283,Auriculares Noise-Canceling,150.0,5,Completado
13966,2026-06-02,Cliente_117,Teclado Mecánico,80.0,1,Completado
13967,2026-04-28,Cliente_127,Mouse Inalámbrico,30.0,4,Completado
13968,2026-04-25,  Cliente_340  ,Auriculares Noise-Canceling,150.0,3,Pendiente
13969,2026-07-21,Cliente_426,Monitor 4K,350.0,3,Completado
13970,2026-03-27,  Cliente_171  ,Monitor 4K,350.0,-1,Completado
13971,12/06/2026,Cliente_457,Laptop Pro 15,1200.0,4,Completado
13972,2026-03-29,  Cliente_208  ,Laptop Pro 15,1200.0,3,Completado
13973,2026-06-25,Cliente_451,Monitor 4K,350.0,3,Completado
13974,2026-03-26,Cliente_489,Monitor 4K,350.0,3,Completado
13975,2026-03-12,Cliente_115,Laptop Pro 15,1200.0,4,Completado
13976,2026-05-22,Cliente_177,Mouse Inalámbrico,30.0,2,Pendiente
13977,2026-05-15,Cliente_127,Monitor 4K,350.0,1,Completado
13978,2026-03-16,Cliente_279,Auriculares Noise-Canceling,150.0,4,Completado
13979,2026-06-04,Cliente_509,Teclado Mecánico,80.0,2,Completado
13980,2026-08-19,  Cliente_441  ,Auriculares Noise-Canceling,150.0,-1,Completado
13981,28/06/2026,Cliente_333,Teclado Mecánico,80.0,4,Pendiente
13982,2026-04-27,Cliente_313,Monitor 4K,350.0,3,Pendiente
13983,2026-06-20,Cliente_145,Teclado Mecánico,80.0,5,Pendiente
13984,2026-07-11,Cliente_546,Teclado Mecánico,80.0,4,Pendiente
13985,2026-05-12,Cliente_115,Teclado Mecánico,80.0,0,Completado
13986,2026-01-04,Cliente_182,Auriculares Noise-Canceling,150.0,4,Completado
13987,03/03/2026,Cliente_321,Mouse Inalámbrico,30.0,-1,Completado
13988,2026-08-29,Cliente_353,Auriculares Noise-Canceling,150.0,-1,Completado
13989,2026-05-19,Cliente_403,Laptop Pro 15,1200.0,4,Completado
13990,2026-07-25,Cliente_447,Silla Ergonómica,250.0,2,Completado
13991,2026-08-24,Cliente_372,Monitor 4K,350.0,0,Completado
13992,2026-03-16,Cliente_437,Teclado Mecánico,80.0,5,Completado
13993,04/04/2026,Cliente_253,Monitor 4K,350.0,5,Completado
13994,2026-03-07,Cliente_227,Auriculares Noise-Canceling,150.0,4,Completado
13995,2026-01-17,Cliente_413,Teclado Mecánico,80.0,2,Completado
13996,2026-02-19,Cliente_233,Teclado Mecánico,80.0,4,Cancelado
13997,2026-06-07,Cliente_553,Silla Ergonómica,250.0,1,Completado
13998,2026-05-04,Cliente_400,Laptop Pro 15,1200.0,5,Completado
13999,2026-08-31,Cliente_159,Teclado Mecánico,,0,Pendiente
14000,2026-01-17,Cliente_515,Auriculares Noise-Canceling,150.0,5,Completado
14001,2026-06-07,Cliente_451,Monitor 4K,350.0,5,Completado
14002,2026-02-10,Cliente_180,Silla Ergonómica,250.0,0,Cancelado
14003,2026-02-25,Cliente_327,Monitor 4K,350.0,-1,Pendiente
14004,2026-05-12,Cliente_390,Mouse Inalámbrico,30.0,-1,Pendiente
14005,2026-07-09,Cliente_405,Laptop Pro 15,1200.0,1,Completado
14006,14/01/2026,Cliente_263,Teclado Mecánico,80.0,-1,Completado
14007,2026-05-14,Cliente_514,Laptop Pro 15,1200.0,4,Pendiente
14008,2026-06-13,Cliente_259,Auriculares Noise-Canceling,150.0,0,Completado
14009,12/04/2026,Cliente_490,Monitor 4K,350.0,3,Completado
14010,2026-03-11,Cliente_206,Teclado Mecánico,,5,Pendiente
14011,2026-07-05,  Cliente_465  ,Silla Ergonómica,250.0,4,Pendiente
14012,2026-08-01,  Cliente_225  ,Auriculares Noise-Canceling,150.0,-1,Completado
14013,2026-01-26,Cliente_261,Mouse Inalámbrico,30.0,-1,Completado
14014,2026-01-01,Cliente_177,Mouse Inalámbrico,30.0,3,Cancelado
14015,2026-01-09,Cliente_189,Silla Ergonómica,250.0,1,Completado
14016,2026-02-01,Cliente_368,Silla Ergonómica,250.0,5,Pendiente
14017,2026-06-23,Cliente_390,Monitor 4K,350.0,-1,Completado
14018,2026-04-08,Cliente_478,Silla Ergonómica,250.0,2,Pendiente
14019,2026-04-20,Cliente_349,Silla Ergonómica,250.0,4,Completado
14020,2026-07-03,  Cliente_458  ,Laptop Pro 15,,0,Completado
14021,2026-03-10,Cliente_224,Mouse Inalámbrico,30.0,2,Completado
14022,2026-02-16,Cliente_154,Silla Ergonómica,250.0,5,Completado
14023,2026-05-30,Cliente_500,Auriculares Noise-Canceling,150.0,5,Cancelado
14024,2026-04-04,Cliente_579,Teclado Mecánico,80.0,1,Pendiente
14025,2026-01-30,Cliente_522,Monitor 4K,350.0,1,Pendiente
14026,2026-06-25,Cliente_476,Mouse Inalámbrico,30.0,0,Cancelado
14027,2026-05-30,Cliente_224,Auriculares Noise-Canceling,150.0,0,Completado
14028,2026-07-18,Cliente_573,Monitor 4K,350.0,5,Completado
14029,2026-02-20,Cliente_151,Laptop Pro 15,1200.0,2,Cancelado
14030,2026-07-06,Cliente_185,Mouse Inalámbrico,30.0,5,Completado
14031,2026-04-11,Cliente_504,Silla Ergonómica,250.0,-1,Completado
14032,2026-09-01,Cliente_252,Mouse Inalámbrico,30.0,4,Completado
14033,2026-06-10,Cliente_190,Mouse Inalámbrico,30.0,-1,Completado
14034,2026-05-17,Cliente_304,Monitor 4K,350.0,0,Completado
14035,2026-03-22,Cliente_299,Mouse Inalámbrico,30.0,-1,Cancelado
14036,2026-04-07,Cliente_211,Mouse Inalámbrico,30.0,2,Completado
14037,2026-06-04,Cliente_450,Laptop Pro 15,,3,Completado
14038,2026-03-30,Cliente_492,Mouse Inalámbrico,30.0,4,Completado
14039,2026-06-02,Cliente_586,Silla Ergonómica,250.0,5,Completado
14040,2026-03-13,Cliente_215,Mouse Inalámbrico,30.0,2,Completado
14041,2026-01-21,Cliente_149,Laptop Pro 15,1200.0,4,Completado
14042,19/02/2026,Cliente_366,Monitor 4K,350.0,1,Cancelado
14043,2026-04-13,Cliente_585,Laptop Pro 15,1200.0,3,Pendiente
14044,2026-08-03,Cliente_505,Teclado Mecánico,80.0,3,Completado
14045,2026-06-09,Cliente_330,Auriculares Noise-Canceling,150.0,1,Completado
14046,2026-01-29,Cliente_164,Monitor 4K,350.0,0,Pendiente
14047,2026-05-22,Cliente_149,Teclado Mecánico,80.0,1,Completado
14048,2026-06-25,Cliente_511,Laptop Pro 15,1200.0,2,Completado
14049,2026-08-01,Cliente_203,Mouse Inalámbrico,30.0,-1,Cancelado
14050,2026-07-29,Cliente_330,Mouse Inalámbrico,30.0,1,Pendiente
14051,2026-05-05,Cliente_212,Laptop Pro 15,1200.0,1,Cancelado
14052,2026-08-07,Cliente_370,Laptop Pro 15,1200.0,5,Cancelado
14053,2026-09-08,  Cliente_372  ,Silla Ergonómica,250.0,3,Completado
14054,2026-01-20,Cliente_356,Laptop Pro 15,1200.0,4,Pendiente
14055,2026-04-10,Cliente_159,Teclado Mecánico,80.0,4,Completado
14056,2026-05-01,Cliente_140,Mouse Inalámbrico,30.0,5,Cancelado
14057,2026-03-21,Cliente_124,Teclado Mecánico,80.0,-1,Completado
14058,2026-03-17,Cliente_484,Monitor 4K,350.0,0,Completado
14059,2026-07-30,Cliente_596,Auriculares Noise-Canceling,150.0,4,Cancelado
14060,2026-08-06,Cliente_347,Auriculares Noise-Canceling,150.0,5,Completado
14061,2026-09-04,Cliente_498,Auriculares Noise-Canceling,150.0,0,Completado
14062,2026-07-09,Cliente_459,Mouse Inalámbrico,30.0,-1,Cancelado
14063,2026-08-01,Cliente_586,Laptop Pro 15,1200.0,5,Pendiente
14064,2026-06-30,Cliente_194,Mouse Inalámbrico,30.0,-1,Completado
14065,2026-03-08,Cliente_407,Laptop Pro 15,1200.0,2,Completado
14066,2026-01-25,Cliente_220,Monitor 4K,350.0,3,Completado
14067,2026-05-01,Cliente_511,Laptop Pro 15,1200.0,-1,Cancelado
14068,2026-06-16,Cliente_124,Silla Ergonómica,250.0,5,Completado
14069,2026-06-11,Cliente_170,Teclado Mecánico,80.0,3,Completado
14070,2026-06-29,Cliente_191,Auriculares Noise-Canceling,150.0,3,Pendiente
14071,2026-07-14,Cliente_585,Silla Ergonómica,250.0,0,Pendiente
14072,2026-09-04,Cliente_211,Mouse Inalámbrico,30.0,-1,Completado
14073,2026-05-03,Cliente_162,Mouse Inalámbrico,30.0,2,Completado
14074,2026-02-13,Cliente_434,Laptop Pro 15,1200.0,0,Completado
14075,2026-07-04,Cliente_530,Laptop Pro 15,1200.0,3,Completado
14076,2026-04-22,Cliente_221,Mouse Inalámbrico,30.0,0,Completado
14077,2026-03-16,Cliente_259,Laptop Pro 15,1200.0,-1,Completado
14078,2026-01-08,Cliente_443,Auriculares Noise-Canceling,150.0,1,Completado
14079,2026-06-03,Cliente_458,Monitor 4K,350.0,5,Pendiente
14080,2026-05-12,Cliente_477,Teclado Mecánico,80.0,-1,Completado
14081,2026-05-28,  Cliente_511  ,Teclado Mecánico,80.0,1,Completado
14082,2026-01-17,Cliente_462,Mouse Inalámbrico,30.0,3,Pendiente
14083,2026-08-03,Cliente_254,Laptop Pro 15,1200.0,5,Completado
14084,2026-02-15,Cliente_523,Silla Ergonómica,250.0,-1,Completado
14085,2026-02-21,  Cliente_430  ,Silla Ergonómica,250.0,5,Completado
14086,2026-01-10,Cliente_190,Auriculares Noise-Canceling,150.0,4,Completado
14087,2026-06-19,Cliente_399,Monitor 4K,350.0,4,Pendiente
14088,2026-03-01,Cliente_220,Auriculares Noise-Canceling,150.0,0,Completado
14089,2026-05-19,  Cliente_522  ,Auriculares Noise-Canceling,150.0,5,Completado
14090,2026-07-20,Cliente_219,Auriculares Noise-Canceling,150.0,5,Completado
14091,2026-04-07,Cliente_102,Teclado Mecánico,80.0,5,Completado
14092,2026-07-26,Cliente_204,Auriculares Noise-Canceling,150.0,1,Cancelado
14093,2026-04-05,Cliente_342,Auriculares Noise-Canceling,150.0,0,Cancelado
14094,2026-05-10,Cliente_120,Mouse Inalámbrico,30.0,3,Completado
14095,2026-04-09,Cliente_191,Teclado Mecánico,80.0,0,Completado
14096,2026-03-29,Cliente_205,Auriculares Noise-Canceling,150.0,-1,Completado
14097,2026-05-24,Cliente_537,Auriculares Noise-Canceling,150.0,0,Cancelado
14098,2026-05-03,Cliente_572,Auriculares Noise-Canceling,150.0,3,Completado
14099,2026-09-03,Cliente_548,Monitor 4K,350.0,5,Completado
14100,2026-04-14,Cliente_341,Monitor 4K,350.0,-1,Completado
14101,2026-01-10,Cliente_103,Mouse Inalámbrico,30.0,3,Cancelado
14102,2026-02-24,Cliente_334,Teclado Mecánico,80.0,3,Completado
14103,2026-05-13,Cliente_294,Silla Ergonómica,250.0,4,Pendiente
14104,2026-01-05,Cliente_334,Mouse Inalámbrico,30.0,3,Completado
14105,2026-08-10,Cliente_547,Mouse Inalámbrico,30.0,5,Pendiente
14106,2026-08-21,Cliente_326,Auriculares Noise-Canceling,150.0,5,Completado
14107,2026-07-03,Cliente_587,Monitor 4K,350.0,1,Pendiente
14108,2026-04-21,Cliente_315,Laptop Pro 15,1200.0,2,Completado
14109,30/08/2026,Cliente_317,Silla Ergonómica,250.0,3,Completado
14110,2026-07-05,Cliente_555,Mouse Inalámbrico,30.0,1,Completado
14111,2026-04-22,Cliente_428,Teclado Mecánico,80.0,1,Completado
14112,2026-01-05,Cliente_566,Laptop Pro 15,1200.0,1,Pendiente
14113,2026-05-05,Cliente_218,Mouse Inalámbrico,30.0,3,Completado
14114,2026-02-15,Cliente_562,Monitor 4K,350.0,4,Pendiente
14115,2026-08-19,Cliente_186,Laptop Pro 15,1200.0,4,Pendiente
14116,2026-01-15,Cliente_270,Laptop Pro 15,1200.0,-1,Completado
14117,2026-07-10,Cliente_320,Auriculares Noise-Canceling,150.0,4,Pendiente
14118,2026-07-14,  Cliente_311  ,Teclado Mecánico,80.0,5,Cancelado
14119,2026-08-09,Cliente_309,Silla Ergonómica,250.0,0,Completado
14120,2026-01-05,Cliente_214,Silla Ergonómica,250.0,1,Completado
14121,2026-05-21,Cliente_325,Laptop Pro 15,1200.0,5,Cancelado
14122,2026-01-01,Cliente_207,Teclado Mecánico,80.0,5,Cancelado
14123,2026-04-28,Cliente_351,Teclado Mecánico,80.0,5,Pendiente
14124,2026-02-07,Cliente_313,Mouse Inalámbrico,30.0,0,Completado
14125,2026-02-24,Cliente_245,Silla Ergonómica,250.0,1,Completado
14126,2026-07-03,Cliente_479,Mouse Inalámbrico,30.0,3,Completado
14127,2026-04-23,Cliente_290,Auriculares Noise-Canceling,150.0,0,Completado
14128,2026-08-14,Cliente_330,Mouse Inalámbrico,30.0,4,Completado
14129,2026-08-15,Cliente_337,Mouse Inalámbrico,30.0,5,Pendiente
14130,28/06/2026,Cliente_261,Monitor 4K,350.0,2,Cancelado
14131,2026-03-09,Cliente_354,Auriculares Noise-Canceling,150.0,3,Completado
14132,2026-03-15,Cliente_582,Auriculares Noise-Canceling,150.0,1,Completado
14133,2026-04-28,Cliente_484,Monitor 4K,350.0,5,Completado
14134,14/03/2026,Cliente_344,Monitor 4K,350.0,2,Completado
14135,2026-01-21,Cliente_282,Laptop Pro 15,1200.0,2,Pendiente
14136,2026-05-01,  Cliente_487  ,Teclado Mecánico,80.0,-1,Completado
14137,03/07/2026,Cliente_430,Laptop Pro 15,1200.0,-1,Completado
14138,2026-07-05,Cliente_283,Silla Ergonómica,250.0,2,Completado
14139,2026-09-03,Cliente_369,Silla Ergonómica,250.0,1,Pendiente
14140,2026-06-23,Cliente_543,Teclado Mecánico,80.0,0,Pendiente
14141,2026-06-21,Cliente_569,Mouse Inalámbrico,30.0,4,Completado
14142,2026-01-21,Cliente_478,Teclado Mecánico,80.0,5,Completado
14143,2026-04-18,Cliente_523,Teclado Mecánico,80.0,5,Cancelado
14144,2026-04-13,Cliente_477,Silla Ergonómica,250.0,3,Completado
14145,2026-02-25,Cliente_358,Laptop Pro 15,1200.0,4,Pendiente
14146,2026-05-01,Cliente_257,Teclado Mecánico,80.0,-1,Completado
14147,21/06/2026,Cliente_350,Auriculares Noise-Canceling,150.0,4,Pendiente
14148,2026-07-20,Cliente_540,Silla Ergonómica,250.0,2,Cancelado
14149,2026-02-04,Cliente_465,Monitor 4K,350.0,-1,Completado
14150,2026-01-18,Cliente_417,Auriculares Noise-Canceling,150.0,-1,Completado
14151,2026-05-28,  Cliente_193  ,Silla Ergonómica,250.0,0,Pendiente
14152,2026-08-03,  Cliente_243  ,Mouse Inalámbrico,30.0,5,Completado
14153,2026-03-06,Cliente_135,Auriculares Noise-Canceling,150.0,0,Completado
14154,2026-03-20,Cliente_117,Monitor 4K,350.0,3,Pendiente
14155,2026-04-27,Cliente_230,Monitor 4K,350.0,3,Cancelado
14156,2026-07-31,Cliente_255,Teclado Mecánico,80.0,2,Completado
14157,2026-08-18,Cliente_577,Teclado Mecánico,80.0,1,Completado
14158,2026-08-03,Cliente_216,Silla Ergonómica,250.0,3,Completado
14159,2026-04-15,Cliente_541,Auriculares Noise-Canceling,150.0,4,Pendiente
14160,2026-08-24,  Cliente_205  ,Mouse Inalámbrico,30.0,0,Cancelado
14161,2026-02-20,Cliente_292,Silla Ergonómica,250.0,0,Pendiente
14162,2026-06-09,Cliente_587,Teclado Mecánico,80.0,-1,Cancelado
14163,2026-06-04,Cliente_382,Teclado Mecánico,80.0,4,Cancelado
14164,2026-08-15,Cliente_462,Auriculares Noise-Canceling,150.0,3,Completado
14165,2026-04-03,Cliente_270,Monitor 4K,350.0,3,Completado
14166,2026-05-18,Cliente_211,Mouse Inalámbrico,30.0,5,Completado
14167,2026-01-24,Cliente_393,Auriculares Noise-Canceling,150.0,3,Completado
14168,2026-07-29,Cliente_134,Silla Ergonómica,250.0,0,Pendiente
14169,2026-02-14,Cliente_519,Monitor 4K,350.0,4,Completado
14170,2026-08-04,Cliente_482,Laptop Pro 15,1200.0,1,Completado
14171,2026-03-22,Cliente_364,Auriculares Noise-Canceling,150.0,-1,Completado
14172,2026-01-23,Cliente_306,Teclado Mecánico,80.0,-1,Completado
14173,2026-01-14,Cliente_535,Teclado Mecánico,80.0,1,Completado
14174,2026-01-03,Cliente_252,Monitor 4K,350.0,-1,Cancelado
14175,2026-08-16,Cliente_416,Laptop Pro 15,1200.0,-1,Completado
14176,2026-04-27,Cliente_264,Auriculares Noise-Canceling,150.0,4,Pendiente
14177,2026-03-19,Cliente_554,Monitor 4K,350.0,1,Cancelado
14178,2026-04-15,Cliente_173,Silla Ergonómica,250.0,3,Cancelado
14179,2026-01-22,Cliente_451,Teclado Mecánico,80.0,-1,Completado
14180,2026-04-08,Cliente_484,Laptop Pro 15,1200.0,-1,Pendiente
14181,2026-08-16,  Cliente_486  ,Silla Ergonómica,250.0,-1,Cancelado
14182,2026-07-09,Cliente_510,Silla Ergonómica,250.0,4,Cancelado
14183,2026-06-25,Cliente_178,Monitor 4K,350.0,3,Pendiente
14184,2026-04-08,Cliente_501,Teclado Mecánico,80.0,2,Cancelado
14185,2026-03-11,Cliente_424,Mouse Inalámbrico,30.0,-1,Completado
14186,2026-06-19,Cliente_172,Silla Ergonómica,,1,Completado
14187,2026-01-13,Cliente_334,Mouse Inalámbrico,30.0,0,Completado
14188,2026-08-05,Cliente_568,Monitor 4K,350.0,4,Completado
14189,2026-05-23,Cliente_198,Auriculares Noise-Canceling,150.0,0,Completado
14190,2026-08-19,Cliente_196,Monitor 4K,350.0,-1,Completado
14191,14/06/2026,Cliente_512,Teclado Mecánico,80.0,3,Completado
14192,2026-01-12,  Cliente_295  ,Silla Ergonómica,250.0,2,Completado
14193,2026-04-18,Cliente_107,Monitor 4K,350.0,5,Completado
14194,2026-09-05,Cliente_411,Mouse Inalámbrico,30.0,5,Cancelado
14195,2026-07-06,Cliente_598,Laptop Pro 15,1200.0,-1,Completado
14196,2026-01-25,Cliente_119,Mouse Inalámbrico,30.0,4,Completado
14197,2026-05-12,Cliente_213,Silla Ergonómica,250.0,2,Cancelado
14198,2026-03-30,Cliente_296,Auriculares Noise-Canceling,150.0,2,Cancelado
14199,2026-09-03,Cliente_438,Auriculares Noise-Canceling,150.0,-1,Completado
14200,2026-07-24,Cliente_151,Monitor 4K,350.0,-1,Completado
14201,2026-03-12,Cliente_402,Auriculares Noise-Canceling,150.0,1,Pendiente
14202,2026-01-05,  Cliente_361  ,Laptop Pro 15,1200.0,3,Completado
14203,2026-07-24,Cliente_401,Silla Ergonómica,250.0,5,Completado
14204,2026-03-16,Cliente_392,Silla Ergonómica,250.0,0,Cancelado
14205,07/07/2026,Cliente_389,Silla Ergonómica,250.0,1,Completado
14206,2026-04-02,Cliente_402,Monitor 4K,350.0,0,Pendiente
14207,2026-07-06,Cliente_270,Mouse Inalámbrico,30.0,-1,Pendiente
14208,2026-07-14,Cliente_362,Mouse Inalámbrico,,3,Cancelado
14209,2026-06-26,Cliente_295,Silla Ergonómica,250.0,5,Cancelado
14210,2026-06-19,Cliente_374,Monitor 4K,350.0,4,Completado
14211,2026-07-14,Cliente_101,Auriculares Noise-Canceling,150.0,4,Cancelado
14212,2026-08-18,Cliente_324,Monitor 4K,350.0,1,Completado
14213,2026-04-19,Cliente_526,Mouse Inalámbrico,30.0,1,Pendiente
14214,2026-03-13,Cliente_305,Silla Ergonómica,250.0,-1,Cancelado
14215,2026-03-25,Cliente_395,Monitor 4K,350.0,1,Pendiente
14216,2026-01-21,Cliente_203,Teclado Mecánico,80.0,0,Completado
14217,2026-02-10,Cliente_422,Teclado Mecánico,80.0,4,Cancelado
14218,2026-01-23,Cliente_242,Mouse Inalámbrico,30.0,4,Completado
14219,2026-08-26,Cliente_555,Silla Ergonómica,250.0,3,Pendiente
14220,2026-07-22,Cliente_161,Teclado Mecánico,80.0,5,Pendiente
14221,2026-04-02,Cliente_309,Mouse Inalámbrico,30.0,0,Completado
14222,2026-06-06,Cliente_158,Teclado Mecánico,80.0,2,Cancelado
14223,2026-01-13,  Cliente_515  ,Auriculares Noise-Canceling,150.0,4,Completado
14224,2026-01-29,Cliente_528,Teclado Mecánico,80.0,5,Completado
14225,2026-06-16,Cliente_344,Laptop Pro 15,1200.0,4,Completado
14226,2026-07-22,Cliente_378,Teclado Mecánico,80.0,3,Completado
14227,2026-01-13,Cliente_384,Silla Ergonómica,250.0,2,Cancelado
14228,2026-07-25,  Cliente_143  ,Teclado Mecánico,80.0,4,Cancelado
14229,2026-03-18,Cliente_566,Laptop Pro 15,1200.0,5,Completado
14230,2026-07-23,Cliente_292,Teclado Mecánico,80.0,2,Pendiente
14231,2026-03-25,Cliente_278,Mouse Inalámbrico,30.0,2,Pendiente
14232,2026-01-11,Cliente_302,Laptop Pro 15,1200.0,3,Pendiente
14233,2026-06-12,Cliente_307,Mouse Inalámbrico,30.0,4,Pendiente
14234,2026-08-25,Cliente_303,Monitor 4K,350.0,1,Completado
14235,2026-07-01,Cliente_179,Auriculares Noise-Canceling,150.0,-1,Completado
14236,2026-07-25,Cliente_179,Mouse Inalámbrico,30.0,4,Completado
14237,2026-08-15,Cliente_470,Monitor 4K,350.0,1,Completado
14238,2026-03-29,Cliente_333,Auriculares Noise-Canceling,150.0,-1,Cancelado
14239,2026-03-08,Cliente_314,Monitor 4K,350.0,0,Cancelado
14240,2026-07-11,Cliente_248,Teclado Mecánico,80.0,4,Pendiente
14241,2026-08-01,  Cliente_347  ,Auriculares Noise-Canceling,150.0,5,Cancelado
14242,2026-04-27,Cliente_134,Silla Ergonómica,250.0,-1,Completado
14243,2026-01-25,Cliente_254,Laptop Pro 15,1200.0,4,Cancelado
14244,2026-03-12,Cliente_570,Monitor 4K,350.0,4,Completado
14245,2026-06-14,Cliente_500,Auriculares Noise-Canceling,150.0,5,Cancelado
14246,2026-07-19,Cliente_295,Mouse Inalámbrico,30.0,2,Completado
14247,2026-03-09,Cliente_414,Mouse Inalámbrico,,1,Completado
14248,2026-05-18,Cliente_322,Silla Ergonómica,250.0,0,Pendiente
14249,2026-09-01,Cliente_190,Laptop Pro 15,1200.0,2,Completado
14250,2026-05-05,Cliente_128,Auriculares Noise-Canceling,150.0,3,Completado
14251,2026-04-29,Cliente_404,Teclado Mecánico,80.0,1,Completado
14252,2026-03-06,Cliente_430,Silla Ergonómica,250.0,-1,Completado
14253,2026-07-29,Cliente_137,Teclado Mecánico,80.0,1,Completado
14254,2026-04-04,Cliente_583,Silla Ergonómica,250.0,0,Cancelado
14255,2026-06-15,Cliente_239,Teclado Mecánico,80.0,-1,Pendiente
14256,2026-04-06,Cliente_433,Teclado Mecánico,80.0,3,Cancelado
14257,2026-04-04,Cliente_375,Silla Ergonómica,250.0,0,Completado
14258,2026-07-21,Cliente_399,Auriculares Noise-Canceling,,5,Completado
14259,2026-08-26,Cliente_286,Mouse Inalámbrico,30.0,1,Pendiente
14260,2026-07-17,Cliente_372,Mouse Inalámbrico,30.0,5,Completado
14261,2026-06-17,Cliente_477,Monitor 4K,350.0,0,Completado
14262,2026-04-13,Cliente_229,Mouse Inalámbrico,,-1,Pendiente
14263,2026-06-21,Cliente_353,Silla Ergonómica,250.0,1,Completado
14264,2026-03-29,Cliente_393,Teclado Mecánico,80.0,1,Cancelado
14265,14/04/2026,Cliente_493,Silla Ergonómica,250.0,1,Pendiente
14266,2026-01-20,Cliente_110,Laptop Pro 15,1200.0,5,Cancelado
14267,2026-04-23,  Cliente_154  ,Silla Ergonómica,250.0,5,Pendiente
14268,2026-05-06,Cliente_118,Mouse Inalámbrico,30.0,4,Cancelado
14269,2026-04-12,Cliente_151,Monitor 4K,350.0,1,Completado
14270,2026-03-02,Cliente_500,Laptop Pro 15,1200.0,1,Cancelado
14271,2026-07-22,Cliente_202,Mouse Inalámbrico,30.0,4,Completado
14272,2026-06-02,Cliente_370,Teclado Mecánico,80.0,5,Pendiente
14273,2026-03-11,Cliente_210,Laptop Pro 15,1200.0,0,Completado
14274,06/06/2026,Cliente_200,Monitor 4K,350.0,5,Completado
14275,2026-02-12,Cliente_259,Monitor 4K,350.0,2,Completado
14276,2026-02-27,Cliente_573,Auriculares Noise-Canceling,150.0,2,Cancelado
14277,2026-06-27,Cliente_587,Mouse Inalámbrico,30.0,5,Completado
14278,2026-01-03,Cliente_442,Monitor 4K,350.0,5,Pendiente
14279,2026-04-22,Cliente_422,Silla Ergonómica,250.0,5,Cancelado
14280,2026-08-06,Cliente_599,Monitor 4K,350.0,-1,Pendiente
14281,2026-03-09,Cliente_585,Monitor 4K,350.0,2,Completado
14282,2026-04-20,Cliente_300,Monitor 4K,350.0,5,Completado
14283,2026-07-23,Cliente_201,Laptop Pro 15,1200.0,4,Completado
14284,2026-07-26,Cliente_182,Teclado Mecánico,80.0,0,Completado
14285,2026-09-08,Cliente_513,Auriculares Noise-Canceling,150.0,4,Completado
14286,2026-03-23,Cliente_489,Auriculares Noise-Canceling,150.0,2,Completado
14287,2026-02-24,Cliente_459,Silla Ergonómica,250.0,2,Completado
14288,2026-07-24,Cliente_150,Teclado Mecánico,80.0,-1,Cancelado
14289,2026-04-08,Cliente_210,Silla Ergonómica,250.0,4,Completado
14290,2026-02-22,Cliente_130,Auriculares Noise-Canceling,150.0,4,Cancelado
14291,2026-07-04,Cliente_588,Laptop Pro 15,1200.0,0,Completado
14292,2026-01-21,Cliente_581,Laptop Pro 15,1200.0,1,Completado
14293,2026-03-04,Cliente_368,Monitor 4K,,-1,Completado
14294,2026-02-13,Cliente_327,Teclado Mecánico,80.0,-1,Pendiente
14295,2026-04-12,Cliente_499,Laptop Pro 15,1200.0,3,Pendiente
14296,2026-06-19,  Cliente_316  ,Mouse Inalámbrico,30.0,3,Pendiente
14297,2026-02-06,Cliente_294,Laptop Pro 15,1200.0,0,Completado
14298,2026-01-17,Cliente_530,Laptop Pro 15,1200.0,4,Completado
14299,2026-08-05,Cliente_369,Laptop Pro 15,1200.0,-1,Cancelado
14300,2026-05-28,Cliente_517,Laptop Pro 15,1200.0,-1,Completado
14301,2026-07-23,Cliente_269,Silla Ergonómica,250.0,5,Cancelado
14302,13/04/2026,Cliente_143,Mouse Inalámbrico,30.0,-1,Completado
14303,2026-07-23,Cliente_229,Auriculares Noise-Canceling,150.0,2,Completado
14304,2026-02-28,Cliente_108,Auriculares Noise-Canceling,150.0,5,Completado
14305,2026-06-24,Cliente_331,Silla Ergonómica,250.0,4,Cancelado
14306,2026-02-18,Cliente_152,Laptop Pro 15,1200.0,1,Cancelado
14307,2026-03-12,Cliente_337,Monitor 4K,350.0,2,Completado
14308,2026-07-06,Cliente_304,Monitor 4K,350.0,0,Completado
14309,2026-04-19,Cliente_158,Monitor 4K,350.0,-1,Completado
14310,12/05/2026,Cliente_242,Auriculares Noise-Canceling,150.0,2,Cancelado
14311,2026-05-09,Cliente_488,Monitor 4K,350.0,1,Completado
14312,2026-04-03,  Cliente_310  ,Silla Ergonómica,250.0,4,Completado
14313,2026-05-27,Cliente_294,Laptop Pro 15,1200.0,1,Completado
14314,2026-01-13,Cliente_256,Laptop Pro 15,,0,Completado
14315,2026-03-26,Cliente_393,Monitor 4K,350.0,0,Cancelado
14316,2026-03-28,  Cliente_213  ,Silla Ergonómica,250.0,3,Cancelado
14317,29/06/2026,  Cliente_349  ,Mouse Inalámbrico,30.0,2,Completado
14318,2026-05-27,Cliente_558,Teclado Mecánico,80.0,2,Completado
14319,2026-01-24,Cliente_269,Teclado Mecánico,80.0,4,Completado
14320,2026-06-01,Cliente_385,Auriculares Noise-Canceling,150.0,5,Completado
14321,2026-04-27,Cliente_386,Mouse Inalámbrico,30.0,1,Pendiente
14322,2026-01-03,Cliente_132,Mouse Inalámbrico,30.0,4,Completado
14323,2026-05-31,Cliente_577,Teclado Mecánico,80.0,4,Pendiente
14324,2026-06-13,Cliente_141,Silla Ergonómica,250.0,5,Completado
14325,2026-04-18,Cliente_506,Laptop Pro 15,1200.0,0,Pendiente
14326,2026-08-11,Cliente_236,Teclado Mecánico,80.0,2,Completado
14327,2026-03-19,Cliente_401,Teclado Mecánico,80.0,3,Pendiente
14328,2026-03-30,Cliente_148,Silla Ergonómica,250.0,5,Completado
14329,2026-08-06,Cliente_500,Teclado Mecánico,80.0,-1,Completado
14330,2026-08-01,Cliente_312,Auriculares Noise-Canceling,150.0,1,Completado
14331,2026-08-14,Cliente_258,Laptop Pro 15,1200.0,3,Completado
14332,2026-05-12,Cliente_177,Silla Ergonómica,250.0,2,Pendiente
14333,2026-05-10,Cliente_252,Monitor 4K,350.0,4,Completado
14334,2026-06-25,Cliente_590,Monitor 4K,350.0,3,Completado
14335,2026-06-01,Cliente_471,Silla Ergonómica,250.0,5,Completado
14336,2026-02-03,  Cliente_366  ,Silla Ergonómica,250.0,2,Cancelado
14337,2026-04-23,Cliente_553,Mouse Inalámbrico,30.0,5,Pendiente
14338,2026-05-26,Cliente_206,Auriculares Noise-Canceling,150.0,-1,Pendiente
14339,2026-08-14,Cliente_195,Monitor 4K,350.0,2,Pendiente
14340,2026-07-14,  Cliente_325  ,Laptop Pro 15,1200.0,-1,Completado
14341,2026-06-19,Cliente_196,Laptop Pro 15,1200.0,3,Pendiente
14342,2026-02-21,Cliente_248,Auriculares Noise-Canceling,150.0,4,Completado
14343,2026-02-25,  Cliente_174  ,Silla Ergonómica,250.0,0,Completado
14344,2026-07-01,Cliente_517,Teclado Mecánico,80.0,-1,Pendiente
14345,23/08/2026,Cliente_449,Auriculares Noise-Canceling,150.0,1,Cancelado
14346,2026-08-14,Cliente_376,Teclado Mecánico,80.0,0,Completado
14347,2026-05-04,Cliente_225,Auriculares Noise-Canceling,150.0,0,Completado
14348,2026-05-16,Cliente_230,Laptop Pro 15,1200.0,5,Cancelado
14349,2026-03-04,Cliente_275,Teclado Mecánico,80.0,2,Cancelado
14350,2026-03-07,Cliente_106,Silla Ergonómica,250.0,5,Completado
14351,2026-03-05,Cliente_266,Teclado Mecánico,80.0,3,Pendiente
14352,2026-05-03,Cliente_116,Teclado Mecánico,80.0,1,Pendiente
14353,2026-06-23,Cliente_115,Auriculares Noise-Canceling,150.0,2,Completado
14354,2026-08-16,Cliente_228,Silla Ergonómica,250.0,0,Pendiente
14355,2026-08-20,Cliente_468,Laptop Pro 15,1200.0,-1,Pendiente
14356,2026-02-03,Cliente_439,Mouse Inalámbrico,30.0,3,Pendiente
14357,2026-05-13,Cliente_554,Auriculares Noise-Canceling,150.0,2,Completado
14358,2026-07-24,Cliente_286,Teclado Mecánico,80.0,5,Cancelado
14359,2026-03-18,Cliente_259,Laptop Pro 15,1200.0,4,Completado
14360,2026-01-02,Cliente_360,Monitor 4K,350.0,0,Completado
14361,2026-03-21,Cliente_350,Teclado Mecánico,80.0,-1,Completado
14362,2026-06-30,Cliente_475,Monitor 4K,350.0,0,Completado
14363,2026-08-31,Cliente_288,Laptop Pro 15,1200.0,2,Pendiente
14364,2026-06-28,Cliente_543,Teclado Mecánico,80.0,3,Completado
14365,09/07/2026,Cliente_433,Mouse Inalámbrico,30.0,5,Completado
14366,2026-03-06,Cliente_330,Teclado Mecánico,80.0,4,Completado
14367,2026-08-21,  Cliente_374  ,Monitor 4K,350.0,2,Completado
14368,2026-05-27,Cliente_107,Silla Ergonómica,250.0,5,Cancelado
14369,2026-04-12,Cliente_211,Mouse Inalámbrico,30.0,0,Completado
14370,2026-04-25,Cliente_272,Mouse Inalámbrico,30.0,-1,Completado
14371,2026-06-19,  Cliente_480  ,Monitor 4K,350.0,2,Cancelado
14372,04/04/2026,Cliente_149,Silla Ergonómica,250.0,4,Completado
14373,2026-06-21,Cliente_348,Auriculares Noise-Canceling,150.0,3,Cancelado
14374,2026-08-06,Cliente_162,Monitor 4K,350.0,3,Cancelado
14375,2026-02-08,Cliente_461,Silla Ergonómica,250.0,0,Pendiente
14376,2026-07-13,Cliente_202,Laptop Pro 15,1200.0,3,Completado
14377,2026-08-29,Cliente_594,Auriculares Noise-Canceling,150.0,-1,Completado
14378,2026-07-25,Cliente_209,Teclado Mecánico,80.0,-1,Pendiente
14379,2026-07-21,Cliente_563,Laptop Pro 15,1200.0,0,Pendiente
14380,2026-03-21,Cliente_594,Teclado Mecánico,80.0,-1,Completado
14381,2026-02-10,Cliente_311,Auriculares Noise-Canceling,150.0,5,Completado
14382,2026-02-15,Cliente_136,Auriculares Noise-Canceling,150.0,3,Cancelado
14383,2026-04-22,Cliente_431,Mouse Inalámbrico,30.0,0,Pendiente
14384,2026-06-12,Cliente_198,Mouse Inalámbrico,30.0,5,Completado
14385,2026-06-04,Cliente_185,Teclado Mecánico,80.0,2,Pendiente
14386,2026-07-02,Cliente_486,Teclado Mecánico,80.0,1,Completado
14387,2026-06-07,  Cliente_181  ,Auriculares Noise-Canceling,150.0,4,Completado
14388,2026-03-17,Cliente_429,Monitor 4K,350.0,3,Pendiente
14389,2026-01-13,Cliente_470,Auriculares Noise-Canceling,150.0,-1,Completado
14390,2026-05-03,Cliente_217,Auriculares Noise-Canceling,150.0,4,Completado
14391,2026-08-02,Cliente_456,Monitor 4K,350.0,4,Completado
14392,2026-06-03,Cliente_501,Teclado Mecánico,80.0,-1,Cancelado
14393,2026-09-07,Cliente_423,Laptop Pro 15,1200.0,1,Completado
14394,2026-07-01,Cliente_584,Silla Ergonómica,250.0,2,Pendiente
14395,2026-03-08,Cliente_134,Monitor 4K,350.0,2,Completado
14396,2026-06-12,  Cliente_106  ,Mouse Inalámbrico,30.0,5,Completado
14397,2026-06-06,Cliente_269,Monitor 4K,350.0,5,Completado
14398,2026-06-13,Cliente_376,Mouse Inalámbrico,30.0,0,Completado
14399,2026-07-21,Cliente_347,Auriculares Noise-Canceling,150.0,2,Completado
14400,2026-02-12,  Cliente_187  ,Teclado Mecánico,80.0,3,Completado
14401,25/03/2026,Cliente_307,Silla Ergonómica,250.0,4,Completado
14402,2026-09-06,Cliente_461,Monitor 4K,350.0,-1,Pendiente
14403,2026-06-15,  Cliente_531  ,Teclado Mecánico,80.0,2,Completado
14404,2026-03-25,Cliente_462,Mouse Inalámbrico,30.0,0,Completado
14405,2026-04-13,Cliente_164,Silla Ergonómica,250.0,0,Cancelado
14406,2026-04-24,  Cliente_322  ,Monitor 4K,350.0,4,Completado
14407,2026-06-25,Cliente_219,Auriculares Noise-Canceling,150.0,0,Cancelado
14408,2026-06-21,Cliente_499,Laptop Pro 15,1200.0,5,Completado
14409,2026-02-26,Cliente_456,Silla Ergonómica,250.0,3,Completado
14410,2026-02-26,Cliente_557,Monitor 4K,350.0,5,Pendiente
14411,2026-06-23,Cliente_530,Monitor 4K,350.0,0,Completado
14412,2026-03-17,Cliente_179,Monitor 4K,350.0,-1,Completado
14413,2026-07-29,Cliente_466,Laptop Pro 15,1200.0,3,Completado
14414,13/04/2026,Cliente_138,Monitor 4K,350.0,-1,Completado
14415,2026-01-23,  Cliente_463  ,Monitor 4K,350.0,5,Completado
14416,2026-09-02,  Cliente_401  ,Teclado Mecánico,80.0,2,Completado
14417,2026-03-18,Cliente_446,Teclado Mecánico,80.0,4,Pendiente
14418,2026-07-28,Cliente_291,Teclado Mecánico,80.0,3,Completado
14419,2026-08-29,Cliente_119,Monitor 4K,350.0,3,Cancelado
14420,2026-09-07,Cliente_476,Laptop Pro 15,1200.0,5,Completado
14421,2026-06-06,Cliente_259,Teclado Mecánico,80.0,0,Completado
14422,2026-05-08,Cliente_455,Auriculares Noise-Canceling,150.0,2,Completado
14423,2026-04-21,Cliente_301,Teclado Mecánico,80.0,-1,Completado
14424,04/03/2026,Cliente_310,Auriculares Noise-Canceling,150.0,0,Pendiente
14425,2026-06-21,Cliente_139,Laptop Pro 15,1200.0,0,Cancelado
14426,03/02/2026,Cliente_262,Silla Ergonómica,250.0,4,Completado
14427,2026-02-09,Cliente_249,Mouse Inalámbrico,30.0,-1,Cancelado
14428,2026-06-16,Cliente_442,Auriculares Noise-Canceling,150.0,3,Pendiente
14429,2026-06-27,Cliente_211,Mouse Inalámbrico,30.0,1,Completado
14430,2026-01-12,Cliente_156,Auriculares Noise-Canceling,150.0,5,Completado
14431,2026-06-03,  Cliente_211  ,Mouse Inalámbrico,30.0,5,Cancelado
14432,2026-01-10,Cliente_207,Auriculares Noise-Canceling,150.0,-1,Pendiente
14433,2026-04-15,Cliente_159,Silla Ergonómica,250.0,0,Pendiente
14434,2026-06-25,  Cliente_519  ,Silla Ergonómica,250.0,1,Pendiente
14435,2026-06-01,Cliente_439,Auriculares Noise-Canceling,150.0,1,Pendiente
14436,15/05/2026,Cliente_191,Auriculares Noise-Canceling,150.0,0,Pendiente
14437,2026-06-13,Cliente_471,Monitor 4K,350.0,0,Completado
14438,2026-06-11,Cliente_180,Silla Ergonómica,250.0,5,Completado
14439,2026-07-06,Cliente_215,Teclado Mecánico,80.0,-1,Completado
14440,2026-09-01,Cliente_328,Auriculares Noise-Canceling,150.0,5,Cancelado
14441,2026-03-07,Cliente_429,Auriculares Noise-Canceling,150.0,3,Completado
14442,2026-03-08,Cliente_141,Auriculares Noise-Canceling,150.0,2,Completado
14443,2026-07-05,Cliente_364,Auriculares Noise-Canceling,150.0,2,Completado
14444,2026-01-26,Cliente_558,Laptop Pro 15,1200.0,1,Completado
14445,2026-04-04,Cliente_508,Teclado Mecánico,80.0,1,Completado
14446,2026-08-23,  Cliente_125  ,Teclado Mecánico,80.0,5,Pendiente
14447,2026-02-04,  Cliente_117  ,Monitor 4K,350.0,0,Completado
14448,2026-05-01,Cliente_495,Mouse Inalámbrico,30.0,5,Pendiente
14449,2026-06-26,  Cliente_354  ,Monitor 4K,,0,Completado
14450,2026-03-14,Cliente_291,Auriculares Noise-Canceling,150.0,5,Completado
14451,2026-02-05,Cliente_130,Laptop Pro 15,1200.0,0,Completado
14452,2026-03-17,  Cliente_276  ,Teclado Mecánico,80.0,4,Completado
14453,2026-05-31,  Cliente_389  ,Auriculares Noise-Canceling,150.0,4,Completado
14454,2026-05-14,Cliente_222,Auriculares Noise-Canceling,150.0,2,Completado
14455,2026-07-24,Cliente_204,Teclado Mecánico,80.0,2,Completado
14456,2026-01-08,Cliente_115,Monitor 4K,350.0,5,Completado
14457,2026-02-27,Cliente_580,Monitor 4K,350.0,3,Pendiente
14458,2026-05-25,Cliente_391,Silla Ergonómica,250.0,1,Pendiente
14459,2026-05-12,Cliente_179,Teclado Mecánico,80.0,2,Completado
14460,2026-02-07,Cliente_181,Teclado Mecánico,80.0,3,Pendiente
14461,05/03/2026,  Cliente_166  ,Teclado Mecánico,80.0,-1,Completado
14462,2026-08-07,Cliente_332,Teclado Mecánico,80.0,2,Completado
14463,08/07/2026,Cliente_389,Monitor 4K,350.0,4,Completado
14464,2026-08-09,Cliente_496,Laptop Pro 15,1200.0,5,Completado
14465,2026-05-19,Cliente_464,Teclado Mecánico,80.0,2,Completado
14466,2026-07-17,Cliente_251,Monitor 4K,350.0,2,Cancelado
14467,2026-01-22,Cliente_314,Laptop Pro 15,1200.0,2,Pendiente
14468,2026-08-08,Cliente_516,Mouse Inalámbrico,30.0,5,Completado
14469,2026-06-27,Cliente_233,Teclado Mecánico,80.0,0,Completado
14470,2026-03-04,Cliente_137,Auriculares Noise-Canceling,150.0,2,Completado
14471,2026-01-19,  Cliente_583  ,Mouse Inalámbrico,30.0,1,Completado
14472,2026-06-11,Cliente_295,Auriculares Noise-Canceling,150.0,0,Completado
14473,2026-05-27,Cliente_443,Teclado Mecánico,80.0,3,Pendiente
14474,2026-01-24,Cliente_504,Laptop Pro 15,,2,Cancelado
14475,2026-07-24,Cliente_512,Silla Ergonómica,250.0,-1,Completado
14476,2026-03-19,Cliente_555,Mouse Inalámbrico,30.0,4,Pendiente
14477,06/09/2026,Cliente_133,Auriculares Noise-Canceling,150.0,5,Completado
14478,2026-01-27,Cliente_365,Laptop Pro 15,1200.0,0,Cancelado
14479,2026-08-24,Cliente_276,Silla Ergonómica,250.0,-1,Completado
14480,21/06/2026,Cliente_401,Monitor 4K,350.0,-1,Completado
14481,2026-07-10,Cliente_394,Mouse Inalámbrico,30.0,1,Completado
14482,2026-04-28,Cliente_358,Mouse Inalámbrico,30.0,1,Completado
14483,2026-07-15,Cliente_282,Laptop Pro 15,1200.0,1,Completado
14484,2026-06-19,Cliente_268,Teclado Mecánico,80.0,5,Cancelado
14485,2026-02-26,Cliente_114,Teclado Mecánico,80.0,2,Pendiente
14486,2026-09-06,Cliente_572,Teclado Mecánico,80.0,4,Completado
14487,2026-02-28,Cliente_463,Auriculares Noise-Canceling,150.0,0,Cancelado
14488,2026-03-18,Cliente_594,Teclado Mecánico,80.0,5,Pendiente
14489,2026-03-31,Cliente_331,Laptop Pro 15,1200.0,2,Completado
14490,2026-08-31,Cliente_574,Silla Ergonómica,250.0,-1,Completado
14491,2026-06-04,  Cliente_374  ,Silla Ergonómica,250.0,-1,Completado
14492,12/04/2026,Cliente_216,Teclado Mecánico,80.0,-1,Completado
14493,2026-04-13,Cliente_367,Laptop Pro 15,1200.0,2,Completado
14494,2026-05-13,Cliente_518,Auriculares Noise-Canceling,150.0,4,Cancelado
14495,2026-03-05,  Cliente_433  ,Teclado Mecánico,80.0,2,Completado
14496,2026-07-12,Cliente_103,Laptop Pro 15,1200.0,2,Pendiente
14497,2026-06-02,Cliente_259,Monitor 4K,350.0,1,Completado
14498,2026-01-19,Cliente_554,Laptop Pro 15,1200.0,-1,Cancelado
14499,2026-03-13,  Cliente_119  ,Silla Ergonómica,250.0,5,Completado
14500,2026-07-27,  Cliente_598  ,Laptop Pro 15,1200.0,1,Cancelado
14501,2026-06-19,Cliente_441,Mouse Inalámbrico,30.0,0,Cancelado
14502,2026-08-29,Cliente_292,Silla Ergonómica,250.0,4,Cancelado
14503,2026-07-06,  Cliente_209  ,Laptop Pro 15,1200.0,4,Completado
14504,2026-06-27,  Cliente_417  ,Laptop Pro 15,1200.0,5,Cancelado
14505,2026-07-04,Cliente_210,Monitor 4K,350.0,2,Completado
14506,2026-01-27,Cliente_221,Silla Ergonómica,250.0,4,Completado
14507,2026-02-09,Cliente_568,Auriculares Noise-Canceling,150.0,5,Pendiente
14508,2026-05-24,Cliente_516,Silla Ergonómica,250.0,0,Cancelado
14509,2026-02-09,Cliente_419,Mouse Inalámbrico,30.0,4,Pendiente
14510,2026-08-25,Cliente_141,Auriculares Noise-Canceling,150.0,-1,Completado
14511,2026-08-23,Cliente_347,Auriculares Noise-Canceling,150.0,-1,Pendiente
14512,2026-01-26,Cliente_429,Laptop Pro 15,1200.0,1,Completado
14513,2026-02-01,Cliente_468,Teclado Mecánico,80.0,0,Completado
14514,2026-02-18,Cliente_414,Laptop Pro 15,1200.0,5,Completado
14515,2026-05-17,Cliente_404,Teclado Mecánico,80.0,2,Pendiente
14516,2026-06-15,Cliente_422,Laptop Pro 15,1200.0,1,Pendiente
14517,2026-03-06,Cliente_222,Laptop Pro 15,1200.0,0,Pendiente
14518,2026-04-12,Cliente_303,Silla Ergonómica,250.0,-1,Cancelado
14519,2026-06-16,Cliente_537,Monitor 4K,350.0,0,Completado
14520,2026-01-13,Cliente_104,Auriculares Noise-Canceling,150.0,2,Completado
14521,2026-04-19,  Cliente_268  ,Silla Ergonómica,250.0,-1,Completado
14522,2026-09-05,Cliente_230,Auriculares Noise-Canceling,150.0,3,Cancelado
14523,01/03/2026,Cliente_538,Silla Ergonómica,250.0,0,Cancelado
14524,2026-03-19,Cliente_538,Auriculares Noise-Canceling,150.0,5,Pendiente
14525,2026-08-16,Cliente_587,Auriculares Noise-Canceling,150.0,5,Cancelado
14526,2026-01-19,Cliente_212,Mouse Inalámbrico,30.0,0,Completado
14527,2026-08-31,Cliente_339,Auriculares Noise-Canceling,150.0,4,Pendiente
14528,2026-02-05,Cliente_411,Teclado Mecánico,80.0,4,Completado
14529,2026-07-12,  Cliente_210  ,Auriculares Noise-Canceling,150.0,0,Pendiente
14530,2026-06-10,  Cliente_423  ,Teclado Mecánico,80.0,2,Completado
14531,2026-06-26,Cliente_160,Laptop Pro 15,1200.0,2,Cancelado
14532,2026-06-06,Cliente_421,Monitor 4K,350.0,0,Pendiente
14533,2026-02-27,Cliente_176,Mouse Inalámbrico,30.0,-1,Completado
14534,2026-02-05,Cliente_276,Silla Ergonómica,250.0,0,Cancelado
14535,2026-04-27,Cliente_513,Monitor 4K,350.0,4,Completado
14536,2026-06-04,Cliente_234,Mouse Inalámbrico,30.0,0,Cancelado
14537,2026-02-17,Cliente_261,Teclado Mecánico,80.0,0,Pendiente
14538,2026-09-04,Cliente_490,Teclado Mecánico,80.0,4,Pendiente
14539,2026-09-06,Cliente_547,Silla Ergonómica,250.0,2,Completado
14540,07/03/2026,Cliente_319,Teclado Mecánico,80.0,0,Cancelado
14541,2026-03-27,Cliente_531,Laptop Pro 15,1200.0,2,Completado
14542,2026-06-13,Cliente_495,Auriculares Noise-Canceling,150.0,5,Completado
14543,2026-04-02,  Cliente_573  ,Mouse Inalámbrico,30.0,3,Completado
14544,2026-03-02,Cliente_589,Laptop Pro 15,1200.0,1,Completado
14545,05/07/2026,Cliente_303,Mouse Inalámbrico,30.0,4,Completado
14546,2026-01-02,  Cliente_508  ,Monitor 4K,350.0,1,Completado
14547,2026-04-30,Cliente_351,Teclado Mecánico,80.0,3,Pendiente
14548,2026-08-07,Cliente_351,Auriculares Noise-Canceling,150.0,5,Completado
14549,2026-07-04,Cliente_231,Laptop Pro 15,1200.0,4,Completado
14550,2026-09-04,Cliente_301,Laptop Pro 15,1200.0,4,Completado
14551,2026-04-11,Cliente_282,Monitor 4K,350.0,2,Pendiente
14552,2026-03-16,Cliente_385,Mouse Inalámbrico,30.0,0,Completado
14553,2026-04-03,  Cliente_122  ,Monitor 4K,350.0,5,Completado
14554,2026-09-04,Cliente_396,Laptop Pro 15,1200.0,3,Completado
14555,2026-08-21,Cliente_593,Silla Ergonómica,250.0,3,Completado
14556,2026-05-15,Cliente_368,Laptop Pro 15,1200.0,2,Completado
14557,2026-07-15,Cliente_281,Silla Ergonómica,250.0,4,Cancelado
14558,2026-01-17,Cliente_104,Teclado Mecánico,80.0,-1,Completado
14559,2026-06-22,Cliente_525,Auriculares Noise-Canceling,150.0,3,Completado
14560,2026-06-11,Cliente_208,Mouse Inalámbrico,30.0,2,Completado
14561,2026-01-24,Cliente_270,Monitor 4K,350.0,4,Completado
14562,2026-06-08,  Cliente_159  ,Laptop Pro 15,1200.0,-1,Cancelado
14563,2026-02-23,Cliente_189,Teclado Mecánico,80.0,0,Completado
14564,24/03/2026,Cliente_224,Monitor 4K,350.0,2,Cancelado
14565,2026-02-06,Cliente_450,Monitor 4K,,0,Completado
14566,2026-01-30,Cliente_395,Monitor 4K,350.0,1,Cancelado
14567,2026-01-29,  Cliente_411  ,Monitor 4K,350.0,3,Pendiente
14568,2026-06-06,Cliente_319,Monitor 4K,350.0,5,Cancelado
14569,08/08/2026,  Cliente_206  ,Mouse Inalámbrico,30.0,1,Completado
14570,2026-01-26,Cliente_300,Teclado Mecánico,80.0,-1,Completado
14571,2026-03-16,Cliente_248,Auriculares Noise-Canceling,150.0,-1,Completado
14572,2026-05-06,Cliente_149,Auriculares Noise-Canceling,,1,Completado
14573,2026-01-01,Cliente_365,Auriculares Noise-Canceling,150.0,5,Completado
14574,2026-06-17,Cliente_110,Laptop Pro 15,1200.0,-1,Pendiente
14575,2026-07-04,Cliente_475,Auriculares Noise-Canceling,150.0,4,Completado
14576,2026-06-28,Cliente_182,Teclado Mecánico,80.0,4,Completado
14577,2026-05-09,Cliente_267,Monitor 4K,350.0,3,Completado
14578,2026-08-24,Cliente_280,Mouse Inalámbrico,30.0,4,Completado
14579,2026-02-14,Cliente_308,Silla Ergonómica,250.0,1,Completado
14580,2026-08-23,Cliente_160,Auriculares Noise-Canceling,150.0,5,Completado
14581,2026-04-29,Cliente_193,Teclado Mecánico,80.0,4,Cancelado
14582,2026-04-24,  Cliente_143  ,Auriculares Noise-Canceling,150.0,2,Cancelado
14583,2026-04-02,Cliente_594,Laptop Pro 15,1200.0,-1,Cancelado
14584,2026-08-03,Cliente_161,Auriculares Noise-Canceling,,5,Completado
14585,2026-02-26,Cliente_558,Teclado Mecánico,80.0,0,Completado
14586,2026-08-14,Cliente_406,Silla Ergonómica,250.0,4,Completado
14587,2026-04-24,Cliente_265,Silla Ergonómica,250.0,3,Cancelado
14588,2026-07-24,Cliente_404,Laptop Pro 15,1200.0,0,Completado
14589,2026-02-06,Cliente_598,Silla Ergonómica,250.0,1,Completado
14590,2026-01-01,Cliente_300,Teclado Mecánico,80.0,4,Completado
14591,2026-08-13,Cliente_156,Auriculares Noise-Canceling,150.0,-1,Completado
14592,2026-05-14,Cliente_464,Monitor 4K,350.0,0,Pendiente
14593,2026-04-21,Cliente_335,Laptop Pro 15,,3,Completado
14594,2026-05-31,Cliente_365,Monitor 4K,350.0,4,Completado
14595,2026-01-28,Cliente_563,Laptop Pro 15,1200.0,2,Completado
14596,2026-05-28,Cliente_346,Silla Ergonómica,250.0,3,Cancelado
14597,2026-06-28,Cliente_269,Monitor 4K,350.0,4,Completado
14598,2026-08-14,Cliente_377,Monitor 4K,350.0,4,Completado
14599,2026-05-24,Cliente_584,Monitor 4K,350.0,4,Cancelado
14600,2026-03-08,Cliente_493,Mouse Inalámbrico,30.0,-1,Cancelado
14601,2026-08-18,  Cliente_566  ,Mouse Inalámbrico,30.0,0,Completado
14602,2026-09-08,Cliente_399,Mouse Inalámbrico,30.0,3,Completado
14603,2026-03-06,Cliente_438,Teclado Mecánico,80.0,4,Completado
14604,2026-08-20,Cliente_398,Teclado Mecánico,80.0,-1,Pendiente
14605,2026-06-17,Cliente_246,Monitor 4K,350.0,5,Pendiente
14606,2026-08-28,Cliente_116,Teclado Mecánico,80.0,-1,Completado
14607,2026-08-24,Cliente_208,Monitor 4K,350.0,4,Completado
14608,2026-04-29,Cliente_128,Silla Ergonómica,250.0,5,Cancelado
14609,2026-07-13,Cliente_360,Mouse Inalámbrico,30.0,5,Pendiente
14610,2026-05-03,Cliente_294,Teclado Mecánico,80.0,5,Completado
14611,2026-02-23,Cliente_456,Teclado Mecánico,80.0,2,Pendiente
14612,2026-04-30,Cliente_339,Silla Ergonómica,250.0,5,Completado
14613,2026-06-14,Cliente_114,Silla Ergonómica,250.0,0,Pendiente
14614,2026-02-18,Cliente_177,Auriculares Noise-Canceling,150.0,2,Cancelado
14615,2026-05-29,Cliente_310,Teclado Mecánico,80.0,0,Completado
14616,2026-07-06,Cliente_123,Monitor 4K,350.0,1,Completado
14617,2026-02-20,Cliente_262,Monitor 4K,350.0,4,Completado
14618,2026-03-14,Cliente_161,Teclado Mecánico,80.0,4,Completado
14619,2026-02-02,Cliente_596,Teclado Mecánico,80.0,-1,Pendiente
14620,15/08/2026,Cliente_269,Mouse Inalámbrico,30.0,2,Completado
14621,2026-01-11,Cliente_332,Silla Ergonómica,250.0,1,Completado
14622,2026-02-19,Cliente_138,Laptop Pro 15,1200.0,-1,Completado
14623,2026-07-24,Cliente_241,Teclado Mecánico,80.0,5,Pendiente
14624,2026-08-26,Cliente_228,Laptop Pro 15,1200.0,-1,Completado
14625,2026-01-04,Cliente_503,Silla Ergonómica,250.0,4,Completado
14626,2026-02-13,Cliente_179,Laptop Pro 15,1200.0,2,Cancelado
14627,2026-04-09,Cliente_287,Silla Ergonómica,250.0,4,Pendiente
14628,2026-03-07,Cliente_580,Auriculares Noise-Canceling,150.0,0,Completado
14629,2026-02-24,Cliente_309,Teclado Mecánico,80.0,-1,Pendiente
14630,2026-07-25,Cliente_411,Laptop Pro 15,1200.0,2,Completado
14631,2026-05-28,Cliente_199,Monitor 4K,350.0,2,Completado
14632,2026-02-15,  Cliente_367  ,Teclado Mecánico,80.0,2,Completado
14633,2026-08-02,Cliente_520,Mouse Inalámbrico,30.0,4,Pendiente
14634,2026-05-25,Cliente_132,Auriculares Noise-Canceling,,4,Completado
14635,2026-01-10,Cliente_411,Silla Ergonómica,,-1,Pendiente
14636,2026-01-28,Cliente_448,Laptop Pro 15,1200.0,-1,Completado
14637,2026-01-09,Cliente_414,Monitor 4K,350.0,0,Cancelado
14638,2026-01-19,Cliente_473,Mouse Inalámbrico,30.0,-1,Completado
14639,2026-07-08,Cliente_402,Silla Ergonómica,250.0,4,Completado
14640,2026-06-16,Cliente_501,Silla Ergonómica,250.0,3,Completado
14641,2026-02-10,  Cliente_144  ,Laptop Pro 15,1200.0,0,Pendiente
14642,2026-05-11,Cliente_175,Laptop Pro 15,1200.0,3,Pendiente
14643,2026-03-22,Cliente_128,Mouse Inalámbrico,30.0,0,Cancelado
14644,2026-07-22,Cliente_328,Teclado Mecánico,80.0,3,Cancelado
14645,2026-06-19,Cliente_455,Monitor 4K,350.0,0,Completado
14646,2026-05-22,Cliente_396,Laptop Pro 15,1200.0,0,Completado
14647,2026-03-24,Cliente_397,Teclado Mecánico,80.0,2,Completado
14648,2026-06-27,Cliente_520,Mouse Inalámbrico,30.0,5,Pendiente
14649,2026-07-29,Cliente_570,Teclado Mecánico,80.0,4,Completado
14650,2026-03-06,Cliente_456,Teclado Mecánico,80.0,2,Cancelado
14651,2026-06-28,  Cliente_457  ,Auriculares Noise-Canceling,150.0,2,Pendiente
14652,2026-04-22,Cliente_128,Teclado Mecánico,80.0,2,Cancelado
14653,2026-05-20,Cliente_179,Auriculares Noise-Canceling,150.0,2,Pendiente
14654,2026-02-07,Cliente_508,Auriculares Noise-Canceling,150.0,3,Completado
14655,07/01/2026,Cliente_325,Silla Ergonómica,250.0,2,Completado
14656,2026-03-27,Cliente_118,Mouse Inalámbrico,30.0,3,Pendiente
14657,2026-08-03,Cliente_454,Auriculares Noise-Canceling,150.0,5,Pendiente
14658,2026-08-03,Cliente_396,Mouse Inalámbrico,30.0,2,Completado
14659,2026-08-14,Cliente_164,Monitor 4K,350.0,3,Completado
14660,2026-06-22,Cliente_292,Monitor 4K,350.0,1,Completado
14661,2026-09-08,Cliente_144,Mouse Inalámbrico,30.0,-1,Completado
14662,2026-01-31,  Cliente_460  ,Auriculares Noise-Canceling,,2,Cancelado
14663,2026-04-04,Cliente_153,Silla Ergonómica,250.0,2,Pendiente
14664,2026-07-31,Cliente_342,Mouse Inalámbrico,30.0,4,Completado
14665,2026-04-24,Cliente_475,Monitor 4K,350.0,3,Pendiente
14666,2026-01-14,Cliente_443,Silla Ergonómica,250.0,1,Completado
14667,2026-01-14,Cliente_101,Laptop Pro 15,1200.0,5,Completado
14668,15/02/2026,Cliente_472,Laptop Pro 15,1200.0,4,Completado
14669,2026-06-25,Cliente_184,Monitor 4K,350.0,1,Completado
14670,2026-06-22,  Cliente_107  ,Silla Ergonómica,250.0,0,Pendiente
14671,2026-06-15,Cliente_238,Teclado Mecánico,80.0,5,Completado
14672,2026-08-10,Cliente_405,Silla Ergonómica,250.0,3,Pendiente
14673,2026-02-08,Cliente_278,Silla Ergonómica,250.0,5,Cancelado
14674,2026-01-22,Cliente_245,Silla Ergonómica,250.0,4,Completado
14675,2026-08-29,Cliente_121,Teclado Mecánico,80.0,0,Completado
14676,2026-07-19,Cliente_580,Laptop Pro 15,1200.0,0,Completado
14677,2026-05-27,Cliente_480,Mouse Inalámbrico,30.0,5,Cancelado
14678,2026-04-07,Cliente_562,Mouse Inalámbrico,30.0,-1,Completado
14679,2026-07-23,Cliente_514,Auriculares Noise-Canceling,150.0,2,Cancelado
14680,2026-07-05,Cliente_416,Silla Ergonómica,250.0,1,Cancelado
14681,2026-01-15,Cliente_364,Laptop Pro 15,1200.0,3,Completado
14682,2026-04-02,Cliente_446,Auriculares Noise-Canceling,150.0,1,Completado
14683,2026-02-23,Cliente_324,Teclado Mecánico,,3,Completado
14684,2026-01-25,Cliente_156,Monitor 4K,350.0,2,Completado
14685,2026-06-27,Cliente_510,Silla Ergonómica,250.0,4,Cancelado
14686,2026-05-22,Cliente_413,Teclado Mecánico,80.0,2,Completado
14687,2026-07-31,  Cliente_283  ,Auriculares Noise-Canceling,150.0,0,Completado
14688,2026-07-05,Cliente_333,Auriculares Noise-Canceling,150.0,-1,Completado
14689,2026-01-11,  Cliente_489  ,Silla Ergonómica,250.0,3,Completado
14690,2026-09-05,Cliente_416,Silla Ergonómica,250.0,1,Completado
14691,2026-02-11,Cliente_524,Laptop Pro 15,1200.0,1,Cancelado
14692,2026-06-06,Cliente_468,Mouse Inalámbrico,30.0,3,Completado
14693,2026-05-19,Cliente_474,Teclado Mecánico,80.0,4,Completado
14694,2026-04-27,Cliente_579,Mouse Inalámbrico,,0,Pendiente
14695,2026-08-14,Cliente_507,Silla Ergonómica,250.0,1,Completado
14696,2026-01-13,Cliente_375,Mouse Inalámbrico,30.0,0,Completado
14697,2026-08-30,Cliente_543,Monitor 4K,350.0,0,Cancelado
14698,2026-05-15,Cliente_378,Auriculares Noise-Canceling,150.0,3,Pendiente
14699,2026-04-26,Cliente_553,Teclado Mecánico,80.0,1,Completado
14700,2026-02-04,Cliente_575,Monitor 4K,350.0,-1,Cancelado
14701,2026-01-01,Cliente_570,Silla Ergonómica,250.0,2,Cancelado
14702,2026-06-28,Cliente_133,Mouse Inalámbrico,30.0,2,Completado
14703,2026-02-09,Cliente_157,Mouse Inalámbrico,30.0,3,Cancelado
14704,2026-07-04,Cliente_317,Teclado Mecánico,80.0,2,Completado
14705,2026-05-22,Cliente_310,Mouse Inalámbrico,30.0,-1,Completado
14706,2026-09-05,Cliente_132,Silla Ergonómica,250.0,0,Pendiente
14707,2026-01-08,Cliente_366,Laptop Pro 15,1200.0,1,Completado
14708,2026-06-12,Cliente_331,Laptop Pro 15,1200.0,0,Completado
14709,2026-02-15,Cliente_446,Monitor 4K,350.0,5,Pendiente
14710,2026-03-18,Cliente_246,Laptop Pro 15,1200.0,4,Completado
14711,2026-02-03,Cliente_154,Mouse Inalámbrico,30.0,-1,Completado
14712,2026-05-23,Cliente_196,Auriculares Noise-Canceling,150.0,2,Cancelado
14713,2026-08-14,  Cliente_457  ,Laptop Pro 15,1200.0,2,Cancelado
14714,2026-04-21,Cliente_282,Auriculares Noise-Canceling,150.0,2,Completado
14715,2026-05-22,Cliente_538,Laptop Pro 15,1200.0,-1,Completado
14716,2026-06-30,Cliente_368,Teclado Mecánico,80.0,0,Pendiente
14717,2026-03-11,Cliente_415,Auriculares Noise-Canceling,150.0,1,Cancelado
14718,2026-02-10,Cliente_556,Auriculares Noise-Canceling,150.0,0,Cancelado
14719,2026-03-04,Cliente_123,Teclado Mecánico,80.0,-1,Completado
14720,2026-08-20,Cliente_544,Silla Ergonómica,250.0,3,Completado
14721,2026-08-30,Cliente_322,Monitor 4K,350.0,-1,Pendiente
14722,2026-05-04,Cliente_484,Teclado Mecánico,80.0,2,Completado
14723,2026-02-17,Cliente_274,Mouse Inalámbrico,30.0,4,Cancelado
14724,2026-01-02,Cliente_177,Mouse Inalámbrico,30.0,-1,Pendiente
14725,2026-01-21,Cliente_597,Mouse Inalámbrico,30.0,5,Completado
14726,2026-03-10,Cliente_214,Mouse Inalámbrico,30.0,3,Completado
14727,2026-04-19,Cliente_557,Silla Ergonómica,250.0,2,Completado
14728,2026-03-07,Cliente_129,Mouse Inalámbrico,30.0,4,Completado
14729,2026-08-30,Cliente_132,Auriculares Noise-Canceling,150.0,3,Pendiente
14730,2026-05-21,Cliente_188,Monitor 4K,350.0,4,Pendiente
14731,2026-07-15,Cliente_122,Laptop Pro 15,1200.0,0,Completado
14732,2026-06-04,Cliente_367,Teclado Mecánico,80.0,1,Completado
14733,2026-01-27,Cliente_251,Auriculares Noise-Canceling,150.0,2,Pendiente
14734,2026-04-18,Cliente_399,Auriculares Noise-Canceling,150.0,-1,Completado
14735,2026-08-04,Cliente_301,Mouse Inalámbrico,30.0,2,Completado
14736,2026-05-12,Cliente_243,Mouse Inalámbrico,30.0,1,Completado
14737,2026-02-17,Cliente_207,Silla Ergonómica,250.0,2,Cancelado
14738,2026-03-26,Cliente_409,Laptop Pro 15,1200.0,0,Pendiente
14739,2026-08-17,Cliente_317,Silla Ergonómica,250.0,-1,Cancelado
14740,2026-08-04,Cliente_447,Teclado Mecánico,80.0,3,Completado
14741,2026-05-23,Cliente_426,Mouse Inalámbrico,30.0,2,Completado
14742,2026-09-02,  Cliente_541  ,Laptop Pro 15,1200.0,4,Cancelado
14743,2026-05-08,Cliente_359,Laptop Pro 15,1200.0,0,Pendiente
14744,2026-06-09,Cliente_382,Monitor 4K,350.0,0,Cancelado
14745,2026-04-04,  Cliente_160  ,Laptop Pro 15,1200.0,4,Completado
14746,28/04/2026,Cliente_307,Mouse Inalámbrico,30.0,5,Pendiente
14747,2026-08-26,Cliente_264,Mouse Inalámbrico,30.0,5,Cancelado
14748,2026-05-29,Cliente_570,Mouse Inalámbrico,30.0,1,Completado
14749,2026-05-26,Cliente_414,Teclado Mecánico,80.0,1,Completado
14750,2026-06-26,Cliente_223,Laptop Pro 15,1200.0,1,Completado
14751,2026-05-12,Cliente_254,Auriculares Noise-Canceling,150.0,-1,Completado
14752,2026-06-26,Cliente_183,Laptop Pro 15,1200.0,3,Completado
14753,2026-06-21,Cliente_558,Monitor 4K,350.0,-1,Cancelado
14754,2026-01-25,Cliente_261,Monitor 4K,350.0,-1,Cancelado
14755,2026-04-06,Cliente_565,Silla Ergonómica,250.0,-1,Completado
14756,2026-07-26,Cliente_505,Teclado Mecánico,80.0,5,Pendiente
14757,21/02/2026,Cliente_338,Silla Ergonómica,250.0,3,Cancelado
14758,2026-04-03,Cliente_474,Monitor 4K,350.0,-1,Completado
14759,2026-03-14,Cliente_478,Monitor 4K,350.0,-1,Completado
14760,2026-04-22,Cliente_496,Laptop Pro 15,1200.0,0,Completado
14761,2026-07-30,Cliente_146,Auriculares Noise-Canceling,150.0,0,Completado
14762,2026-05-27,Cliente_345,Teclado Mecánico,80.0,4,Cancelado
14763,2026-06-05,Cliente_345,Laptop Pro 15,1200.0,1,Completado
14764,2026-03-25,Cliente_179,Monitor 4K,350.0,4,Completado
14765,2026-07-20,  Cliente_595  ,Laptop Pro 15,1200.0,3,Completado
14766,2026-07-01,Cliente_358,Silla Ergonómica,250.0,0,Completado
14767,2026-06-27,Cliente_322,Monitor 4K,350.0,5,Pendiente
14768,2026-03-16,Cliente_223,Mouse Inalámbrico,30.0,-1,Completado
14769,2026-08-15,Cliente_145,Laptop Pro 15,1200.0,5,Completado
14770,2026-06-01,  Cliente_249  ,Auriculares Noise-Canceling,150.0,0,Cancelado
14771,2026-05-23,Cliente_126,Laptop Pro 15,1200.0,3,Cancelado
14772,2026-07-27,Cliente_255,Silla Ergonómica,250.0,2,Completado
14773,01/06/2026,Cliente_545,Laptop Pro 15,1200.0,-1,Completado
14774,2026-05-24,Cliente_594,Laptop Pro 15,1200.0,0,Completado
14775,2026-08-14,Cliente_321,Laptop Pro 15,1200.0,0,Pendiente
14776,2026-08-14,Cliente_465,Mouse Inalámbrico,30.0,1,Completado
14777,2026-05-21,Cliente_454,Mouse Inalámbrico,30.0,5,Completado
14778,16/03/2026,Cliente_346,Auriculares Noise-Canceling,150.0,3,Completado
14779,2026-07-15,Cliente_112,Laptop Pro 15,1200.0,0,Completado
14780,2026-01-08,Cliente_321,Teclado Mecánico,80.0,1,Completado
14781,2026-01-15,Cliente_277,Teclado Mecánico,80.0,2,Pendiente
14782,2026-08-09,Cliente_463,Mouse Inalámbrico,30.0,4,Completado
14783,2026-01-31,Cliente_207,Monitor 4K,350.0,2,Completado
14784,2026-01-24,Cliente_140,Silla Ergonómica,250.0,4,Completado
14785,06/09/2026,Cliente_534,Teclado Mecánico,80.0,4,Completado
14786,2026-04-19,Cliente_131,Auriculares Noise-Canceling,150.0,5,Pendiente
14787,2026-08-22,Cliente_307,Laptop Pro 15,,3,Pendiente
14788,2026-07-16,Cliente_171,Mouse Inalámbrico,30.0,0,Pendiente
14789,2026-05-14,Cliente_263,Laptop Pro 15,,-1,Completado
14790,2026-05-24,Cliente_125,Auriculares Noise-Canceling,150.0,-1,Completado
14791,2026-07-12,Cliente_510,Monitor 4K,350.0,0,Cancelado
14792,2026-05-22,Cliente_370,Mouse Inalámbrico,30.0,4,Completado
14793,2026-05-28,Cliente_531,Monitor 4K,350.0,3,Completado
14794,2026-06-27,Cliente_530,Auriculares Noise-Canceling,150.0,1,Completado
14795,2026-08-11,Cliente_262,Auriculares Noise-Canceling,150.0,4,Cancelado
14796,2026-02-24,Cliente_594,Laptop Pro 15,1200.0,2,Cancelado
14797,2026-05-24,Cliente_378,Monitor 4K,350.0,0,Cancelado
14798,2026-06-12,Cliente_531,Silla Ergonómica,250.0,2,Completado
14799,2026-03-07,Cliente_311,Auriculares Noise-Canceling,,1,Cancelado
14800,2026-07-08,Cliente_321,Teclado Mecánico,80.0,5,Completado
14801,2026-01-10,Cliente_167,Laptop Pro 15,1200.0,2,Completado
14802,13/04/2026,Cliente_347,Mouse Inalámbrico,30.0,0,Completado
14803,2026-07-11,Cliente_157,Teclado Mecánico,80.0,-1,Completado
14804,2026-03-21,Cliente_462,Laptop Pro 15,1200.0,0,Pendiente
14805,2026-03-20,Cliente_153,Laptop Pro 15,1200.0,3,Completado
14806,2026-02-12,  Cliente_412  ,Monitor 4K,350.0,-1,Completado
14807,2026-09-06,Cliente_295,Teclado Mecánico,80.0,4,Completado
14808,2026-05-10,Cliente_295,Monitor 4K,350.0,3,Completado
14809,2026-03-16,Cliente_202,Mouse Inalámbrico,30.0,1,Completado
14810,2026-05-26,Cliente_534,Silla Ergonómica,250.0,1,Pendiente
14811,2026-01-23,Cliente_536,Mouse Inalámbrico,,0,Pendiente
14812,2026-09-02,Cliente_177,Silla Ergonómica,250.0,0,Cancelado
14813,2026-02-02,Cliente_452,Mouse Inalámbrico,30.0,2,Pendiente
14814,2026-03-01,Cliente_372,Silla Ergonómica,250.0,0,Completado
14815,2026-09-08,Cliente_111,Auriculares Noise-Canceling,150.0,4,Completado
14816,2026-04-15,Cliente_144,Teclado Mecánico,,4,Completado
14817,2026-06-27,Cliente_512,Laptop Pro 15,1200.0,-1,Completado
14818,2026-03-11,Cliente_388,Monitor 4K,350.0,3,Pendiente
14819,2026-05-05,Cliente_515,Mouse Inalámbrico,30.0,4,Completado
14820,2026-03-20,Cliente_164,Silla Ergonómica,250.0,1,Cancelado
14821,2026-05-28,Cliente_320,Teclado Mecánico,80.0,3,Completado
14822,2026-06-28,Cliente_532,Laptop Pro 15,1200.0,5,Completado
14823,05/09/2026,Cliente_104,Mouse Inalámbrico,30.0,1,Pendiente
14824,2026-04-25,Cliente_432,Silla Ergonómica,250.0,4,Completado
14825,2026-03-23,Cliente_485,Mouse Inalámbrico,30.0,5,Completado
14826,2026-05-22,Cliente_209,Teclado Mecánico,80.0,5,Completado
14827,2026-07-03,Cliente_350,Mouse Inalámbrico,30.0,4,Completado
14828,2026-08-31,Cliente_595,Laptop Pro 15,1200.0,-1,Cancelado
14829,2026-01-20,Cliente_588,Teclado Mecánico,80.0,1,Completado
14830,2026-08-29,Cliente_585,Laptop Pro 15,1200.0,5,Cancelado
14831,2026-06-30,Cliente_421,Teclado Mecánico,80.0,5,Completado
14832,2026-07-28,Cliente_555,Teclado Mecánico,80.0,5,Completado
14833,2026-05-01,Cliente_515,Silla Ergonómica,250.0,0,Pendiente
14834,2026-01-13,Cliente_207,Silla Ergonómica,250.0,3,Pendiente
14835,2026-05-01,Cliente_465,Teclado Mecánico,80.0,4,Completado
14836,2026-01-17,Cliente_474,Teclado Mecánico,80.0,0,Pendiente
14837,2026-01-19,Cliente_243,Laptop Pro 15,1200.0,3,Completado
14838,2026-01-31,Cliente_314,Mouse Inalámbrico,30.0,-1,Pendiente
14839,2026-01-27,Cliente_596,Teclado Mecánico,80.0,4,Cancelado
14840,2026-03-19,Cliente_510,Monitor 4K,350.0,3,Completado
14841,2026-05-13,Cliente_444,Mouse Inalámbrico,30.0,4,Completado
14842,2026-05-04,Cliente_443,Silla Ergonómica,250.0,2,Cancelado
14843,2026-01-15,Cliente_103,Silla Ergonómica,250.0,4,Cancelado
14844,2026-08-27,Cliente_272,Laptop Pro 15,1200.0,1,Completado
14845,2026-09-06,Cliente_382,Silla Ergonómica,250.0,3,Completado
14846,2026-06-20,  Cliente_310  ,Mouse Inalámbrico,30.0,3,Completado
14847,2026-02-22,Cliente_532,Monitor 4K,350.0,1,Completado
14848,2026-03-20,Cliente_310,Auriculares Noise-Canceling,150.0,1,Cancelado
14849,2026-01-04,Cliente_525,Monitor 4K,350.0,5,Pendiente
14850,25/04/2026,Cliente_111,Laptop Pro 15,1200.0,4,Completado
14851,2026-07-12,Cliente_363,Mouse Inalámbrico,30.0,-1,Pendiente
14852,2026-07-23,Cliente_531,Auriculares Noise-Canceling,150.0,-1,Completado
14853,2026-03-11,Cliente_359,Auriculares Noise-Canceling,150.0,3,Pendiente
14854,2026-08-28,Cliente_310,Mouse Inalámbrico,30.0,3,Cancelado
14855,2026-06-22,Cliente_247,Mouse Inalámbrico,30.0,5,Completado
14856,2026-04-03,Cliente_303,Mouse Inalámbrico,30.0,0,Completado
14857,2026-03-11,Cliente_401,Auriculares Noise-Canceling,150.0,3,Cancelado
14858,2026-03-27,  Cliente_258  ,Teclado Mecánico,,5,Completado
14859,2026-01-15,Cliente_216,Laptop Pro 15,1200.0,0,Pendiente
14860,2026-08-26,Cliente_588,Silla Ergonómica,250.0,1,Pendiente
14861,2026-01-09,Cliente_489,Monitor 4K,350.0,3,Pendiente
14862,2026-03-27,Cliente_217,Teclado Mecánico,80.0,-1,Cancelado
14863,2026-07-10,Cliente_305,Teclado Mecánico,80.0,0,Completado
14864,2026-06-12,Cliente_490,Monitor 4K,350.0,3,Completado
14865,2026-02-23,Cliente_551,Laptop Pro 15,1200.0,1,Pendiente
14866,2026-03-01,Cliente_323,Auriculares Noise-Canceling,150.0,0,Completado
14867,2026-07-17,Cliente_182,Monitor 4K,350.0,1,Cancelado
14868,2026-02-26,Cliente_517,Monitor 4K,350.0,5,Completado
14869,2026-03-01,Cliente_119,Monitor 4K,350.0,3,Pendiente
14870,2026-05-30,  Cliente_455  ,Silla Ergonómica,250.0,-1,Completado
14871,2026-01-03,Cliente_329,Teclado Mecánico,80.0,-1,Completado
14872,2026-06-10,Cliente_424,Monitor 4K,350.0,0,Cancelado
14873,2026-09-05,Cliente_493,Monitor 4K,350.0,1,Completado
14874,2026-03-10,Cliente_107,Silla Ergonómica,250.0,3,Pendiente
14875,2026-04-06,Cliente_421,Laptop Pro 15,1200.0,5,Completado
14876,2026-01-05,Cliente_377,Mouse Inalámbrico,30.0,3,Pendiente
14877,2026-07-06,Cliente_255,Teclado Mecánico,80.0,4,Completado
14878,2026-02-26,Cliente_506,Laptop Pro 15,1200.0,4,Completado
14879,2026-06-11,Cliente_175,Mouse Inalámbrico,30.0,1,Completado
14880,2026-04-03,Cliente_372,Silla Ergonómica,250.0,3,Completado
14881,2026-06-12,Cliente_210,Silla Ergonómica,250.0,3,Completado
14882,2026-08-22,Cliente_340,Monitor 4K,350.0,3,Cancelado
14883,2026-03-02,Cliente_112,Monitor 4K,350.0,-1,Cancelado
14884,2026-09-04,Cliente_316,Auriculares Noise-Canceling,150.0,3,Completado
14885,2026-01-03,  Cliente_270  ,Laptop Pro 15,1200.0,4,Pendiente
14886,2026-01-10,Cliente_493,Silla Ergonómica,250.0,2,Pendiente
14887,2026-08-11,Cliente_148,Monitor 4K,350.0,2,Cancelado
14888,2026-05-30,Cliente_387,Auriculares Noise-Canceling,150.0,2,Cancelado
14889,2026-02-17,Cliente_272,Laptop Pro 15,1200.0,-1,Pendiente
14890,2026-07-14,Cliente_390,Mouse Inalámbrico,30.0,-1,Pendiente
14891,2026-06-02,Cliente_217,Teclado Mecánico,80.0,4,Cancelado
14892,2026-05-25,  Cliente_385  ,Teclado Mecánico,80.0,1,Completado
14893,2026-02-20,Cliente_289,Mouse Inalámbrico,30.0,5,Completado
14894,2026-08-07,  Cliente_479  ,Auriculares Noise-Canceling,150.0,-1,Completado
14895,2026-06-21,Cliente_295,Silla Ergonómica,250.0,2,Completado
14896,2026-07-04,Cliente_205,Teclado Mecánico,80.0,4,Completado
14897,2026-04-26,Cliente_359,Monitor 4K,350.0,0,Completado
14898,2026-07-24,Cliente_103,Auriculares Noise-Canceling,150.0,2,Completado
14899,2026-04-12,Cliente_321,Laptop Pro 15,1200.0,1,Completado
14900,2026-03-21,Cliente_312,Silla Ergonómica,250.0,5,Pendiente
14901,2026-05-01,Cliente_441,Auriculares Noise-Canceling,150.0,4,Cancelado
14902,2026-07-23,  Cliente_321  ,Teclado Mecánico,80.0,1,Cancelado
14903,2026-04-17,Cliente_571,Silla Ergonómica,,0,Completado
14904,2026-07-12,  Cliente_280  ,Silla Ergonómica,250.0,-1,Completado
14905,2026-03-18,Cliente_528,Silla Ergonómica,250.0,2,Pendiente
14906,2026-05-21,Cliente_494,Monitor 4K,350.0,0,Completado
14907,2026-04-10,  Cliente_270  ,Monitor 4K,350.0,3,Completado
14908,2026-07-09,Cliente_256,Auriculares Noise-Canceling,150.0,3,Completado
14909,2026-09-08,Cliente_222,Auriculares Noise-Canceling,150.0,5,Completado
14910,2026-03-23,Cliente_361,Teclado Mecánico,80.0,3,Cancelado
14911,03/03/2026,Cliente_177,Laptop Pro 15,1200.0,4,Cancelado
14912,2026-07-25,Cliente_302,Silla Ergonómica,250.0,4,Completado
14913,2026-04-02,Cliente_219,Teclado Mecánico,80.0,1,Pendiente
14914,2026-06-25,Cliente_153,Auriculares Noise-Canceling,150.0,-1,Completado
14915,2026-01-12,  Cliente_380  ,Monitor 4K,350.0,-1,Completado
14916,2026-03-18,Cliente_564,Mouse Inalámbrico,30.0,2,Completado
14917,2026-04-21,Cliente_336,Monitor 4K,350.0,1,Cancelado
14918,2026-02-15,Cliente_196,Laptop Pro 15,1200.0,-1,Completado
14919,2026-06-24,Cliente_518,Laptop Pro 15,1200.0,0,Completado
14920,2026-08-26,Cliente_465,Teclado Mecánico,80.0,2,Cancelado
14921,2026-03-22,Cliente_163,Silla Ergonómica,250.0,5,Completado
14922,2026-07-02,Cliente_313,Monitor 4K,350.0,0,Pendiente
14923,11/07/2026,Cliente_262,Laptop Pro 15,1200.0,0,Completado
14924,2026-07-22,Cliente_199,Monitor 4K,350.0,5,Completado
14925,2026-08-08,Cliente_282,Laptop Pro 15,1200.0,5,Cancelado
14926,2026-08-23,  Cliente_483  ,Laptop Pro 15,1200.0,3,Completado
14927,2026-02-18,Cliente_160,Auriculares Noise-Canceling,150.0,3,Completado
14928,2026-06-21,Cliente_149,Laptop Pro 15,1200.0,1,Cancelado
14929,2026-01-21,Cliente_325,Monitor 4K,350.0,3,Pendiente
14930,2026-06-06,  Cliente_260  ,Laptop Pro 15,1200.0,3,Cancelado
14931,2026-08-06,Cliente_591,Monitor 4K,350.0,5,Completado
14932,2026-01-22,Cliente_317,Laptop Pro 15,1200.0,4,Cancelado
14933,2026-03-13,  Cliente_200  ,Monitor 4K,350.0,0,Completado
14934,2026-07-26,Cliente_496,Monitor 4K,350.0,5,Completado
14935,2026-05-01,  Cliente_576  ,Monitor 4K,350.0,4,Cancelado
14936,19/05/2026,Cliente_231,Auriculares Noise-Canceling,150.0,0,Pendiente
14937,2026-09-07,Cliente_504,Laptop Pro 15,1200.0,0,Completado
14938,2026-08-01,Cliente_404,Silla Ergonómica,250.0,-1,Completado
14939,2026-01-31,  Cliente_157  ,Mouse Inalámbrico,30.0,4,Completado
14940,2026-07-06,Cliente_442,Silla Ergonómica,250.0,-1,Completado
14941,2026-01-16,Cliente_201,Silla Ergonómica,250.0,3,Completado
14942,2026-07-04,Cliente_398,Auriculares Noise-Canceling,150.0,3,Completado
14943,2026-07-28,Cliente_246,Mouse Inalámbrico,30.0,0,Cancelado
14944,2026-08-05,Cliente_410,Mouse Inalámbrico,30.0,4,Completado
14945,2026-04-14,Cliente_491,Auriculares Noise-Canceling,150.0,4,Completado
14946,2026-02-06,Cliente_134,Teclado Mecánico,80.0,1,Completado
14947,2026-07-18,Cliente_241,Mouse Inalámbrico,,-1,Cancelado
14948,03/08/2026,Cliente_309,Laptop Pro 15,1200.0,4,Cancelado
14949,07/03/2026,Cliente_153,Silla Ergonómica,250.0,3,Cancelado
14950,2026-05-25,Cliente_244,Monitor 4K,350.0,3,Completado
14951,2026-03-27,Cliente_479,Mouse Inalámbrico,,4,Cancelado
14952,2026-03-09,Cliente_334,Laptop Pro 15,1200.0,0,Pendiente
14953,2026-08-23,Cliente_380,Auriculares Noise-Canceling,150.0,4,Cancelado
14954,2026-01-21,Cliente_241,Silla Ergonómica,250.0,1,Cancelado
14955,2026-08-09,Cliente_577,Silla Ergonómica,,3,Pendiente
14956,2026-06-10,Cliente_490,Mouse Inalámbrico,30.0,5,Pendiente
14957,2026-07-26,  Cliente_408  ,Mouse Inalámbrico,30.0,3,Completado
14958,2026-02-05,Cliente_354,Laptop Pro 15,1200.0,5,Pendiente
14959,2026-08-16,Cliente_293,Laptop Pro 15,1200.0,1,Cancelado
14960,2026-02-03,Cliente_299,Laptop Pro 15,1200.0,5,Pendiente
14961,2026-07-16,Cliente_171,Mouse Inalámbrico,30.0,5,Pendiente
14962,2026-02-02,Cliente_368,Mouse Inalámbrico,,0,Pendiente
14963,2026-04-16,Cliente_446,Auriculares Noise-Canceling,150.0,4,Completado
14964,2026-07-10,Cliente_355,Laptop Pro 15,1200.0,2,Completado
14965,2026-09-01,Cliente_355,Laptop Pro 15,1200.0,1,Completado
14966,2026-09-04,Cliente_192,Silla Ergonómica,250.0,1,Completado
14967,2026-05-14,Cliente_101,Teclado Mecánico,80.0,2,Cancelado
14968,2026-02-16,Cliente_332,Auriculares Noise-Canceling,150.0,2,Completado
14969,2026-07-07,Cliente_565,Teclado Mecánico,80.0,-1,Completado
14970,2026-03-11,Cliente_364,Monitor 4K,350.0,0,Pendiente
14971,2026-06-19,Cliente_248,Laptop Pro 15,1200.0,5,Completado
14972,2026-01-22,Cliente_410,Monitor 4K,350.0,4,Cancelado
14973,2026-07-22,Cliente_156,Teclado Mecánico,80.0,4,Completado
14974,2026-07-22,Cliente_575,Teclado Mecánico,80.0,5,Completado
14975,2026-08-04,Cliente_449,Teclado Mecánico,80.0,5,Pendiente
14976,2026-01-12,Cliente_256,Auriculares Noise-Canceling,150.0,0,Completado
14977,2026-02-25,Cliente_148,Laptop Pro 15,1200.0,3,Cancelado
14978,17/06/2026,  Cliente_156  ,Silla Ergonómica,250.0,3,Completado
14979,2026-09-07,Cliente_184,Silla Ergonómica,250.0,0,Pendiente
14980,2026-02-25,Cliente_516,Auriculares Noise-Canceling,150.0,5,Completado
14981,2026-03-30,Cliente_546,Auriculares Noise-Canceling,150.0,1,Pendiente
14982,2026-05-17,Cliente_587,Monitor 4K,350.0,1,Pendiente
14983,2026-02-02,Cliente_196,Silla Ergonómica,250.0,1,Completado
14984,2026-05-23,Cliente_448,Teclado Mecánico,80.0,2,Cancelado
14985,2026-02-28,Cliente_288,Laptop Pro 15,1200.0,0,Cancelado
14986,2026-04-23,Cliente_235,Monitor 4K,350.0,2,Pendiente
14987,2026-05-19,  Cliente_166  ,Mouse Inalámbrico,30.0,4,Pendiente
14988,2026-01-21,Cliente_329,Teclado Mecánico,80.0,4,Completado
14989,2026-08-04,Cliente_451,Laptop Pro 15,1200.0,1,Pendiente
14990,2026-07-12,Cliente_498,Auriculares Noise-Canceling,150.0,0,Pendiente
14991,2026-03-17,  Cliente_531  ,Monitor 4K,350.0,4,Completado
14992,2026-07-29,Cliente_426,Teclado Mecánico,80.0,1,Pendiente
14993,2026-07-21,Cliente_403,Laptop Pro 15,1200.0,1,Pendiente
14994,2026-02-22,Cliente_577,Teclado Mecánico,80.0,2,Cancelado
14995,2026-08-06,Cliente_450,Auriculares Noise-Canceling,150.0,-1,Completado
14996,2026-02-12,Cliente_331,Monitor 4K,350.0,5,Cancelado
14997,2026-02-22,Cliente_483,Mouse Inalámbrico,,-1,Completado
14998,2026-07-09,Cliente_287,Monitor 4K,350.0,3,Completado
14999,2026-05-15,  Cliente_372  ,Auriculares Noise-Canceling,150.0,4,Pendiente
15000,2026-08-14,Cliente_515,Auriculares Noise-Canceling,150.0,4,Completado
11502,2026-01-15,  Cliente_430  ,Auriculares Noise-Canceling,150.0,4,Completado
12587,2026-07-09,Cliente_210,Monitor 4K,350.0,3,Completado
12654,2026-03-05,Cliente_237,Teclado Mecánico,80.0,2,Completado
11056,2026-07-04,Cliente_594,Silla Ergonómica,250.0,4,Completado
10706,2026-05-24,Cliente_229,Auriculares Noise-Canceling,150.0,5,Completado
10107,2026-05-03,Cliente_542,Mouse Inalámbrico,30.0,-1,Completado
10590,2026-08-26,Cliente_124,Monitor 4K,350.0,-1,Cancelado
12469,2026-04-25,  Cliente_371  ,Monitor 4K,350.0,3,Completado
12414,2026-07-14,Cliente_478,Laptop Pro 15,1200.0,4,Completado
11601,2026-04-07,Cliente_589,Teclado Mecánico,80.0,-1,Completado
12465,2026-07-10,  Cliente_582  ,Mouse Inalámbrico,30.0,2,Completado
10229,07/06/2026,Cliente_330,Silla Ergonómica,250.0,5,Completado
10916,2026-06-15,  Cliente_591  ,Teclado Mecánico,80.0,2,Cancelado
10795,2026-04-20,Cliente_179,Silla Ergonómica,250.0,2,Cancelado
13022,2026-03-11,Cliente_123,Monitor 4K,350.0,5,Completado
13544,08/08/2026,Cliente_226,Mouse Inalámbrico,30.0,-1,Completado
11074,2026-06-16,Cliente_526,Monitor 4K,350.0,4,Cancelado
13352,2026-01-25,Cliente_263,Silla Ergonómica,250.0,1,Completado
11745,2026-05-09,Cliente_153,Laptop Pro 15,1200.0,5,Pendiente
11085,2026-06-25,Cliente_304,Mouse Inalámbrico,30.0,1,Pendiente
10927,2026-04-20,  Cliente_204  ,Auriculares Noise-Canceling,150.0,0,Pendiente
13050,2026-01-06,Cliente_459,Teclado Mecánico,80.0,5,Pendiente
11118,2026-03-08,Cliente_410,Monitor 4K,350.0,-1,Completado
10643,2026-06-01,Cliente_494,Silla Ergonómica,250.0,3,Completado
14768,2026-03-16,Cliente_223,Mouse Inalámbrico,30.0,-1,Completado
10502,2026-08-25,Cliente_470,Monitor 4K,350.0,2,Completado
14067,2026-05-01,Cliente_511,Laptop Pro 15,1200.0,-1,Cancelado
10334,2026-08-23,Cliente_338,Monitor 4K,350.0,4,Pendiente
14685,2026-06-27,Cliente_510,Silla Ergonómica,250.0,4,Cancelado
10487,2026-04-12,Cliente_440,Teclado Mecánico,80.0,1,Completado
11963,2026-05-10,Cliente_598,Auriculares Noise-Canceling,150.0,-1,Cancelado
10394,2026-03-25,Cliente_288,Auriculares Noise-Canceling,150.0,5,Completado
14843,2026-01-15,Cliente_103,Silla Ergonómica,250.0,4,Cancelado
14867,2026-07-17,Cliente_182,Monitor 4K,350.0,1,Cancelado
11756,2026-06-01,Cliente_351,Laptop Pro 15,1200.0,0,Completado
12516,2026-07-20,Cliente_352,Monitor 4K,350.0,1,Cancelado
13586,2026-05-27,Cliente_131,Mouse Inalámbrico,30.0,-1,Pendiente
14316,2026-03-28,  Cliente_213  ,Silla Ergonómica,250.0,3,Cancelado
14967,2026-05-14,Cliente_101,Teclado Mecánico,80.0,2,Cancelado
12100,2026-08-21,Cliente_546,Laptop Pro 15,1200.0,4,Completado
13600,2026-07-30,Cliente_571,Auriculares Noise-Canceling,150.0,2,Pendiente
14122,2026-01-01,Cliente_207,Teclado Mecánico,80.0,5,Cancelado
10030,2026-06-22,Cliente_128,Teclado Mecánico,80.0,2,Completado
10066,2026-09-03,Cliente_562,Mouse Inalámbrico,30.0,3,Completado
10839,2026-08-26,Cliente_312,Auriculares Noise-Canceling,150.0,2,Cancelado
13907,2026-04-02,Cliente_206,Monitor 4K,350.0,3,Completado
13774,2026-02-28,Cliente_172,Laptop Pro 15,1200.0,5,Completado
14636,2026-01-28,Cliente_448,Laptop Pro 15,1200.0,-1,Completado
13162,2026-01-11,Cliente_597,Mouse Inalámbrico,30.0,1,Completado
12660,2026-01-22,Cliente_510,Laptop Pro 15,1200.0,3,Cancelado
14616,2026-07-06,Cliente_123,Monitor 4K,350.0,1,Completado
14629,2026-02-24,Cliente_309,Teclado Mecánico,80.0,-1,Pendiente
12452,2026-06-02,Cliente_529,Teclado Mecánico,80.0,-1,Completado
12847,2026-05-03,Cliente_398,Mouse Inalámbrico,30.0,0,Cancelado
11145,2026-05-10,Cliente_247,Laptop Pro 15,1200.0,5,Completado
13079,2026-06-14,Cliente_550,Silla Ergonómica,250.0,2,Completado
11104,2026-06-04,  Cliente_588  ,Teclado Mecánico,80.0,4,Pendiente
10169,2026-03-12,Cliente_102,Teclado Mecánico,80.0,5,Completado
11671,2026-08-22,Cliente_205,Silla Ergonómica,250.0,2,Cancelado
12571,2026-06-12,  Cliente_205  ,Laptop Pro 15,1200.0,2,Cancelado
12378,2026-05-22,Cliente_586,Monitor 4K,350.0,2,Completado
14396,2026-06-12,  Cliente_106  ,Mouse Inalámbrico,30.0,5,Completado
14258,2026-07-21,Cliente_399,Auriculares Noise-Canceling,,5,Completado
13863,2026-08-10,Cliente_159,Mouse Inalámbrico,30.0,4,Completado
10024,2026-07-06,Cliente_487,Auriculares Noise-Canceling,150.0,0,Completado
12634,2026-08-30,Cliente_491,Auriculares Noise-Canceling,150.0,2,Completado
13341,2026-03-10,Cliente_504,Silla Ergonómica,250.0,0,Completado
12216,2026-08-03,Cliente_312,Laptop Pro 15,1200.0,0,Completado
13683,2026-04-13,Cliente_382,Teclado Mecánico,80.0,4,Completado
14725,2026-01-21,Cliente_597,Mouse Inalámbrico,30.0,5,Completado
11908,2026-07-29,Cliente_110,Silla Ergonómica,250.0,2,Completado
10085,2026-01-14,  Cliente_377  ,Teclado Mecánico,80.0,2,Completado
10228,05/02/2026,Cliente_175,Laptop Pro 15,1200.0,4,Pendiente
10297,2026-07-03,Cliente_270,Monitor 4K,350.0,-1,Completado
11002,2026-02-05,Cliente_107,Laptop Pro 15,1200.0,1,Completado
12139,2026-07-14,Cliente_328,Mouse Inalámbrico,30.0,3,Completado
10712,2026-05-27,Cliente_414,Monitor 4K,350.0,1,Completado
12802,2026-03-27,Cliente_418,Teclado Mecánico,80.0,2,Completado
12528,2026-01-09,Cliente_509,Monitor 4K,350.0,-1,Completado
13753,2026-01-23,Cliente_436,Monitor 4K,350.0,3,Completado
13322,2026-01-16,Cliente_234,Laptop Pro 15,1200.0,5,Completado
13182,2026-04-15,Cliente_226,Mouse Inalámbrico,30.0,2,Completado
14184,2026-04-08,Cliente_501,Teclado Mecánico,80.0,2,Cancelado
11616,29/04/2026,Cliente_311,Mouse Inalámbrico,30.0,2,Cancelado
13025,2026-04-17,Cliente_379,Silla Ergonómica,250.0,0,Pendiente
11414,2026-07-15,Cliente_485,Mouse Inalámbrico,30.0,4,Pendiente
10764,2026-01-02,Cliente_255,Auriculares Noise-Canceling,,0,Completado
10656,2026-05-03,Cliente_446,Mouse Inalámbrico,30.0,4,Cancelado
14798,2026-06-12,Cliente_531,Silla Ergonómica,250.0,2,Completado
13850,2026-08-08,Cliente_338,Teclado Mecánico,80.0,2,Completado
14154,2026-03-20,Cliente_117,Monitor 4K,350.0,3,Pendiente
10469,2026-02-20,Cliente_167,Laptop Pro 15,1200.0,5,Completado
10158,2026-02-01,  Cliente_375  ,Teclado Mecánico,80.0,2,Completado
11296,2026-04-08,Cliente_330,Laptop Pro 15,1200.0,3,Completado
10498,2026-07-24,Cliente_138,Silla Ergonómica,250.0,0,Completado
14741,2026-05-23,Cliente_426,Mouse Inalámbrico,30.0,2,Completado
12941,2026-02-16,Cliente_272,Auriculares Noise-Canceling,150.0,5,Completado
13457,2026-04-10,Cliente_369,Monitor 4K,350.0,1,Pendiente
10374,2026-09-07,Cliente_434,Mouse Inalámbrico,30.0,5,Completado
10080,2026-02-26,Cliente_560,Auriculares Noise-Canceling,150.0,3,Completado
11554,2026-01-17,Cliente_520,Monitor 4K,350.0,1,Completado
11670,2026-01-27,Cliente_358,Auriculares Noise-Canceling,150.0,1,Pendiente
12132,2026-03-12,Cliente_495,Laptop Pro 15,1200.0,5,Completado
14440,2026-09-01,Cliente_328,Auriculares Noise-Canceling,150.0,5,Cancelado
10466,2026-03-05,Cliente_465,Monitor 4K,350.0,1,Pendiente
10249,2026-06-23,  Cliente_179  ,Teclado Mecánico,80.0,3,Completado
10932,2026-03-14,Cliente_555,Monitor 4K,350.0,4,Pendiente
11336,2026-04-16,Cliente_364,Mouse Inalámbrico,30.0,4,Completado
14525,2026-08-16,Cliente_587,Auriculares Noise-Canceling,150.0,5,Cancelado
11339,2026-06-29,Cliente_539,Mouse Inalámbrico,30.0,2,Pendiente
11407,2026-02-17,Cliente_470,Teclado Mecánico,80.0,-1,Completado
11091,2026-08-02,Cliente_599,Laptop Pro 15,1200.0,0,Completado
14210,2026-06-19,Cliente_374,Monitor 4K,350.0,4,Completado
10743,2026-03-30,Cliente_488,Mouse Inalámbrico,30.0,3,Pendiente
12324,2026-01-17,Cliente_506,Teclado Mecánico,,3,Pendiente
13602,23/08/2026,  Cliente_263  ,Mouse Inalámbrico,30.0,3,Completado
12124,2026-04-20,Cliente_417,Silla Ergonómica,250.0,4,Cancelado
12095,2026-03-27,Cliente_293,Mouse Inalámbrico,30.0,4,Cancelado
10241,2026-03-26,  Cliente_436  ,Teclado Mecánico,80.0,5,Completado
12352,2026-01-24,Cliente_465,Mouse Inalámbrico,,1,Cancelado
11371,2026-04-14,Cliente_195,Laptop Pro 15,1200.0,5,Completado
11058,2026-07-05,Cliente_530,Teclado Mecánico,80.0,-1,Completado
14817,2026-06-27,Cliente_512,Laptop Pro 15,1200.0,-1,Completado
10200,2026-09-03,Cliente_473,Auriculares Noise-Canceling,150.0,5,Completado
12281,2026-08-15,Cliente_164,Teclado Mecánico,80.0,5,Pendiente
14750,2026-06-26,Cliente_223,Laptop Pro 15,1200.0,1,Completado
12221,2026-07-17,Cliente_175,Laptop Pro 15,1200.0,4,Completado
14772,2026-07-27,Cliente_255,Silla Ergonómica,250.0,2,Completado
12820,2026-03-30,Cliente_284,Auriculares Noise-Canceling,150.0,0,Completado
13151,2026-04-13,  Cliente_354  ,Auriculares Noise-Canceling,150.0,5,Cancelado
14257,2026-04-04,Cliente_375,Silla Ergonómica,250.0,0,Completado
13108,2026-05-03,Cliente_477,Teclado Mecánico,80.0,2,Pendiente
11974,2026-07-14,Cliente_242,Silla Ergonómica,250.0,2,Completado
11376,2026-05-20,Cliente_595,Laptop Pro 15,1200.0,3,Completado
13969,2026-07-21,Cliente_426,Monitor 4K,350.0,3,Completado
14063,2026-08-01,Cliente_586,Laptop Pro 15,1200.0,5,Pendiente
14446,2026-08-23,  Cliente_125  ,Teclado Mecánico,80.0,5,Pendiente
13558,2026-07-19,Cliente_472,Monitor 4K,350.0,2,Completado
10965,2026-06-27,Cliente_585,Teclado Mecánico,80.0,1,Completado
10180,2026-01-24,  Cliente_144  ,Silla Ergonómica,250.0,-1,Completado
13699,03/05/2026,  Cliente_310  ,Laptop Pro 15,1200.0,0,Completado
13822,2026-08-24,Cliente_154,Teclado Mecánico,80.0,3,Pendiente
14879,2026-06-11,Cliente_175,Mouse Inalámbrico,30.0,1,Completado
13900,2026-04-28,Cliente_500,Silla Ergonómica,250.0,4,Completado
14488,2026-03-18,Cliente_594,Teclado Mecánico,80.0,5,Pendiente
13239,2026-03-11,Cliente_533,Mouse Inalámbrico,30.0,2,Completado
12975,2026-07-30,Cliente_501,Silla Ergonómica,250.0,5,Completado
13581,2026-01-20,  Cliente_458  ,Teclado Mecánico,80.0,3,Completado
12888,2026-01-14,Cliente_247,Teclado Mecánico,80.0,-1,Completado
12576,2026-07-28,Cliente_513,Teclado Mecánico,80.0,-1,Cancelado
11420,2026-06-01,Cliente_538,Silla Ergonómica,250.0,3,Completado
13908,2026-05-26,Cliente_342,Auriculares Noise-Canceling,150.0,1,Completado
14674,2026-01-22,Cliente_245,Silla Ergonómica,250.0,4,Completado
14903,2026-04-17,Cliente_571,Silla Ergonómica,,0,Completado
11861,2026-06-06,Cliente_171,Mouse Inalámbrico,30.0,-1,Completado
10009,2026-06-15,Cliente_450,Teclado Mecánico,80.0,1,Completado
12895,2026-03-10,Cliente_233,Mouse Inalámbrico,30.0,3,Pendiente
12848,2026-01-25,Cliente_437,Teclado Mecánico,80.0,1,Completado
13665,2026-05-05,Cliente_456,Silla Ergonómica,250.0,5,Completado
10145,2026-03-01,Cliente_174,Auriculares Noise-Canceling,150.0,2,Completado
12105,2026-06-01,Cliente_447,Auriculares Noise-Canceling,150.0,2,Completado
13144,2026-03-07,Cliente_231,Teclado Mecánico,80.0,-1,Pendiente
10842,2026-08-10,Cliente_160,Monitor 4K,350.0,2,Completado
11129,2026-01-16,Cliente_466,Silla Ergonómica,250.0,5,Pendiente
10152,2026-07-16,Cliente_470,Silla Ergonómica,250.0,1,Completado
13592,2026-01-28,Cliente_267,Teclado Mecánico,80.0,2,Completado
11053,2026-06-03,Cliente_452,Teclado Mecánico,80.0,4,Completado
11591,2026-03-20,Cliente_479,Laptop Pro 15,1200.0,4,Completado
13009,2026-05-29,Cliente_407,Teclado Mecánico,80.0,3,Completado
12030,2026-03-28,Cliente_134,Mouse Inalámbrico,30.0,-1,Completado
13419,2026-02-10,Cliente_577,Laptop Pro 15,1200.0,3,Cancelado
11808,2026-03-20,Cliente_284,Teclado Mecánico,80.0,-1,Cancelado
12697,2026-08-05,Cliente_130,Auriculares Noise-Canceling,150.0,3,Pendiente
13040,01/07/2026,Cliente_382,Monitor 4K,350.0,3,Completado
10473,2026-02-24,Cliente_282,Mouse Inalámbrico,,4,Completado
13290,2026-07-17,Cliente_317,Silla Ergonómica,250.0,1,Completado
14075,2026-07-04,Cliente_530,Laptop Pro 15,1200.0,3,Completado
13497,2026-05-12,Cliente_223,Monitor 4K,350.0,4,Cancelado
10280,12/01/2026,Cliente_121,Monitor 4K,350.0,3,Completado
11742,2026-07-16,Cliente_493,Laptop Pro 15,1200.0,1,Completado
14625,2026-01-04,Cliente_503,Silla Ergonómica,250.0,4,Completado
12887,2026-07-18,Cliente_289,Laptop Pro 15,1200.0,1,Completado
11942,2026-03-17,Cliente_439,Laptop Pro 15,1200.0,0,Pendiente
10101,2026-05-21,Cliente_482,Teclado Mecánico,80.0,3,Pendiente
12805,2026-09-01,Cliente_152,Silla Ergonómica,250.0,-1,Completado
13571,2026-07-09,Cliente_402,Auriculares Noise-Canceling,150.0,3,Completado
13685,2026-07-09,Cliente_475,Laptop Pro 15,1200.0,1,Completado
13662,2026-08-31,  Cliente_107  ,Laptop Pro 15,1200.0,2,Completado
10531,2026-03-10,Cliente_206,Monitor 4K,350.0,4,Cancelado
11887,2026-06-10,Cliente_305,Monitor 4K,350.0,1,Completado
10682,2026-07-19,  Cliente_242  ,Silla Ergonómica,,0,Pendiente
13795,2026-08-26,Cliente_148,Laptop Pro 15,1200.0,0,Cancelado
13945,2026-05-14,Cliente_193,Monitor 4K,350.0,3,Cancelado
14667,2026-01-14,Cliente_101,Laptop Pro 15,1200.0,5,Completado
12019,2026-04-08,Cliente_309,Auriculares Noise-Canceling,150.0,4,Completado
11097,2026-08-02,Cliente_193,Laptop Pro 15,1200.0,0,Cancelado
10830,2026-06-30,Cliente_504,Laptop Pro 15,1200.0,4,Cancelado
12806,2026-01-05,  Cliente_452  ,Mouse Inalámbrico,30.0,2,Completado
13830,2026-01-22,Cliente_355,Silla Ergonómica,250.0,2,Completado
14382,2026-02-15,Cliente_136,Auriculares Noise-Canceling,150.0,3,Cancelado
